year,key,province,district_number,winner_party,votes_rk1,share_rk1,share_rk2,share_rk3,share_others,enc,n_candidates,share_rk1_cand,margin12_cand
2569,กระบี่_1,กระบี่,1,ภูมิใจไทย,47972,0.5179834364506063,0.21207605843672056,0.15754807640396057,0.036744301555937074,2.5221449830166596,6,0.5603747357108647,0.33094256310815706
2569,กระบี่_2,กระบี่,2,ภูมิใจไทย,39705,0.5055578899117613,0.2505061308682532,0.0946942205584629,0.06660554897691534,2.559674109365225,7,0.5510985884214471,0.2780268435882132
2569,กระบี่_3,กระบี่,3,ภูมิใจไทย,45246,0.5038249540671454,0.16613774288736707,0.1308835810923668,0.12717554701854017,2.783944594953075,6,0.5429020530111229,0.36387852317586783
2569,กรุงเทพมหานคร_1,กรุงเทพมหานคร,1,ประชาชน,32564,0.41509770679039887,0.17868933957093144,0.17413861234687503,0.16712768805211028,3.6246941654436164,18,0.4439294380674537,0.2528287482618535
2569,กรุงเทพมหานคร_10,กรุงเทพมหานคร,10,ประชาชน,37489,0.4136625950323855,0.19739150584262968,0.09595374446908758,0.2174848555066371,3.7045142589634863,16,0.4474482001336771,0.23393488016805117
2569,กรุงเทพมหานคร_11,กรุงเทพมหานคร,11,ประชาชน,36844,0.3868948860653155,0.24674997374776855,0.20390633203822325,0.1081486926388743,3.519460054182197,18,0.40910958371734085,0.1481917409698087
2569,กรุงเทพมหานคร_12,กรุงเทพมหานคร,12,ประชาชน,44824,0.4453054371690559,0.1453521294668137,0.14025571483920962,0.202187583822609,3.499538526245678,16,0.4772318339100346,0.3214586105935587
2569,กรุงเทพมหานคร_13,กรุงเทพมหานคร,13,ประชาชน,39644,0.4620189730321889,0.1568538330652868,0.11855814278721767,0.19362282357877073,3.2818750554031335,15,0.49623231943922896,0.32776317436475155
2569,กรุงเทพมหานคร_14,กรุงเทพมหานคร,14,ประชาชน,36911,0.4145254031714658,0.2590292439692736,0.11383136426934999,0.15581061048470418,3.432028174769728,16,0.43948991498583095,0.16486081013502252
2569,กรุงเทพมหานคร_15,กรุงเทพมหานคร,15,ประชาชน,35586,0.4051829164152254,0.23456340305373063,0.14026438339007366,0.15239049495030002,3.5217843053988265,15,0.43455855415801686,0.18298937599218465
2569,กรุงเทพมหานคร_16,กรุงเทพมหานคร,16,ประชาชน,41727,0.4568616287472354,0.15464120699848907,0.1544222304946679,0.17290384741717213,3.3319490215191854,15,0.48662926982868204,0.32191213686776216
2569,กรุงเทพมหานคร_17,กรุงเทพมหานคร,17,ประชาชน,27187,0.3619479983491539,0.20330701742707655,0.15700344813813855,0.18470837271843754,4.039578148509223,15,0.39907522935779816,0.1749137614678899
2569,กรุงเทพมหานคร_18,กรุงเทพมหานคร,18,ประชาชน,31027,0.3914584910421398,0.24114307342922028,0.09595003785011355,0.1931869795609387,3.710430008203666,18,0.4246957854825684,0.16307814446254296
2569,กรุงเทพมหานคร_19,กรุงเทพมหานคร,19,ประชาชน,38566,0.4291452924877875,0.1822359709348259,0.1372361378481534,0.18450599218845629,3.5109252096687324,14,0.4599019759829233,0.2646052207925397
2569,กรุงเทพมหานคร_2,กรุงเทพมหานคร,2,ประชาชน,37055,0.43762991307634164,0.17717781557067272,0.1608560090702948,0.15395880574452003,3.4048767986632025,15,0.4707608654224842,0.2801697305400633
2569,กรุงเทพมหานคร_20,กรุงเทพมหานคร,20,ประชาชน,31037,0.3933065527859795,0.32154397881210955,0.08851520028385691,0.1345405699948044,3.267736291216706,14,0.4193452501587559,0.07651358545120451
2569,กรุงเทพมหานคร_21,กรุงเทพมหานคร,21,ประชาชน,41256,0.4689194257851127,0.22374148963980858,0.10991009422488947,0.1410759141178209,3.1051298614339657,15,0.4969225395372367,0.25981956807149825
2569,กรุงเทพมหานคร_22,กรุงเทพมหานคร,22,ประชาชน,39831,0.4566099596478357,0.1907900770359501,0.1013733492296405,0.17850100880410857,3.2712774992971236,14,0.4924216200178024,0.2866679853624765
2569,กรุงเทพมหานคร_23,กรุงเทพมหานคร,23,ประชาชน,44381,0.4667066271268429,0.17490062464508802,0.10749363787410351,0.1887711106904747,3.262049180950963,18,0.497622945305317,0.3111362769941471
2569,กรุงเทพมหานคร_24,กรุงเทพมหานคร,24,ประชาชน,43857,0.47903923453337993,0.15718935686822788,0.13740824886403355,0.1479268612373296,3.046884957538882,13,0.5198113095731945,0.34924322338244185
2569,กรุงเทพมหานคร_25,กรุงเทพมหานคร,25,ประชาชน,33581,0.4080910946918141,0.2502916585650399,0.11785436515652344,0.16302498541707175,3.5217485827267043,14,0.43448052788200286,0.16800362271962738
2569,กรุงเทพมหานคร_26,กรุงเทพมหานคร,26,ประชาชน,40407,0.4524252060193479,0.17512764242207093,0.12053251522751703,0.17984145467574347,3.325636652062604,14,0.4875656108597285,0.29883559577677227
2569,กรุงเทพมหานคร_27,กรุงเทพมหานคร,27,ประชาชน,40639,0.446239156692654,0.2829142417920281,0.07694081475787856,0.13242560667618317,3.0311862815923165,12,0.4754712124580267,0.174023937943864
2569,กรุงเทพมหานคร_28,กรุงเทพมหานคร,28,ประชาชน,37355,0.4839043979532353,0.1317313297493361,0.12402357665651921,0.18264136278256363,3.0993477987798164,13,0.5246709833279493,0.38184193154205937
2569,กรุงเทพมหานคร_29,กรุงเทพมหานคร,29,ประชาชน,42268,0.44120625045667583,0.1666788446884688,0.12618866191375874,0.19278504399745305,3.465956333162385,16,0.4760231547176611,0.296191184089015
2569,กรุงเทพมหานคร_3,กรุงเทพมหานคร,3,ประชาชน,32753,0.41991563994410186,0.23414402748753188,0.12450159617430993,0.15313016833549148,3.4170926948459415,14,0.45070248104470834,0.19939177938930247
2569,กรุงเทพมหานคร_30,กรุงเทพมหานคร,30,ประชาชน,44737,0.4631782745089919,0.1410127656931057,0.11663060246202905,0.20883762825224927,3.3714019109800493,19,0.4982236922699988,0.3465414898711481
2569,กรุงเทพมหานคร_31,กรุงเทพมหานคร,31,ประชาชน,42717,0.4180072804133396,0.14042195083763895,0.13154650070455612,0.2261527321121027,3.681766337580666,16,0.4562758355497164,0.3029982589376315
2569,กรุงเทพมหานคร_32,กรุงเทพมหานคร,32,ประชาชน,36963,0.42037803657537987,0.14143390046401602,0.12441997998362296,0.22421754162496588,3.6739714314156044,16,0.4617258350613336,0.3063806930322033
2569,กรุงเทพมหานคร_33,กรุงเทพมหานคร,33,ประชาชน,39831,0.43903003582254063,0.1562634334527418,0.14651970239735465,0.17848443097271977,3.4471707933287106,14,0.47705224327496587,0.3072556111816418
2569,กรุงเทพมหานคร_4,กรุงเทพมหานคร,4,ประชาชน,30477,0.4076645264847512,0.29127875869448905,0.13029695024077045,0.11161048689138577,3.2631473138100238,13,0.4332935255480679,0.12370269271233188
2569,กรุงเทพมหานคร_5,กรุงเทพมหานคร,5,ประชาชน,43394,0.47068649463625223,0.22900870998882777,0.10389075092469059,0.13652880370527046,3.04928331781808,16,0.5006691895883331,0.2570726416835887
2569,กรุงเทพมหานคร_6,กรุงเทพมหานคร,6,ประชาชน,41394,0.43056407909381206,0.12892790646875876,0.12154276620310175,0.25455850383299183,3.762925233302077,16,0.4602043425572837,0.32240096945979296
2569,กรุงเทพมหานคร_7,กรุงเทพมหานคร,7,ประชาชน,38574,0.4415521978021978,0.13042582417582418,0.12222985347985348,0.227117673992674,3.5390651156301405,13,0.47925751984792575,0.33769428603376944
2569,กรุงเทพมหานคร_8,กรุงเทพมหานคร,8,ประชาชน,39081,0.4194185385118965,0.1601111838504384,0.14161989289432167,0.20391933804827267,3.6452357845988135,16,0.4533916493613467,0.28031137974639486
2569,กรุงเทพมหานคร_9,กรุงเทพมหานคร,9,ประชาชน,47108,0.4808999775413953,0.16606096490332592,0.10913861042487596,0.16941954715286142,3.0463112298533135,14,0.5196002735434913,0.3401755972733891
2569,กาญจนบุรี_1,กาญจนบุรี,1,เพื่อไทย,33177,0.3983406973393526,0.27723081356257806,0.10209153779656133,0.11025597925271348,3.173866312062035,10,0.44862277392397876,0.13639744161832515
2569,กาญจนบุรี_2,กาญจนบุรี,2,ภูมิใจไทย,37773,0.39663355524287547,0.26870655438183844,0.16126593443518072,0.11676502089589852,3.411417892662291,9,0.42044278224863924,0.13560623768657962
2569,กาญจนบุรี_3,กาญจนบุรี,3,ภูมิใจไทย,46896,0.45155264551538205,0.3613981031245487,0.11435174040729863,0.02131818400654759,2.5876497912100977,6,0.4760097037119743,0.0950375054558004
2569,กาญจนบุรี_4,กาญจนบุรี,4,ภูมิใจไทย,49369,0.559460133266851,0.17772313131770998,0.10639816871402022,0.04241648157381805,2.2012592735480587,7,0.6314463317302773,0.4308554179883352
2569,กาญจนบุรี_5,กาญจนบุรี,5,เพื่อไทย,37019,0.43756648778988677,0.30463818822250066,0.15812864944091157,0.030933074868206425,2.801898542713678,7,0.4698617792275375,0.14273928439971062
2569,กาฬสินธุ์_1,กาฬสินธุ์,1,เพื่อไทย,29962,0.3964328715648527,0.23841278662062212,0.19193162121753396,0.1029783405443311,3.416779775160001,11,0.4263839476305678,0.16995873061050235
2569,กาฬสินธุ์_2,กาฬสินธุ์,2,เพื่อไทย,43248,0.5294225660737676,0.21803425185765526,0.09681842108484619,0.08294874462901981,2.539729748662365,10,0.5709759188846641,0.3358285804816223
2569,กาฬสินธุ์_3,กาฬสินธุ์,3,กล้าธรรม,25564,0.33276492717024847,0.18072712599091417,0.17544225036772843,0.25743592413730265,4.512201504063637,12,0.35162235396063435,0.1606536181450559
2569,กาฬสินธุ์_4,กาฬสินธุ์,4,เพื่อไทย,34051,0.4140241233403045,0.2944652497446622,0.1256505033801858,0.11856184037741355,3.2681686733312034,12,0.4345789621461572,0.1254945503739439
2569,กาฬสินธุ์_5,กาฬสินธุ์,5,ภูมิใจไทย,43680,0.525277791139545,0.2514069940834095,0.11013035740054837,0.0694838616576074,2.588491385623039,11,0.5492819597092629,0.2863861572898066
2569,กาฬสินธุ์_6,กาฬสินธุ์,6,เพื่อไทย,54428,0.6463058398841047,0.16466383261690457,0.11129978388391479,0.03393735008430902,1.99856759447899,10,0.6759059185853017,0.5037006681071952
2569,กำแพงเพชร_1,กำแพงเพชร,1,กล้าธรรม,42461,0.4667018388454732,0.3088666864510172,0.04405315395522142,0.07646651498664557,2.531118660077353,6,0.5208213229972892,0.17613796656322445
2569,กำแพงเพชร_2,กำแพงเพชร,2,กล้าธรรม,39701,0.4157521048883676,0.32785992543878023,0.13626272357893854,0.04822393498931848,2.8739898907458663,6,0.44796109493827996,0.09470132918105297
2569,กำแพงเพชร_3,กำแพงเพชร,3,เพื่อไทย,30571,0.38528236732327625,0.3528047689263614,0.11461050827378477,0.07003415378023113,2.9662104848229456,9,0.41754534527972026,0.03519722465034965
2569,กำแพงเพชร_4,กำแพงเพชร,4,เพื่อไทย,35163,0.4213357937116564,0.3100076687116564,0.14606499233128833,0.046503546779141106,2.8882215339618633,8,0.45603454984047936,0.12049645941950043
2569,ขอนแก่น_1,ขอนแก่น,1,ประชาชน,33395,0.3869013138077253,0.2563778761267002,0.17051694974164097,0.09665871121718377,3.3641154773001003,10,0.42495387160399567,0.14336069224406695
2569,ขอนแก่น_10,ขอนแก่น,10,ภูมิใจไทย,36642,0.44330720092915216,0.362357239643825,0.11753532713898568,0.015788327526132403,2.580130710568945,6,0.47211163078350277,0.08620978444332779
2569,ขอนแก่น_11,ขอนแก่น,11,ภูมิใจไทย,47777,0.5913141414391445,0.16667491769598258,0.1387658110349266,0.027723458501448056,2.1532958778593807,7,0.6396192567205741,0.4593284780978901
2569,ขอนแก่น_2,ขอนแก่น,2,ประชาชน,38712,0.387596743995114,0.253641979634951,0.15565145128508065,0.11628302812459325,3.448086137236723,9,0.42445041390274657,0.1466915191053122
2569,ขอนแก่น_3,ขอนแก่น,3,กล้าธรรม,27524,0.3302536536200235,0.32292241606872885,0.23758729092174413,0.0428115475990497,3.2255246268748197,8,0.3537516386911035,0.007852864817623319
2569,ขอนแก่น_4,ขอนแก่น,4,เพื่อไทย,38701,0.41934575084788,0.23453499333615058,0.17009611112917034,0.12365504014562949,3.391098903283276,11,0.44251966703256496,0.19502378338821807
2569,ขอนแก่น_5,ขอนแก่น,5,กล้าธรรม,34658,0.4263920671243326,0.37304692305799564,0.10526315789473684,0.04794419428655791,2.7281678952669006,10,0.4475869461340772,0.05599679723115467
2569,ขอนแก่น_6,ขอนแก่น,6,ภูมิใจไทย,43245,0.5010137287841048,0.22365753345304987,0.16692347795863988,0.03588020622139837,2.611953686152522,8,0.5401911186059584,0.29904440697020795
2569,ขอนแก่น_7,ขอนแก่น,7,เพื่อไทย,32378,0.3645185985769612,0.23485769611816626,0.17630370170224263,0.14621048365306674,3.6172013933346987,8,0.39540336565469064,0.14064675280267688
2569,ขอนแก่น_8,ขอนแก่น,8,กล้าธรรม,32333,0.3547152009829735,0.2893957345971564,0.1892991925574864,0.09638845006143584,3.4895479300757457,9,0.38149682017155734,0.07025120054747325
2569,ขอนแก่น_9,ขอนแก่น,9,เพื่อไทย,40153,0.5277803336005994,0.2525664112304315,0.14248347112869517,0.03371495419235269,2.5200990835755803,8,0.5517568328913196,0.28771659818888873
2569,จันทบุรี_1,จันทบุรี,1,ภูมิใจไทย,31182,0.2965421485088253,0.26689934570906876,0.2140710590383445,0.13512819537431528,3.968239549471617,9,0.32492757851739157,0.032480253423087344
2569,จันทบุรี_2,จันทบุรี,2,ภูมิใจไทย,37377,0.3970447640697699,0.2750111538379825,0.09986402940364146,0.12189551509486074,3.198442112791564,6,0.44421335361650544,0.13653110218440256
2569,จันทบุรี_3,จันทบุรี,3,ภูมิใจไทย,30286,0.31395843051884104,0.26638677240449904,0.20322396724200487,0.11923495568340849,3.8026283011765427,9,0.3477591888757478,0.0526932218764712
2569,ฉะเชิงเทรา_1,ฉะเชิงเทรา,1,เพื่อไทย,36976,0.3512758640345044,0.31734149075639834,0.12509737607113677,0.07894586840455245,3.1364870735995316,6,0.4025343464913236,0.0388861068170437
2569,ฉะเชิงเทรา_2,ฉะเชิงเทรา,2,กล้าธรรม,48727,0.4274148275499105,0.27020104557734814,0.17098522858847057,0.058287428511280305,3.0014272680936744,6,0.4611286186109455,0.16961455109824072
2569,ฉะเชิงเทรา_3,ฉะเชิงเทรา,3,กล้าธรรม,49678,0.5047602597059511,0.207134801207084,0.13749377660817524,0.046840549080970136,2.531892186463161,7,0.5632043171666327,0.3320862526358751
2569,ฉะเชิงเทรา_4,ฉะเชิงเทรา,4,กล้าธรรม,45411,0.38632535347863817,0.29165603253194494,0.16539907780783694,0.0730352372688139,3.1867265625981904,7,0.4215612554655081,0.10330390545947402
2569,ชลบุรี_1,ชลบุรี,1,ภูมิใจไทย,43703,0.44191760875280606,0.403664529698465,0.02822213683337715,0.06092381742067264,2.4271457892110333,9,0.47277664189357305,0.04092428520429689
2569,ชลบุรี_10,ชลบุรี,10,ประชาชน,25552,0.3037998763494555,0.2624245018309792,0.2599633804156561,0.0981357302515813,3.6981988603234157,10,0.3286726779259869,0.044762872541579304
2569,ชลบุรี_2,ชลบุรี,2,ประชาชน,28143,0.35681864286438786,0.3430875342326808,0.17049142915102952,0.06727355715589817,3.188190668685772,9,0.38053707609930226,0.014643842284601655
2569,ชลบุรี_3,ชลบุรี,3,ภูมิใจไทย,39906,0.430741000593664,0.37720330293054133,0.03715257164444924,0.07104538831021642,2.5375979689362715,7,0.4701682454404072,0.058438192186248177
2569,ชลบุรี_4,ชลบุรี,4,ภูมิใจไทย,43072,0.5141697505073415,0.27287811865823086,0.07291393100155187,0.04894353587203056,2.3948552780642087,7,0.5657022025505982,0.26547498653777957
2569,ชลบุรี_5,ชลบุรี,5,ภูมิใจไทย,49881,0.510725219367852,0.23606745369469728,0.07407824546673902,0.09717714274012716,2.598989391096149,10,0.5563164292963653,0.2991758027279926
2569,ชลบุรี_6,ชลบุรี,6,ประชาชน,36759,0.4165420179494153,0.37403680536669387,0.04004623334239869,0.09665941437766296,2.7138329605985203,12,0.44920629101440773,0.045838374210262614
2569,ชลบุรี_7,ชลบุรี,7,ประชาชน,37862,0.44926194883478093,0.3610399164649485,0.033805591152878636,0.08807964307750724,2.5931724664250764,10,0.4819439671083617,0.0946398340143328
2569,ชลบุรี_8,ชลบุรี,8,ภูมิใจไทย,35060,0.40462094196124593,0.36310863368302,0.047755888700388924,0.10775658114923427,2.839890281529879,10,0.4382609565239131,0.04496362409060226
2569,ชลบุรี_9,ชลบุรี,9,ประชาชน,24410,0.39007318866055163,0.3511777301927195,0.0828885550832561,0.07823835852855636,2.863802454405872,8,0.4322725743328198,0.04310329561352246
2569,ชัยนาท_1,ชัยนาท,1,เพื่อไทย,33605,0.39462404734783985,0.2895592846154749,0.0794767312141104,0.09105534483366018,2.916260370913126,6,0.4617022738201553,0.12292367932953219
2569,ชัยนาท_2,ชัยนาท,2,ภูมิใจไทย,52108,0.5759954015873366,0.17669621736342936,0.09364844250878783,0.04266796365485376,2.1203153198993427,6,0.6479079888094498,0.4491513832763444
2569,ชัยภูมิ_1,ชัยภูมิ,1,เพื่อไทย,7812,0.5238733905579399,0.24664699570815452,0.05780579399141631,0.09945010729613733,2.521434114403475,10,0.5646548608601374,0.29880737260571016
2569,ชัยภูมิ_2,ชัยภูมิ,2,เพื่อไทย,52437,0.630350896173681,0.1689566879440297,0.04082368639330665,0.0707802901895729,1.9348634406890117,7,0.6920001055743243,0.506519214527027
2569,ชัยภูมิ_3,ชัยภูมิ,3,ภูมิใจไทย,44269,0.5896401076214071,0.19354537947201578,0.11805056075015317,0.03043501425184475,2.1733000336529242,6,0.6328844284325499,0.4251443929776405
2569,ชัยภูมิ_4,ชัยภูมิ,4,ภูมิใจไทย,27557,0.5025165031547467,0.23097122433349138,0.11364382362595281,0.10749844997994092,2.786346554823678,8,0.5263992359121299,0.28445081184336196
2569,ชัยภูมิ_5,ชัยภูมิ,5,เพื่อไทย,26551,0.34220939074845014,0.27788160387693817,0.22435459548635725,0.11251884980731308,3.643841481761574,11,0.35759885788169377,0.06722066587652192
2569,ชัยภูมิ_6,ชัยภูมิ,6,ภูมิใจไทย,47868,0.5658958717548589,0.19007424220929683,0.1481888683974086,0.029897857852177613,2.3046042023924502,7,0.6058473610935324,0.40235413238830525
2569,ชัยภูมิ_7,ชัยภูมิ,7,กล้าธรรม,37660,0.49960201644998675,0.29348633589811624,0.12436985937914566,0.04671000265322367,2.6442389088312637,11,0.518168934630361,0.2137756435834285
2569,ชุมพร_1,ชุมพร,1,ภูมิใจไทย,43318,0.44231377954765916,0.32722724255884006,0.12548118650125084,0.029815694082810026,2.6837189608604977,7,0.4782608695652174,0.12443968467772208
2569,ชุมพร_2,ชุมพร,2,ภูมิใจไทย,33428,0.32741412578234425,0.21687219017209125,0.15052352174892505,0.24509045319647002,4.306670604300539,7,0.34834985046008277,0.11761027917591521
2569,ชุมพร_3,ชุมพร,3,ภูมิใจไทย,39753,0.4281237211105607,0.2881405216791953,0.10739440411829324,0.11301613285372736,3.059418941876735,6,0.4570676294064893,0.1494469611608067
2569,ตรัง_1,ตรัง,1,ภูมิใจไทย,33921,0.36027912312006116,0.34543079276064237,0.16670915115982665,0.04026467839238678,3.0031125969773935,7,0.39474694813280425,0.01626886688156777
2569,ตรัง_2,ตรัง,2,ภูมิใจไทย,39583,0.43740538151279074,0.38416487098734736,0.06309740869661307,0.0587988286645671,2.582933841859438,7,0.4636151746916689,0.05643073823773996
2569,ตรัง_3,ตรัง,3,ประชาธิปัตย์,42376,0.5032659556780124,0.3155982043181872,0.07818104083038407,0.030711859575782048,2.3957114349840216,7,0.5424544605025666,0.20228113519118268
2569,ตรัง_4,ตรัง,4,ประชาธิปัตย์,48284,0.5119385894227915,0.2948068196276348,0.10266550744306374,0.03130963993383944,2.459503240593598,7,0.5441983657368272,0.23081431389123697
2569,ตราด_1,ตราด,1,ภูมิใจไทย,62391,0.5524065023374416,0.19914293809321434,0.06203074089814421,0.1111081597960051,2.4268684473814957,7,0.5973974989946188,0.3820352745169383
2569,ตาก_1,ตาก,1,ภูมิใจไทย,34932,0.37622781320006893,0.2541250215405825,0.1661532827847665,0.12053032914009995,3.529037037126678,9,0.41026484232779376,0.13314933348992894
2569,ตาก_2,ตาก,2,กล้าธรรม,23734,0.279180831166998,0.21161469422323645,0.13734370037523672,0.05966146354087022,3.312143175819798,6,0.40590368039403474,0.09823505267478451
2569,ตาก_3,ตาก,3,กล้าธรรม,28767,0.3302376305820227,0.20051658822178856,0.18307886580185972,0.17921019400757662,3.95231591132413,8,0.36978905557055264,0.1452572853598653
2569,นครนายก_1,นครนายก,1,กล้าธรรม,30340,0.4128958506280535,0.37137491324287913,0.12177297532695527,0.025122140417250718,2.679800621755067,5,0.4434181488680707,0.04459026935387224
2569,นครนายก_2,นครนายก,2,ภูมิใจไทย,32672,0.40069660771664745,0.3331943388358802,0.15136500772645883,0.03626529961490348,2.879108733629129,6,0.43482079878624946,0.0732509083165866
2569,นครปฐม_1,นครปฐม,1,ภูมิใจไทย,51585,0.5482924651637384,0.26695577309397023,0.04227118608037584,0.060595431693292096,2.2507424927818787,8,0.597193762372799,0.3064286458514222
2569,นครปฐม_2,นครปฐม,2,กล้าธรรม,41154,0.4707079949674025,0.3199931373670365,0.05081779709481871,0.07738762438522247,2.57210087210654,8,0.5122479462285288,0.1640154344037839
2569,นครปฐม_3,นครปฐม,3,ภูมิใจไทย,46059,0.5201820563787496,0.2459455186122154,0.07244985543910372,0.07750948680881821,2.485834312017636,9,0.5678304608329019,0.29935646127672166
2569,นครปฐม_4,นครปฐม,4,ภูมิใจไทย,47660,0.48867015277350556,0.23872654567825285,0.11481595406541577,0.09006459550907413,2.7927956575588033,8,0.5241682705526532,0.26810008248556505
2569,นครปฐม_5,นครปฐม,5,ภูมิใจไทย,39070,0.38370505681427575,0.23224615263741982,0.22680533867593766,0.0882315390432417,3.403052984246359,9,0.4121481919068315,0.16268618929068737
2569,นครปฐม_6,นครปฐม,6,ประชาชน,35930,0.39302122073944434,0.3832312404287902,0.04688252023627215,0.09835922117698534,2.777107840656537,10,0.42650427928729984,0.010624028109160405
2569,นครพนม_1,นครพนม,1,ภูมิใจไทย,57294,0.6467321368100237,0.22236144034315386,0.062253075967942204,0.029913082740715656,1.9583153246658225,10,0.6727964489537096,0.4414734963244792
2569,นครพนม_2,นครพนม,2,เพื่อไทย,48579,0.5412943195239899,0.1825708109553629,0.10692398547010452,0.0819757983642725,2.45313703236203,10,0.5930270883943504,0.3930075564290684
2569,นครพนม_3,นครพนม,3,ภูมิใจไทย,34970,0.39317757639810214,0.3735355625014054,0.12917406849407478,0.0493804951541454,2.869253699232819,8,0.4159430977472227,0.020779313461950187
2569,นครพนม_4,นครพนม,4,เพื่อไทย,38829,0.4262098942954678,0.36375311460654425,0.12226820192529335,0.045410140171015224,2.7844032373588044,11,0.44506212461601946,0.06521938471413508
2569,นครราชสีมา_1,นครราชสีมา,1,ประชาชน,30597,0.3599435327333686,0.25760837597788366,0.15888477148403035,0.11771072289865302,3.5769771071774272,13,0.4025550278263844,0.11444998486981463
2569,นครราชสีมา_10,นครราชสีมา,10,ภูมิใจไทย,40401,0.3927040503892923,0.34467675618930976,0.12565246551774414,0.07003372894371057,2.992630602492395,8,0.42087443876115965,0.051472503203358576
2569,นครราชสีมา_11,นครราชสีมา,11,เพื่อไทย,49937,0.5856682108719873,0.15508121738110597,0.08271858324048555,0.08718700521902305,2.204914883428388,9,0.6431285175216042,0.4728321763880124
2569,นครราชสีมา_12,นครราชสีมา,12,เพื่อไทย,44512,0.5163026457726793,0.1774210385904678,0.16149536612807813,0.0530198461948894,2.5397744510468785,8,0.5684656841459989,0.37311946055017753
2569,นครราชสีมา_13,นครราชสีมา,13,เพื่อไทย,26258,0.3659957627118644,0.31630519625334524,0.07521186440677965,0.0906277876895629,2.968217073413233,7,0.43152722312609904,0.05858765139936564
2569,นครราชสีมา_14,นครราชสีมา,14,ประชาชน,29772,0.36252937666670726,0.323027653641489,0.11463292865579679,0.07453453965393374,3.0512106773598573,6,0.41444978074754646,0.045159045033757915
2569,นครราชสีมา_15,นครราชสีมา,15,เพื่อไทย,34252,0.38134045869516814,0.2789690492095302,0.1569360944110443,0.1382431529726119,3.501914621884876,9,0.3991051245601361,0.10714036028058074
2569,นครราชสีมา_16,นครราชสีมา,16,ภูมิใจไทย,29821,0.35961410913476033,0.34937594211637024,0.16900813988543864,0.06167018390111546,3.1469309850426987,10,0.3827032160365494,0.010895510895510895
2569,นครราชสีมา_2,นครราชสีมา,2,เพื่อไทย,37543,0.39337992602449784,0.3570732525121284,0.09396774835755524,0.07139788551609963,2.869401537304703,10,0.42953903184101233,0.039643948148232896
2569,นครราชสีมา_3,นครราชสีมา,3,ประชาชน,35910,0.36898511112709487,0.36353921558553653,0.07631446450406387,0.09430647034041985,2.9540963754212806,9,0.40855566300699697,0.006029922066101598
2569,นครราชสีมา_4,นครราชสีมา,4,เพื่อไทย,29438,0.36999610371655167,0.28211605897213526,0.16340510036072042,0.08020059575430791,3.283996519924103,10,0.4130721522184492,0.09811130132180844
2569,นครราชสีมา_5,นครราชสีมา,5,เพื่อไทย,37213,0.4082790248612117,0.32265815285366334,0.14384613696706383,0.046398086586355955,2.9058966926768015,9,0.4432124056120626,0.09294680927086063
2569,นครราชสีมา_6,นครราชสีมา,6,เพื่อไทย,26753,0.32671429443732064,0.221554619283141,0.20177077608841668,0.20362703791903278,4.202930414292992,12,0.3425874940774225,0.11026878897696278
2569,นครราชสีมา_7,นครราชสีมา,7,เพื่อไทย,37355,0.5144608180691365,0.2640132213193775,0.12299958683376945,0.03901666437129872,2.5274106770427287,9,0.547013428224165,0.26629471803657984
2569,นครราชสีมา_8,นครราชสีมา,8,เพื่อไทย,48178,0.6148603808259737,0.14545152891929145,0.11560059216907448,0.028983102761754045,1.9826598983313233,5,0.6794821166647862,0.5187436533904999
2569,นครราชสีมา_9,นครราชสีมา,9,ภูมิใจไทย,37991,0.456282577886671,0.280560159496529,0.1403521414330667,0.07232591097979871,2.918925145883189,9,0.4805398499854539,0.18506431905285925
2569,นครศรีธรรมราช_1,นครศรีธรรมราช,1,ประชาธิปัตย์,37124,0.39429439316856607,0.2987902669059934,0.18456129916200228,0.04072095419158179,3.0189043716807102,6,0.4293429863416101,0.10399343101992668
2569,นครศรีธรรมราช_2,นครศรีธรรมราช,2,ภูมิใจไทย,42139,0.46938980105598505,0.2146723995811705,0.09594091830596832,0.1336021565263885,2.9584060544409985,10,0.5137774634836255,0.278804652637226
2569,นครศรีธรรมราช_3,นครศรีธรรมราช,3,ประชาธิปัตย์,44848,0.48329148571613306,0.3613802170328782,0.06938801900923522,0.032996756360658214,2.428164744481703,7,0.5103090437394747,0.1287265031177461
2569,นครศรีธรรมราช_4,นครศรีธรรมราช,4,ประชาธิปัตย์,41929,0.4310844711301201,0.3565759170916269,0.07377858200361902,0.07876501069254811,2.7581429552975987,8,0.4585010060362173,0.07924722246522614
2569,นครศรีธรรมราช_5,นครศรีธรรมราช,5,กล้าธรรม,34752,0.3622641509433962,0.3043260710935057,0.16761180027103095,0.11016366100281455,3.42833967822583,9,0.38360579735741174,0.06135131853454461
2569,นครศรีธรรมราช_6,นครศรีธรรมราช,6,ประชาธิปัตย์,41070,0.4142710161592931,0.20948576731424884,0.1998022957897073,0.1288910407714499,3.421685979477272,9,0.43495297805642635,0.2150088960433788
2569,นครศรีธรรมราช_7,นครศรีธรรมราช,7,ภูมิใจไทย,36880,0.3884026834328563,0.28920623887607555,0.09132939454256317,0.06553768706623277,2.8509166077426995,7,0.46544499974758946,0.11887273461557878
2569,นครศรีธรรมราช_8,นครศรีธรรมราช,8,ภูมิใจไทย,47916,0.5232832430543422,0.2350602830683208,0.12622313471955268,0.04282063603005417,2.4893146312497656,8,0.5642553492151344,0.3107902825045043
2569,นครศรีธรรมราช_9,นครศรีธรรมราช,9,ภูมิใจไทย,35278,0.4487838387950336,0.35436596784042335,0.10062589049460614,0.034958273967026256,2.6110471483235216,7,0.4780735039028621,0.10058000867302688
2569,นครสวรรค์_1,นครสวรรค์,1,ภูมิใจไทย,44878,0.5215946071594607,0.2855299860529986,0.039865178986517896,0.0648419339841934,2.328234904124244,6,0.5720294694980498,0.2588905600734188
2569,นครสวรรค์_2,นครสวรรค์,2,ภูมิใจไทย,44634,0.45442883323152106,0.27501527183872937,0.15662797800855224,0.0454184483811851,2.8207775913267294,7,0.4878512640587599,0.19260910909269766
2569,นครสวรรค์_3,นครสวรรค์,3,กล้าธรรม,50364,0.5590409590409591,0.19923409923409924,0.06925296925296925,0.08368298368298369,2.313044562436134,8,0.6135142707483159,0.39486667235141487
2569,นครสวรรค์_4,นครสวรรค์,4,ภูมิใจไทย,51575,0.6342306226097222,0.1366593293080338,0.06968851068016085,0.06662649565292245,1.9255886240031308,7,0.6991040082414975,0.5484662410366936
2569,นครสวรรค์_5,นครสวรรค์,5,ภูมิใจไทย,56499,0.6794420058926102,0.14310624736937044,0.0658048223197643,0.03476640009620588,1.7502302602173014,7,0.7360282431411376,0.5810036215835961
2569,นครสวรรค์_6,นครสวรรค์,6,ภูมิใจไทย,33389,0.4176444099767343,0.37470292447402,0.10614664898806694,0.048232556975958775,2.73944451113926,8,0.4411457714006368,0.04535785537807021
2569,นนทบุรี_1,นนทบุรี,1,ประชาชน,38190,0.41089700138794744,0.19673348181143283,0.09656456107506751,0.22226525935250638,3.7322844848473475,11,0.4435127978817299,0.2311631904120407
2569,นนทบุรี_2,นนทบุรี,2,ประชาชน,35675,0.42877059721404276,0.226482218189248,0.12189464322199921,0.13868490318858695,3.2880662047071176,12,0.4681758530183727,0.2208792650918635
2569,นนทบุรี_3,นนทบุรี,3,ประชาชน,35655,0.4425673998311901,0.15742763517203714,0.15163100143984906,0.1509110769078,3.2608657375648447,11,0.49035922543734184,0.31593134558257235
2569,นนทบุรี_4,นนทบุรี,4,ประชาชน,28502,0.3689865879550515,0.2913624359173528,0.16284759981357774,0.09744446170576355,3.38991203186713,10,0.40079309278060576,0.08431532468993447
2569,นนทบุรี_5,นนทบุรี,5,ประชาชน,39741,0.401517524273316,0.30560635299109895,0.08420138011861342,0.12777716035038444,3.1757397784877512,10,0.4368583049356931,0.10435308343409916
2569,นนทบุรี_6,นนทบุรี,6,ประชาชน,42126,0.401578631280922,0.23081762804930364,0.16351607706313573,0.10429833843338004,3.301508277258745,8,0.44609405610326897,0.18969004479366322
2569,นนทบุรี_7,นนทบุรี,7,ประชาชน,37481,0.39475291738635887,0.18599654547752453,0.12879681509879093,0.20154189661709568,3.774438795641753,9,0.43327630453378957,0.22912861535616028
2569,นนทบุรี_8,นนทบุรี,8,ประชาชน,36749,0.3747909272630849,0.2821258107942724,0.09202260025292702,0.17129686288907928,3.606538112156599,11,0.407276878234753,0.10069709966641177
2569,นราธิวาส_1,นราธิวาส,1,กล้าธรรม,37791,0.40865296235820797,0.3493625442001795,0.10316078592514896,0.08119856829265655,2.933624699955809,7,0.4336416211502272,0.06291595905815395
2569,นราธิวาส_2,นราธิวาส,2,กล้าธรรม,40265,0.5553256926917401,0.14148978719296068,0.11008592273849421,0.09668032052077731,2.380076278618199,8,0.6145826973563709,0.4579949935893522
2569,นราธิวาส_3,นราธิวาส,3,กล้าธรรม,36053,0.4388091673665121,0.43743381896520245,0.0550261072771753,0.025097065517703045,2.362055851114374,7,0.4588296680920383,0.0014380981470169009
2569,นราธิวาส_4,นราธิวาส,4,ภูมิใจไทย,39681,0.48501478964480405,0.4030972694159924,0.04427115163663921,0.027965873811328135,2.305693480123094,8,0.5050400916380298,0.08529973272241313
2569,นราธิวาส_5,นราธิวาส,5,ประชาชาติ,42706,0.5031516194021938,0.36549359661628,0.048682210728465895,0.03258833370642224,2.316280300608047,6,0.5296802520278818,0.14491603204921488
2569,น่าน_1,น่าน,1,ประชาชน,26359,0.28605070104614316,0.22080783088075703,0.14771888700785693,0.23839909710465773,4.615325415478655,10,0.3203339571737598,0.07306224631164475
2569,น่าน_2,น่าน,2,กล้าธรรม,35904,0.38443994731939224,0.2934802394183718,0.14533209127022367,0.094932168363796,3.283534122957252,9,0.4186957738595018,0.09906474484560127
2569,น่าน_3,น่าน,3,ประชาชน,20029,0.2612466902317816,0.1893383072247512,0.14214720805561715,0.2904509110829953,5.537759313746707,10,0.29580127305755344,0.08141956255261332
2569,บึงกาฬ_1,บึงกาฬ,1,ภูมิใจไทย,34556,0.5167484148821629,0.24389879172149778,0.12612154563943057,0.051949994018423255,2.562262658565307,8,0.5504826839137222,0.2906617389365024
2569,บึงกาฬ_2,บึงกาฬ,2,ภูมิใจไทย,25911,0.35222870192895883,0.2679064203471854,0.19515245435884887,0.1457254326223781,3.7389772113472652,11,0.3665181413112667,0.08774312186151778
2569,บึงกาฬ_3,บึงกาฬ,3,ภูมิใจไทย,32501,0.46896959727573123,0.19331053489747918,0.17261878995137295,0.08514782909830743,2.9162144382603294,8,0.5097236598601048,0.2996141902700668
2569,บุรีรัมย์_1,บุรีรัมย์,1,ภูมิใจไทย,53235,0.6934349355216881,0.14896443923407582,0.037631887456037516,0.037710042985541224,1.668601747594637,8,0.7555886736214605,0.5932723014690228
2569,บุรีรัมย์_10,บุรีรัมย์,10,ภูมิใจไทย,47751,0.7328606289424007,0.09552312107678376,0.05623340546679559,0.044293015332197615,1.5690956308290918,9,0.7889467162329615,0.6861131763733994
2569,บุรีรัมย์_2,บุรีรัมย์,2,ภูมิใจไทย,54410,0.6581589452038225,0.16481190274585703,0.044768356114672794,0.04878432321277368,1.8150774659879392,9,0.718103709960538,0.5382808272512505
2569,บุรีรัมย์_3,บุรีรัมย์,3,ภูมิใจไทย,51914,0.7621186764144573,0.10850289204028304,0.03799289468275639,0.025587950321500925,1.4687753556394043,8,0.815796090263373,0.6996511408636621
2569,บุรีรัมย์_4,บุรีรัมย์,4,ภูมิใจไทย,49024,0.6896241278415485,0.1579028809363043,0.049516092730137296,0.0346190636957011,1.724633814537832,7,0.7402083647893704,0.5707232372036841
2569,บุรีรัมย์_5,บุรีรัมย์,5,ภูมิใจไทย,50853,0.6522123893805309,0.13053738617416955,0.0952802359882006,0.05275105809926895,1.9163438620009394,9,0.7007151419949568,0.56047014729996
2569,บุรีรัมย์_6,บุรีรัมย์,6,ภูมิใจไทย,47010,0.6763444882456191,0.12045003309066843,0.06848329640606567,0.059894109861019194,1.7933687803872527,10,0.7310473524609283,0.6008552989658658
2569,บุรีรัมย์_7,บุรีรัมย์,7,ภูมิใจไทย,42445,0.5968333872351196,0.18013976967532377,0.11486705007241588,0.04031384900937891,2.1606004304110016,9,0.6402733361491583,0.4470222651300308
2569,บุรีรัมย์_8,บุรีรัมย์,8,ภูมิใจไทย,49860,0.6252664844122294,0.1807077825988814,0.055127787113440845,0.05930375460861278,1.9827780017352934,10,0.6793378295524218,0.48300292935486067
2569,บุรีรัมย์_9,บุรีรัมย์,9,ภูมิใจไทย,50073,0.7470014321518081,0.08451187492540876,0.05166189282730636,0.04203962286669054,1.5063864627599222,9,0.8073816088618004,0.7160386333220464
2569,ปทุมธานี_1,ปทุมธานี,1,ประชาชน,30452,0.3154242151165802,0.24331127062552438,0.24104285137192755,0.12766332100721958,3.8719827712607193,8,0.34010140945743705,0.0777546963300498
2569,ปทุมธานี_2,ปทุมธานี,2,เพื่อไทย,34695,0.35542329126372724,0.3094369775446648,0.22271963612522538,0.05554417308637928,3.266823068658323,9,0.37685740354535974,0.04875955856795273
2569,ปทุมธานี_3,ปทุมธานี,3,ประชาชน,39732,0.4472309770373706,0.24541873030166592,0.09145655110310671,0.11293336334984241,2.9594678052323067,8,0.49856323641976086,0.22497584480443703
2569,ปทุมธานี_4,ปทุมธานี,4,ประชาชน,36892,0.4066040647180708,0.18363973019441873,0.1592933033549354,0.1702817087686814,3.625103081542101,9,0.44204800076686196,0.2424002779874666
2569,ปทุมธานี_5,ปทุมธานี,5,ประชาชน,30721,0.38370553557154274,0.15217825739408472,0.13837679856115107,0.24726468824940048,4.105823367585107,11,0.4163809110746669,0.2512435450861333
2569,ปทุมธานี_6,ปทุมธานี,6,ประชาชน,38628,0.46210163652024117,0.11291750406737487,0.10652933295052158,0.24304957412192554,3.365212640983319,10,0.4997865155455498,0.37766046914826173
2569,ปทุมธานี_7,ปทุมธานี,7,ภูมิใจไทย,44519,0.5104160695245411,0.2956054161268502,0.056867038901182054,0.07237935818208918,2.482434205064686,9,0.5457431811216672,0.22967821023597915
2569,ปทุมธานี_8,ปทุมธานี,8,ภูมิใจไทย,36814,0.4573451767190509,0.2890987017827194,0.11621839865830176,0.056500403751785826,2.751537425185222,8,0.49756717305509,0.1830431961939774
2569,ประจวบคีรีขันธ์_1,ประจวบคีรีขันธ์,1,ภูมิใจไทย,47612,0.4435046668032863,0.38057268476256123,0.09462153249995342,0.032164614266818194,2.576206434328268,6,0.4664230644892681,0.06618403393450172
2569,ประจวบคีรีขันธ์_2,ประจวบคีรีขันธ์,2,กล้าธรรม,41386,0.4208417648793484,0.21817959955664473,0.16073662053467017,0.13136941865549465,3.391702214925147,9,0.45197012056613667,0.21765245500611569
2569,ประจวบคีรีขันธ์_3,ประจวบคีรีขันธ์,3,ภูมิใจไทย,31101,0.33369813628609135,0.2565959592708233,0.1317045954442549,0.23101683458331992,4.169629559734259,7,0.3501497376776024,0.08090337979329446
2569,ปราจีนบุรี_1,ปราจีนบุรี,1,ภูมิใจไทย,40077,0.4459739161399448,0.3012218463455889,0.0644752069794356,0.06259458737648002,2.5920051534735964,7,0.510112645580093,0.16556991026538534
2569,ปราจีนบุรี_2,ปราจีนบุรี,2,ภูมิใจไทย,41694,0.40921805529655403,0.30407215837152923,0.18458684621197993,0.030249197640523324,2.926839985372238,6,0.44090774501924623,0.11328835497652384
2569,ปราจีนบุรี_3,ปราจีนบุรี,3,ภูมิใจไทย,42918,0.4981833799579798,0.2502872929459425,0.11202683722387956,0.03988438635387526,2.499608799000449,5,0.5533023063931827,0.275323268915905
2569,ปัตตานี_1,ปัตตานี,1,ภูมิใจไทย,22538,0.34212763373611027,0.22962839273787114,0.19480539194850932,0.16921185257149796,3.9048312363356237,7,0.36560953848649524,0.12022061805499229
2569,ปัตตานี_2,ปัตตานี,2,ภูมิใจไทย,36360,0.4706430568499534,0.1731515998757378,0.17082168375271822,0.11644403023713369,2.997260850791527,6,0.5054914500208536,0.31951897678298347
2569,ปัตตานี_3,ปัตตานี,3,ภูมิใจไทย,28280,0.43396197461905567,0.3533230009053662,0.08419905780533092,0.06754952660088695,2.7368351295257987,6,0.4621368107984443,0.08587443213386933
2569,ปัตตานี_4,ปัตตานี,4,กล้าธรรม,27479,0.36198969846267337,0.3209943222984811,0.1973495277364282,0.08114765975945515,3.3463171081531686,7,0.37649170400208254,0.042637730006713524
2569,ปัตตานี_5,ปัตตานี,5,ภูมิใจไทย,32162,0.45840935005701255,0.3134122006841505,0.09582383124287343,0.06787343215507412,2.7390485703387863,7,0.4900054847949296,0.15499116338594673
2569,พระนครศรีอยุธยา_1,พระนครศรีอยุธยา,1,ภูมิใจไทย,43361,0.4376053367242928,0.3524781252838415,0.055870093957835036,0.07150282075347926,2.626838709102737,8,0.47697672372068467,0.0927861134333612
2569,พระนครศรีอยุธยา_2,พระนครศรีอยุธยา,2,ภูมิใจไทย,51200,0.5220547749658421,0.2516263229806065,0.08757672777698472,0.05894528621245182,2.4595262807160796,9,0.5673255917028632,0.29387908873326835
2569,พระนครศรีอยุธยา_3,พระนครศรีอยุธยา,3,ภูมิใจไทย,54931,0.5482464019801585,0.2885601932251432,0.05337644968760604,0.04093059464638601,2.2384329337857976,6,0.5888071860395317,0.27889851219825923
2569,พระนครศรีอยุธยา_4,พระนครศรีอยุธยา,4,ภูมิใจไทย,47001,0.4582155322011426,0.27152104821884687,0.12001091894632168,0.08643515900715582,2.9120720595690615,8,0.4894509934602408,0.19942100220768944
2569,พระนครศรีอยุธยา_5,พระนครศรีอยุธยา,5,ภูมิใจไทย,44041,0.4487248718758597,0.26138343505150435,0.1911826138343505,0.029221473911581607,2.8254090063735204,7,0.48223416952270415,0.2013314791901628
2569,พะเยา_1,พะเยา,1,กล้าธรรม,61641,0.7238172402860464,0.1533918108054156,0.026843273329340896,0.028651612827467973,1.5862061870076731,6,0.7760417978093919,0.6115825254941458
2569,พะเยา_2,พะเยา,2,กล้าธรรม,52697,0.574560877481819,0.2146057982707677,0.11446078698605493,0.018775145283862316,2.1847861593002524,6,0.6228959810874705,0.39023640661938536
2569,พะเยา_3,พะเยา,3,กล้าธรรม,55450,0.6529521207696475,0.13473540425331482,0.11713101434257318,0.015060879395209722,1.8462029319379774,5,0.7098236001945775,0.563352876417727
2569,พังงา_1,พังงา,1,ภูมิใจไทย,34785,0.48894480131566,0.2082566099264861,0.1228933275234387,0.07274081778952252,2.648372182163631,5,0.5476314173711803,0.3143783749744171
2569,พังงา_2,พังงา,2,ภูมิใจไทย,25124,0.316478976141889,0.2828710351951226,0.15131131433754064,0.1577356208903333,3.716621362169153,5,0.3483928224755249,0.03699697700862523
2569,พัทลุง_1,พัทลุง,1,ภูมิใจไทย,40279,0.36898709245976125,0.3510960874304926,0.13181447586592282,0.10348018065059866,3.203416330130478,8,0.38622111420078625,0.018726627672835363
2569,พัทลุง_2,พัทลุง,2,ภูมิใจไทย,55709,0.4797908897520476,0.29350363014701447,0.09679530793809372,0.08689099224018396,2.766452799438888,7,0.5013589402066309,0.19466143489686455
2569,พัทลุง_3,พัทลุง,3,กล้าธรรม,44245,0.4231298892565461,0.2764474112044068,0.1436700265860796,0.09373983895338829,3.1341691131104765,9,0.45158557620666073,0.15654694469110098
2569,พิจิตร_1,พิจิตร,1,ภูมิใจไทย,50052,0.5315068493150685,0.2295741743655092,0.06429860889880004,0.07841138366783476,2.395446093977382,8,0.5880860063447303,0.33407355187404536
2569,พิจิตร_2,พิจิตร,2,ภูมิใจไทย,44182,0.5115611286718307,0.22229555269952644,0.1402387485961073,0.0393205738302824,2.5191092247955633,7,0.5600527323200953,0.31668546945708526
2569,พิจิตร_3,พิจิตร,3,ภูมิใจไทย,36214,0.4029732827400492,0.33796610546696787,0.1266427053312117,0.07582316089332013,3.009205595675789,7,0.4271475920312334,0.06890694849081752
2569,พิษณุโลก_1,พิษณุโลก,1,ประชาชน,32516,0.34847283249383776,0.3389561676133319,0.15164505412067303,0.06372307362554924,3.1273093059026498,7,0.3859924026590693,0.010541310541310541
2569,พิษณุโลก_2,พิษณุโลก,2,เพื่อไทย,38287,0.426116570767159,0.29684700225929594,0.06768984207187455,0.0830040845399606,2.755860437839927,7,0.487738697308246,0.14796366832698507
2569,พิษณุโลก_3,พิษณุโลก,3,ภูมิใจไทย,40704,0.4459637128582698,0.23093610307651855,0.1917126829695854,0.0567205714786572,2.952770279043341,7,0.48194939436636397,0.23237860686503192
2569,พิษณุโลก_4,พิษณุโลก,4,ภูมิใจไทย,40713,0.4559637137417404,0.31244260275506774,0.14868406316496807,0.022622914100123195,2.6940556053485794,7,0.4852157746076013,0.15272861620603764
2569,พิษณุโลก_5,พิษณุโลก,5,ภูมิใจไทย,31777,0.37400986311688617,0.33023786824853174,0.1893530124877888,0.03046031802078552,2.9940053466324086,6,0.40474583179427087,0.047369158461871584
2569,ภูเก็ต_1,ภูเก็ต,1,ประชาชน,18463,0.2654713291539656,0.2332346005636395,0.21244320469316155,0.20006326565825042,4.283814421746426,7,0.29133858267716534,0.03537784229877077
2569,ภูเก็ต_2,ภูเก็ต,2,ประชาชน,21359,0.33113188533866644,0.29370726942932884,0.19295226578608746,0.06461714958994155,3.3100673858284035,5,0.37525914473453037,0.04241189079025967
2569,ภูเก็ต_3,ภูเก็ต,3,กล้าธรรม,29323,0.37335591234927873,0.2444518010160557,0.14928888832299878,0.1475699970715186,3.599074539553566,7,0.40818798112393334,0.14093016133747233
2569,มหาสารคาม_1,มหาสารคาม,1,ภูมิใจไทย,30711,0.36098736409050836,0.2504966206288569,0.16967381722009992,0.15720246841022628,3.7433900014970822,10,0.38470017912840876,0.11774874422216933
2569,มหาสารคาม_2,มหาสารคาม,2,ภูมิใจไทย,30045,0.4163029471671447,0.2599382023250336,0.13797785814246719,0.13929417633121338,3.3787780404616465,11,0.43659904673331784,0.1639880260404557
2569,มหาสารคาม_3,มหาสารคาม,3,ภูมิใจไทย,35150,0.45695639738956345,0.4145368035152492,0.07020098281375939,0.026182366553131744,2.4279298357447443,11,0.4721226041288901,0.04382748384843723
2569,มหาสารคาม_4,มหาสารคาม,4,ภูมิใจไทย,29448,0.3652736947865888,0.2531909351393592,0.18144606110222156,0.1496793559830809,3.6140279150020866,8,0.3846646202076938,0.1180327868852459
2569,มหาสารคาม_5,มหาสารคาม,5,เพื่อไทย,32999,0.44135781828881726,0.2103334358741156,0.07289312129682882,0.19250471464683616,3.345615527872326,11,0.4812594796406487,0.2519105121922763
2569,มหาสารคาม_6,มหาสารคาม,6,ภูมิใจไทย,36685,0.42494903160040776,0.33444537114261885,0.1546775090353072,0.03579371698637754,2.848387146952071,9,0.4473780487804878,0.09528048780487805
2569,มุกดาหาร_1,มุกดาหาร,1,ภูมิใจไทย,29345,0.3092984527172309,0.2283612293941566,0.1860322947847717,0.22167882288460727,4.159862993348644,11,0.32717157414736936,0.08561426198254045
2569,มุกดาหาร_2,มุกดาหาร,2,กล้าธรรม,39782,0.4412035445340313,0.24066454467820822,0.13065755764304013,0.12316035800237338,3.1636420991310064,8,0.4715294898539731,0.21432296605348
2569,ยะลา_1,ยะลา,1,ประชาชาติ,29562,0.3334987928972722,0.21580063626723223,0.16625301775681955,0.20236456758647142,4.087494576330119,8,0.36332128899048743,0.128223090725856
2569,ยะลา_2,ยะลา,2,ประชาชาติ,44309,0.4820125101985314,0.25085667663856404,0.10057111775904269,0.07314658689148762,2.678006224042559,8,0.5316782260193429,0.2549737214715976
2569,ยะลา_3,ยะลา,3,ประชาชาติ,33171,0.36406440354285335,0.2708175562213954,0.1284558734757938,0.14550064205985974,3.6155186864460314,7,0.4005820763945077,0.10260002173729274
2569,ยโสธร_1,ยโสธร,1,ภูมิใจไทย,46760,0.4656072011789541,0.3452025331580834,0.12190823276377107,0.01985502051220775,2.5852774884164083,7,0.4887890032927403,0.12639941462394816
2569,ยโสธร_2,ยโสธร,2,ภูมิใจไทย,46438,0.5698193776381663,0.31827328948660055,0.05925444193580053,0.022197408461764996,2.18782261349445,9,0.5877186321411395,0.2594476928139317
2569,ยโสธร_3,ยโสธร,3,ภูมิใจไทย,41851,0.4490595190832323,0.30335740420829,0.14671073103211477,0.044089402019378304,2.8162386396186667,8,0.47609351003924694,0.15447357943234175
2569,ระนอง_1,ระนอง,1,ภูมิใจไทย,56553,0.6181466421825813,0.14912338230150401,0.07645811472542847,0.025992479888072753,1.8424366354325348,5,0.7107416204803378,0.5392803730095892
2569,ระยอง_1,ระยอง,1,ประชาชน,33569,0.394127246897491,0.3052845385274676,0.1720380871872542,0.05997205687248306,3.105332463525055,8,0.42314576715575053,0.0953839560328745
2569,ระยอง_2,ระยอง,2,ประชาชน,30488,0.424110061624494,0.3549459568489435,0.05550377676074951,0.04754684435294281,2.5094538797964447,5,0.4807922790638996,0.07840787232700436
2569,ระยอง_3,ระยอง,3,ประชาธิปัตย์,25516,0.3184921675092055,0.28442863383885664,0.1853585470885602,0.10808213193534294,3.620044422648117,7,0.355316660168217,0.03800200523589372
2569,ระยอง_4,ระยอง,4,ภูมิใจไทย,32408,0.5614983453748462,0.2734896131122546,0.04828733302146681,0.041564876899353745,2.1757621170138024,7,0.6071301448135035,0.31141460124768167
2569,ระยอง_5,ระยอง,5,ประชาชน,35743,0.4193268339609803,0.33029481809969613,0.06942831333075236,0.08870352772791797,2.807641136041872,6,0.4619391025641026,0.09807950785773366
2569,ราชบุรี_1,ราชบุรี,1,ภูมิใจไทย,53723,0.5342754567243145,0.26600897039372273,0.07193221485186917,0.04509064871261922,2.323979287598256,6,0.5824389080422385,0.2924499663912921
2569,ราชบุรี_2,ราชบุรี,2,กล้าธรรม,41282,0.4402333294231815,0.25516939844091585,0.062075437492668466,0.12932293943885767,2.9259068466177327,6,0.4964284855335626,0.20868707761129415
2569,ราชบุรี_3,ราชบุรี,3,กล้าธรรม,48792,0.47871432355798005,0.22912394650863888,0.047800790793049656,0.1155283890780295,2.6405608428742324,7,0.549508964771601,0.28650103612938105
2569,ราชบุรี_4,ราชบุรี,4,ภูมิใจไทย,52731,0.4898146858018671,0.23133156843620825,0.18442246063814965,0.046630439830941436,2.7614618722058806,7,0.5144036133412676,0.271459091396853
2569,ราชบุรี_5,ราชบุรี,5,ภูมิใจไทย,41923,0.3956381000915414,0.3546049092607797,0.15143021620754415,0.04602549946679502,2.937328799936135,8,0.41747244102329195,0.04329771661305902
2569,ร้อยเอ็ด_1,ร้อยเอ็ด,1,ภูมิใจไทย,46309,0.5592199009781428,0.21859678782755707,0.15682888540031398,0.013971742543171115,2.3360826952604143,5,0.5895105340207498,0.359073260772707
2569,ร้อยเอ็ด_2,ร้อยเอ็ด,2,กล้าธรรม,41159,0.4768519591259819,0.251233867043585,0.13043075283268069,0.0885487869870473,2.8611048530364895,8,0.5035048015169123,0.2382286378371766
2569,ร้อยเอ็ด_3,ร้อยเอ็ด,3,กล้าธรรม,33009,0.4388560944479898,0.366464582003829,0.10293022761114656,0.04788874707509041,2.7042944581537753,9,0.4589874438588929,0.07571227943323554
2569,ร้อยเอ็ด_4,ร้อยเอ็ด,4,เพื่อไทย,21382,0.2661041417761848,0.2576538231780167,0.1935857228195938,0.23979490242931104,4.671247862605587,10,0.2780204920164352,0.008828730431164509
2569,ร้อยเอ็ด_5,ร้อยเอ็ด,5,เพื่อไทย,39346,0.5768785279671579,0.15010629719228796,0.12104684407301518,0.05197566160838648,2.1858770768930307,8,0.6409709212348293,0.47418750509082025
2569,ร้อยเอ็ด_6,ร้อยเอ็ด,6,เพื่อไทย,30715,0.44013125841859396,0.2712578454131201,0.10493508726678703,0.12953887599231936,3.137127412952386,8,0.4653223851654345,0.17853896497394256
2569,ร้อยเอ็ด_7,ร้อยเอ็ด,7,ไทยสร้างไทย,39470,0.5362480299983696,0.37042823759578286,0.04612521058638117,0.00900766262703114,2.1667804680099456,6,0.5575409998163661,0.17240405124800476
2569,ร้อยเอ็ด_8,ร้อยเอ็ด,8,เพื่อไทย,24500,0.3022676240531004,0.27311422014952996,0.22863769832457373,0.15262664396575124,3.8942454000777142,10,0.31596595305648695,0.030474593758060355
2569,ลพบุรี_1,ลพบุรี,1,ภูมิใจไทย,35960,0.36983709066973836,0.21372593384893862,0.14421178212934013,0.1848362678953431,3.9052946745123527,11,0.4052515918183355,0.1710598974474559
2569,ลพบุรี_2,ลพบุรี,2,ภูมิใจไทย,55191,0.49728341667792947,0.20384736676127405,0.17741136189575168,0.04813263053565797,2.677094290798783,9,0.5366320845527823,0.3166548367964063
2569,ลพบุรี_3,ลพบุรี,3,ภูมิใจไทย,46398,0.4648306400713305,0.2594147289539858,0.14508550647685264,0.0675836781309797,2.8737287995279823,9,0.49612917023096664,0.21924721984602225
2569,ลพบุรี_4,ลพบุรี,4,เพื่อไทย,47865,0.436294527290626,0.28341597695701315,0.15786451307106136,0.05395230976774711,2.928106556446528,8,0.4683647109475909,0.16411601236839016
2569,ลำปาง_1,ลำปาง,1,ประชาชน,44799,0.4262187464322411,0.2133329527723865,0.07920424706016668,0.1599497659550177,3.2409822911250354,9,0.48505289143451097,0.24227200381121494
2569,ลำปาง_2,ลำปาง,2,กล้าธรรม,33987,0.32175822927415765,0.301148358878717,0.17404311316021168,0.08457904552726997,3.4321791271607625,7,0.36500026848520645,0.023379691778982976
2569,ลำปาง_3,ลำปาง,3,ประชาชน,33259,0.3363469959447023,0.2560703053103162,0.1551631726383706,0.14360405732026738,3.811991524828123,9,0.3774156576603157,0.09007864008261181
2569,ลำปาง_4,ลำปาง,4,กล้าธรรม,36082,0.32769346738232114,0.25831675884805055,0.1381267652962065,0.1778056289676593,3.906905613711024,7,0.36331963911712584,0.07691920412437571
2569,ลำพูน_1,ลำพูน,1,ประชาชน,54610,0.47060952594341654,0.20970174334933342,0.06103015313552968,0.1499728544221439,2.896474328147688,10,0.527995049744269,0.29272254396735925
2569,ลำพูน_2,ลำพูน,2,ประชาชน,46583,0.3718607807136585,0.2641414544583699,0.08539953700007982,0.16567414384928555,3.5651883715031367,10,0.4191983729887333,0.12143191389798784
2569,ศรีสะเกษ_1,ศรีสะเกษ,1,ภูมิใจไทย,44088,0.5369905727022484,0.25722881294000144,0.13791381452339774,0.02647925750895228,2.4590753975338075,9,0.5601748322829844,0.29184031307176256
2569,ศรีสะเกษ_2,ศรีสะเกษ,2,ภูมิใจไทย,32241,0.4384919825370272,0.37080256232404424,0.09654956682579188,0.04598310824595047,2.6680489749747043,11,0.4606844323783668,0.07111523897978138
2569,ศรีสะเกษ_3,ศรีสะเกษ,3,ภูมิใจไทย,49781,0.6316103329273244,0.1133018676410881,0.10004313844904587,0.08786287048315063,2.053284208343387,10,0.6770990601324791,0.5556371648916636
2569,ศรีสะเกษ_4,ศรีสะเกษ,4,ภูมิใจไทย,38705,0.5375395811343814,0.25755513582578743,0.0776901283262041,0.06871840453308149,2.4405051196993974,10,0.5709375737550153,0.29738022185508617
2569,ศรีสะเกษ_5,ศรีสะเกษ,5,ภูมิใจไทย,37079,0.45937039285404563,0.3023154973549562,0.13085223682743413,0.04393126602822206,2.741003622204874,9,0.49053433700670734,0.16770958737382424
2569,ศรีสะเกษ_6,ศรีสะเกษ,6,ภูมิใจไทย,26211,0.36931465930226004,0.3662712055458491,0.1646564842473088,0.04205884010595728,2.9778638870133,8,0.3919284656907457,0.0032298099496089836
2569,ศรีสะเกษ_7,ศรีสะเกษ,7,เพื่อไทย,31868,0.444463040446304,0.3988423988842399,0.07683403068340307,0.015188284518828452,2.4127730313954907,8,0.47519496592756066,0.048775032432190626
2569,ศรีสะเกษ_8,ศรีสะเกษ,8,ภูมิใจไทย,53218,0.6996568633895587,0.11550951185201741,0.11171002984368221,0.01778788635736166,1.7314091752972616,8,0.740640743730342,0.6183650179530715
2569,ศรีสะเกษ_9,ศรีสะเกษ,9,ภูมิใจไทย,37040,0.4256101484579676,0.20520981752999035,0.15781127912855633,0.16438387645355518,3.4051736114867577,10,0.4465932793981119,0.2312663523794596
2569,สกลนคร_1,สกลนคร,1,กล้าธรรม,25107,0.28246610789222026,0.2426393654722394,0.20075378297800528,0.21047420824661078,4.19103042738494,10,0.3016725542498738,0.04253478480282604
2569,สกลนคร_2,สกลนคร,2,กล้าธรรม,23501,0.28149629878063387,0.2401001365498407,0.21377236901995544,0.20763960424502312,4.160726241283811,8,0.2985087897571385,0.0438979778477797
2569,สกลนคร_3,สกลนคร,3,เพื่อไทย,44745,0.5798387932821895,0.1320625129587394,0.09965270578478126,0.09960087082728593,2.259618463972906,8,0.6363778586869951,0.4914381613380362
2569,สกลนคร_4,สกลนคร,4,เพื่อไทย,27273,0.3633928928328736,0.2159331654474957,0.16897842800229176,0.1640484470560019,3.8820556627516494,9,0.3983029807369328,0.161625750295737
2569,สกลนคร_5,สกลนคร,5,กล้าธรรม,26101,0.3528592672705151,0.27037988373665,0.18722455049344328,0.1447208327700419,3.6887218324497613,9,0.36941476187106365,0.08634916141815865
2569,สกลนคร_6,สกลนคร,6,ภูมิใจไทย,32790,0.45126130217579785,0.29497818697273714,0.1551133314066306,0.032286032781470624,2.767512806271991,9,0.4833360357306054,0.16739140048053536
2569,สกลนคร_7,สกลนคร,7,เพื่อไทย,23035,0.3050346946342497,0.21978123841305153,0.21669579956565496,0.18524551088511043,4.198114154306743,9,0.3291419589912124,0.09199114095877688
2569,สงขลา_1,สงขลา,1,ภูมิใจไทย,41498,0.4527828392488898,0.21659338141427809,0.1995504686255469,0.02417867781038941,2.7319027618045535,6,0.5069758350233342,0.2644586703154397
2569,สงขลา_2,สงขลา,2,ประชาธิปัตย์,30686,0.39123838180357756,0.26980990144454503,0.22618030675863476,0.0632386877972282,3.2424878512842454,10,0.41162740784461016,0.12775661318881795
2569,สงขลา_3,สงขลา,3,ภูมิใจไทย,35127,0.34931731620242845,0.25372169572092007,0.23667697570580457,0.04074225081792778,3.188809210952229,6,0.39674490049470285,0.10857484921728523
2569,สงขลา_4,สงขลา,4,กล้าธรรม,43872,0.4510934945556618,0.2394480602938606,0.18188922134139446,0.07184058730991086,2.997951452077694,7,0.4777159532650239,0.22413624138419155
2569,สงขลา_5,สงขลา,5,กล้าธรรม,48514,0.5053225840051664,0.2429223173551653,0.09406703747682436,0.057506822490261025,2.4960305918053014,6,0.561582627216743,0.2916145760985322
2569,สงขลา_6,สงขลา,6,ภูมิใจไทย,43976,0.5222368686688755,0.28260120892562374,0.09262887883430118,0.05161091120690679,2.4838668148345096,7,0.5502571353495415,0.2524931493136801
2569,สงขลา_7,สงขลา,7,ภูมิใจไทย,34425,0.3665821868211441,0.26348127955019807,0.19273118371171785,0.1194466925075606,3.5738127993785302,8,0.38905338818317436,0.109420912255323
2569,สงขลา_8,สงขลา,8,กล้าธรรม,38399,0.4314058128953252,0.36828860002921054,0.06813917693716366,0.07836286218247593,2.712345072279563,8,0.455936832106388,0.06670624554737592
2569,สงขลา_9,สงขลา,9,ประชาธิปัตย์,46357,0.4476342217072229,0.27076091154886056,0.1712533796832754,0.020654692931633835,2.733387923493089,6,0.49174189305300675,0.1943015349365128
2569,สตูล_1,สตูล,1,ภูมิใจไทย,36435,0.4346970185045993,0.19361227435961678,0.1909994392545665,0.10031377882768412,3.1531044366268044,7,0.4726907109496627,0.26215620134924755
2569,สตูล_2,สตูล,2,ภูมิใจไทย,51667,0.5791031058406841,0.14532778892388393,0.12008652865421042,0.06672345576614847,2.2299532197366445,7,0.6355104551045511,0.4760270602706027
2569,สมุทรปราการ_1,สมุทรปราการ,1,ประชาชน,41275,0.4504184990778834,0.24562131016947303,0.12809236443794536,0.0814518153147746,2.9142846529920625,8,0.4973790444056155,0.2261493040911008
2569,สมุทรปราการ_2,สมุทรปราการ,2,ประชาชน,37424,0.42009316944491215,0.3122523432676657,0.0826401751136555,0.11142167592748499,3.031261917464682,11,0.4534648426613675,0.11640756582534624
2569,สมุทรปราการ_3,สมุทรปราการ,3,ประชาชน,41362,0.4665290607834512,0.13798937502114844,0.12146538986453716,0.19245649059881118,3.164367270328105,10,0.5079579505821094,0.35771479098098935
2569,สมุทรปราการ_4,สมุทรปราการ,4,ประชาชน,43764,0.4836175173770347,0.15657564673510657,0.1526858431038865,0.12939122363055705,2.972963326956436,11,0.524377239123402,0.3546052552750452
2569,สมุทรปราการ_5,สมุทรปราการ,5,ประชาชน,50599,0.5129299421168408,0.13813902095350086,0.1093089500947824,0.14130181353715773,2.732719201208508,11,0.5688604577955659,0.41565858703961867
2569,สมุทรปราการ_6,สมุทรปราการ,6,ภูมิใจไทย,33686,0.38740468988994053,0.36064310604579486,0.08690901981530252,0.08728853518567502,2.941255687299368,10,0.420066839584996,0.029017857142857144
2569,สมุทรปราการ_7,สมุทรปราการ,7,ประชาชน,43609,0.43755581197009985,0.2751216575528019,0.14827672703556916,0.0640746500777605,2.948910630134911,9,0.47301855889275757,0.17559901510960702
2569,สมุทรปราการ_8,สมุทรปราการ,8,ประชาชน,37562,0.35717545928264427,0.2492583013198433,0.15548096306720932,0.15950325206344376,3.855077579736557,10,0.38763673890608874,0.11712074303405573
2569,สมุทรสงคราม_1,สมุทรสงคราม,1,ประชาชน,37509,0.3490020935101186,0.24917422656431729,0.12113514770876949,0.18038613631076994,3.7657882996251235,6,0.38791044004343556,0.11095713325404623
2569,สมุทรสาคร_1,สมุทรสาคร,1,ประชาชน,30284,0.3718154919029086,0.26028557747793096,0.1294797971736915,0.15725177718572358,3.6664081429090656,9,0.4046607338517865,0.12138218552072477
2569,สมุทรสาคร_2,สมุทรสาคร,2,ภูมิใจไทย,32629,0.4169307436749297,0.332852031689241,0.058906210069000764,0.10328392537694864,2.861685172102309,8,0.4571744826330022,0.09219430861274187
2569,สมุทรสาคร_3,สมุทรสาคร,3,ประชาชน,28126,0.3695829281753436,0.33005702872460646,0.08903839583716591,0.12749993429870438,3.221982784062113,6,0.4033962967743786,0.043142148215079675
2569,สมุทรสาคร_4,สมุทรสาคร,4,ภูมิใจไทย,40131,0.51127503439841,0.2627656321663354,0.05543240075421699,0.09462110788360598,2.5455874339940556,10,0.5532715691951361,0.2689221606419059
2569,สระบุรี_1,สระบุรี,1,ภูมิใจไทย,29968,0.32632438612729353,0.31706865574127513,0.1450100724124789,0.10564599553547123,3.4710213389261084,9,0.36499604165397964,0.010352597283965653
2569,สระบุรี_2,สระบุรี,2,ภูมิใจไทย,34896,0.3550635422919995,0.2645882724026007,0.22032742849584355,0.08117540521565715,3.445629458692477,8,0.3854548667874343,0.09821941412981046
2569,สระบุรี_3,สระบุรี,3,ภูมิใจไทย,35796,0.5498786445052075,0.28235890503548494,0.045408461089434395,0.0427970137331408,2.2029007393551705,8,0.5974064987733441,0.29064236719571424
2569,สระบุรี_4,สระบุรี,4,กล้าธรรม,45409,0.478115293498289,0.28187417741510923,0.05149776256909713,0.08695972624374836,2.5793233269502474,7,0.5321575061525841,0.21842259463260283
2569,สระแก้ว_1,สระแก้ว,1,พลังประชารัฐ,53324,0.572803540545476,0.19812445618897231,0.030421191711514292,0.11710869775385904,2.272351734746282,9,0.623657926130383,0.40794367383219104
2569,สระแก้ว_2,สระแก้ว,2,พลังประชารัฐ,56364,0.6467989396738694,0.15822269143821074,0.03454092698208691,0.07971954144337469,1.894288960511374,9,0.7035913567763922,0.5314758641351159
2569,สระแก้ว_3,สระแก้ว,3,กล้าธรรม,36075,0.3774443642298879,0.32849953440681334,0.13424777927744122,0.07130376555028929,3.0792223038407855,8,0.41409352831791363,0.053697284143345805
2569,สิงห์บุรี_1,สิงห์บุรี,1,ภูมิใจไทย,61861,0.5135269750877863,0.25132198268347955,0.10775092767073707,0.027975394934544217,2.39416484866124,6,0.5702210423464779,0.29115277547333296
2569,สุพรรณบุรี_1,สุพรรณบุรี,1,ภูมิใจไทย,59148,0.6321189257355377,0.21654144980816706,0.039745220207115455,0.03647497622126514,1.908071439924802,9,0.6834600540777889,0.4493309606896074
2569,สุพรรณบุรี_2,สุพรรณบุรี,2,ภูมิใจไทย,42523,0.5202544809445158,0.23935890377439287,0.0928610754266838,0.07267388511653515,2.52614092811715,7,0.5623470912625468,0.30362220135683776
2569,สุพรรณบุรี_3,สุพรรณบุรี,3,กล้าธรรม,45123,0.44079635038635495,0.37299129602313247,0.11259487920912013,0.023747887502808523,2.606410446270406,6,0.46393247105755586,0.07136394480886678
2569,สุพรรณบุรี_4,สุพรรณบุรี,4,ภูมิใจไทย,52830,0.5811945125908976,0.1890559852143588,0.054324029967326375,0.08835080693957029,2.204031280096597,8,0.636628747710402,0.42954063433914974
2569,สุพรรณบุรี_5,สุพรรณบุรี,5,ภูมิใจไทย,57191,0.5532649704943408,0.22874141433684822,0.09910031924155945,0.025964980168327368,2.232927385955194,6,0.6099462480269613,0.35777057292777614
2569,สุราษฎร์ธานี_1,สุราษฎร์ธานี,1,ภูมิใจไทย,26079,0.33364464459341897,0.28097333810961567,0.22015249987206387,0.082633949132593,3.494219186508151,9,0.36368327104367715,0.05741339878395716
2569,สุราษฎร์ธานี_2,สุราษฎร์ธานี,2,ภูมิใจไทย,25384,0.32089806960545114,0.23988976397861017,0.1788933415926071,0.2026218980316802,4.203229033393411,9,0.3405465595191779,0.08596841921678584
2569,สุราษฎร์ธานี_3,สุราษฎร์ธานี,3,ไทรวมพลัง,38780,0.4301767074509978,0.2538464098326105,0.14472706297352161,0.11246935628792333,3.1833156754450136,6,0.45704183853859753,0.1873423688862699
2569,สุราษฎร์ธานี_4,สุราษฎร์ธานี,4,ประชาธิปัตย์,40589,0.4465040042242366,0.2904932676229869,0.13147936284431927,0.08922599665581273,2.98772661734813,7,0.46622405495124,0.16290102114657876
2569,สุราษฎร์ธานี_5,สุราษฎร์ธานี,5,กล้าธรรม,28737,0.33401134408852107,0.30225719466269935,0.19761495188060813,0.11331303175414943,3.6001179760051016,8,0.35263151436319684,0.03352435178481587
2569,สุราษฎร์ธานี_6,สุราษฎร์ธานี,6,ภูมิใจไทย,29721,0.3096163261904514,0.29550071359369956,0.15410498682195578,0.2009625701874095,4.026576686603134,7,0.3224550021156329,0.01470093630317562
2569,สุราษฎร์ธานี_7,สุราษฎร์ธานี,7,กล้าธรรม,38674,0.42203937317211576,0.3042035881094766,0.1069230433454101,0.11877428085032084,3.1035764199757847,7,0.4433464783565664,0.12378484959647836
2569,สุรินทร์_1,สุรินทร์,1,ภูมิใจไทย,43547,0.49149558131398063,0.2455502759562533,0.1010372343427275,0.07689529463550072,2.670326073501234,8,0.5371663295011595,0.26879903291064294
2569,สุรินทร์_2,สุรินทร์,2,ภูมิใจไทย,50102,0.5613795267120831,0.1795782538544281,0.15074847615632844,0.050466116887773395,2.395447355371259,10,0.595835265855602,0.40523505417008576
2569,สุรินทร์_3,สุรินทร์,3,ภูมิใจไทย,44112,0.5912978204337686,0.17508913970134848,0.12503686228251254,0.04869842631564837,2.229566332906007,9,0.6289584372994939,0.4427176160262351
2569,สุรินทร์_4,สุรินทร์,4,ภูมิใจไทย,40070,0.555039962323217,0.18058537531339602,0.14185585860124944,0.07054700594240439,2.4850810946962514,11,0.5854677751640098,0.39498253970573194
2569,สุรินทร์_5,สุรินทร์,5,ภูมิใจไทย,37432,0.5300106194690265,0.2295362831858407,0.10334867256637169,0.09806725663716814,2.6432294803251324,11,0.5515412270878765,0.3126804974361997
2569,สุรินทร์_6,สุรินทร์,6,ภูมิใจไทย,48468,0.6322297879001331,0.13607784821684799,0.11450262189872427,0.05560773264459576,2.038708603549364,9,0.6737187417467091,0.5287110270916445
2569,สุรินทร์_7,สุรินทร์,7,ภูมิใจไทย,40998,0.4703979072008812,0.2678874661526458,0.14807930607187111,0.041465877277525355,2.728322245253296,7,0.5069868671629609,0.21826231048895703
2569,สุรินทร์_8,สุรินทร์,8,ภูมิใจไทย,49285,0.6428450311085604,0.16013408637353752,0.07017360794083503,0.05504323894243938,1.935895156752673,8,0.6925746887383716,0.520052837188387
2569,สุโขทัย_1,สุโขทัย,1,เพื่อไทย,28967,0.3823975921109952,0.2633232564586606,0.10486990270755502,0.13411044078626025,3.3670022736202645,8,0.43223361236701136,0.13459271528119732
2569,สุโขทัย_2,สุโขทัย,2,เพื่อไทย,31272,0.4200910788409613,0.2463427412313107,0.17471554654021307,0.06879273518625488,3.077394528419409,8,0.46166792151999647,0.19094438785301976
2569,สุโขทัย_3,สุโขทัย,3,เพื่อไทย,44192,0.5972134005432652,0.15212778896441748,0.05102909577415301,0.07700312174817898,2.0042424985525655,7,0.6806832709517429,0.5072932550867951
2569,สุโขทัย_4,สุโขทัย,4,ภูมิใจไทย,44904,0.5729524198384648,0.24043994743087543,0.1101527311701734,0.023349878146810762,2.2506026867445854,7,0.6050854994542588,0.351160879114956
2569,หนองคาย_1,หนองคาย,1,พลังประชารัฐ,28866,0.34007210009189226,0.26744186046511625,0.16500553709856036,0.1601281779411418,3.7440048991207875,8,0.36463083433335436,0.07787532369102508
2569,หนองคาย_2,หนองคาย,2,พลังประชารัฐ,28739,0.352712322042219,0.3082474226804124,0.1618556701030928,0.12420225822287678,3.4654338588093214,7,0.37244534297526016,0.046952554981014215
2569,หนองคาย_3,หนองคาย,3,ภูมิใจไทย,34208,0.4351719926725015,0.23647720333808264,0.2043939548137594,0.021231935680846734,2.8019068773877853,5,0.48499284023081396,0.22144244538017666
2569,หนองบัวลำภู_1,หนองบัวลำภู,1,กล้าธรรม,29441,0.3352959934400838,0.24240940254652302,0.178860214563925,0.1922078217889438,4.021702691682983,12,0.35339943342776203,0.09790176213568925
2569,หนองบัวลำภู_2,หนองบัวลำภู,2,เพื่อไทย,34756,0.4384840532902705,0.19013675817521195,0.1754516552280985,0.1457029672991522,3.362252162686254,11,0.4616712936519533,0.26148001540852517
2569,หนองบัวลำภู_3,หนองบัวลำภู,3,กล้าธรรม,24943,0.3161824358584322,0.28697647297434337,0.14916083561504917,0.18981340634824054,3.956774938186489,9,0.3356027071027811,0.030999825087792473
2569,อำนาจเจริญ_1,อำนาจเจริญ,1,ภูมิใจไทย,40261,0.471506534876095,0.22559376024734154,0.1657375743664215,0.06993956996299246,2.883320285572432,9,0.5054866412213741,0.26363499397348333
2569,อำนาจเจริญ_2,อำนาจเจริญ,2,ภูมิใจไทย,40690,0.4148569564242165,0.1842947737607308,0.169429660895985,0.1380987337126078,3.302228471471469,6,0.4575560278424361,0.2542927503963836
2569,อุดรธานี_1,อุดรธานี,1,ประชาชน,29523,0.36182807559379365,0.34403264945951906,0.09623256612005784,0.10217663063460548,3.1374780076159166,9,0.4001328219237494,0.01967932992694794
2569,อุดรธานี_10,อุดรธานี,10,เพื่อไทย,29422,0.4112951701964074,0.25846089326902916,0.20682183546515692,0.03828894946529671,2.9933645421156783,6,0.4495683398273359,0.16705630682252273
2569,อุดรธานี_2,อุดรธานี,2,เพื่อไทย,23226,0.3302384439294195,0.26976724346305325,0.23456228405681706,0.08789865066613585,3.5698256060605518,10,0.3579950060112827,0.0655538086870742
2569,อุดรธานี_3,อุดรธานี,3,ภูมิใจไทย,30573,0.4271344146862819,0.35694426980734034,0.12927336993727034,0.038601785489752294,2.770920302250118,9,0.44869235962311776,0.07373271889400922
2569,อุดรธานี_4,อุดรธานี,4,เพื่อไทย,27927,0.41217013991380835,0.3116919534801346,0.1671291103370919,0.05704291870830627,3.040152722040289,12,0.4347629796839729,0.10598583326846735
2569,อุดรธานี_5,อุดรธานี,5,ภูมิใจไทย,26690,0.40459623751269574,0.28452104840298936,0.18539572816711386,0.07164188154683403,3.191411995615776,10,0.4276215653288472,0.1269085956901386
2569,อุดรธานี_6,อุดรธานี,6,ภูมิใจไทย,35147,0.4550480333514591,0.1866568269504648,0.15193298635386726,0.16335223594603693,3.2376590116141606,9,0.47549921532550465,0.28045348774284323
2569,อุดรธานี_7,อุดรธานี,7,เพื่อไทย,24883,0.3707958931259034,0.36310668037611576,0.05071006005334764,0.13377143964117008,3.061858591971369,10,0.40374817459029694,0.008372545838065877
2569,อุดรธานี_8,อุดรธานี,8,ภูมิใจไทย,36105,0.49788325496090574,0.18472909800460582,0.16470620682046969,0.08469738130369431,2.796825887880977,10,0.5342003639753207,0.33599656738721945
2569,อุดรธานี_9,อุดรธานี,9,เพื่อไทย,27505,0.37437049135701644,0.2688308152987614,0.194991152851504,0.06710221859262284,3.246618712117645,8,0.4135343998075535,0.11658046668270387
2569,อุตรดิตถ์_1,อุตรดิตถ์,1,ภูมิใจไทย,34929,0.4521026676503708,0.25155645296988055,0.19737506309944472,0.021033148241628805,2.7711754476515886,6,0.49031415817400825,0.21749628007524074
2569,อุตรดิตถ์_2,อุตรดิตถ์,2,โอกาสใหม่,29747,0.4067465200864167,0.23614187655536412,0.15444253015013537,0.1052588399376487,3.2684181560679915,9,0.4506438418421451,0.18901681563399486
2569,อุตรดิตถ์_3,อุตรดิตถ์,3,เพื่อไทย,38074,0.5053623573135121,0.22600212370586673,0.08632864348287762,0.06867533846562252,2.4891715456281447,7,0.5701492984321418,0.3151739319247069
2569,อุทัยธานี_1,อุทัยธานี,1,ภูมิใจไทย,50705,0.6620661739743556,0.15783563575588228,0.053821847335022065,0.02982268299689238,1.748059397446102,4,0.7327418026272056,0.5580571973583434
2569,อุทัยธานี_2,อุทัยธานี,2,ภูมิใจไทย,50967,0.6654697863895127,0.13747584477986108,0.09709092808272836,0.02535645270799603,1.8154021334455601,5,0.7191212574427858,0.5705618421423936
2569,อุบลราชธานี_1,อุบลราชธานี,1,เพื่อไทย,29779,0.34463642991887233,0.24785028990706773,0.09538579050308424,0.1965465760875855,3.8674301333755294,8,0.38967547762365873,0.109434702957341
2569,อุบลราชธานี_10,อุบลราชธานี,10,ไทรวมพลัง,59424,0.7064865893094922,0.08399514932470992,0.07975080844588169,0.04644997146661594,1.635633924471603,6,0.7706993152106246,0.6790698277650965
2569,อุบลราชธานี_11,อุบลราชธานี,11,ภูมิใจไทย,54260,0.6749427803761568,0.14001393173450094,0.05307742063886954,0.06256841476763857,1.8067637181028597,7,0.7252750190474917,0.5748198842447169
2569,อุบลราชธานี_2,อุบลราชธานี,2,ไทรวมพลัง,33858,0.3992641596207592,0.3691347979387036,0.1017912524616455,0.07330102239360385,2.894038707970671,10,0.42317739254333886,0.031933907435413515
2569,อุบลราชธานี_3,อุบลราชธานี,3,ไทรวมพลัง,41261,0.46913622357903834,0.23830314606997077,0.14612682061602483,0.06483155393344021,2.8138571967658548,9,0.5108203134672048,0.25134325401738183
2569,อุบลราชธานี_4,อุบลราชธานี,4,เพื่อไทย,35628,0.3359008928318893,0.25654539112070673,0.24475095929931082,0.05613433018752298,3.335212414292565,8,0.376009202874843,0.08883096049729296
2569,อุบลราชธานี_5,อุบลราชธานี,5,ภูมิใจไทย,46827,0.6279939918997934,0.14959901295496608,0.10350561918300566,0.057184239465708234,2.052991294165171,7,0.6693013549825625,0.5098622148533531
2569,อุบลราชธานี_6,อุบลราชธานี,6,เพื่อไทย,31887,0.39817936614969657,0.37653904747633676,0.11259708798481556,0.04397992058140406,2.7613897598745805,6,0.4275543041029767,0.023236792705819253
2569,อุบลราชธานี_7,อุบลราชธานี,7,ภูมิใจไทย,42705,0.49568790407762936,0.38523324782654117,0.0672640534862396,0.01287244785439857,2.3166504922846065,8,0.5157733278581609,0.11493031232638469
2569,อุบลราชธานี_8,อุบลราชธานี,8,ภูมิใจไทย,32711,0.4158530383930842,0.3649504195270786,0.1097254004576659,0.05612763793541826,2.807369631060864,10,0.43928609798023205,0.05377094972067039
2569,อุบลราชธานี_9,อุบลราชธานี,9,ไทรวมพลัง,39071,0.5249502875261998,0.19103025742999946,0.139477078518837,0.08508894502069114,2.6344301388780753,7,0.5581332228618774,0.3550276416724997
2569,อ่างทอง_1,อ่างทอง,1,ภูมิใจไทย,52703,0.6545330352707401,0.2101713859910581,0.04978887232985594,0.017237953303527075,1.8269250919439985,6,0.7024912360209535,0.47692041107393734
2569,อ่างทอง_2,อ่างทอง,2,ภูมิใจไทย,57385,0.7000988202569327,0.16180902070345382,0.04829992557980651,0.013566435272731709,1.644751701633802,4,0.7578679063379072,0.5827071144626844
2569,เชียงราย_1,เชียงราย,1,เพื่อไทย,40692,0.4263755147374708,0.3255760344520469,0.07998994100820436,0.07198466003751165,2.764490628453262,9,0.4716928640979274,0.11151295961422544
2569,เชียงราย_2,เชียงราย,2,เพื่อไทย,32754,0.3469115404168785,0.25045543128283343,0.23024699203524826,0.05339137434333164,3.276030499304532,7,0.3937678075522054,0.10948413700244046
2569,เชียงราย_3,เชียงราย,3,กล้าธรรม,32028,0.34131889679867,0.24938190033675775,0.2238266763289143,0.05642823649771943,3.3034902313899983,7,0.39189007304807466,0.10555875047413951
2569,เชียงราย_4,เชียงราย,4,กล้าธรรม,31901,0.3395059757564148,0.2872620073858859,0.2167874588933942,0.0458904036695295,3.225375035680822,8,0.38170505533951543,0.05873766078372719
2569,เชียงราย_5,เชียงราย,5,ภูมิใจไทย,49323,0.5650799106375666,0.17544824425731798,0.1447671421206393,0.033900441083805924,2.273282744753734,6,0.6147547113371223,0.42388323860803667
2569,เชียงราย_6,เชียงราย,6,กล้าธรรม,26778,0.3326914236728,0.2915802159301271,0.22398091664699524,0.04470176048901092,3.235956494014927,8,0.3725738455330931,0.04603954196986351
2569,เชียงราย_7,เชียงราย,7,กล้าธรรม,31482,0.3382615235843988,0.25458257225744063,0.22373482325131622,0.09498227140861717,3.596494901669555,10,0.37107933851176933,0.09179740449557397
2569,เชียงใหม่_1,เชียงใหม่,1,ประชาชน,40228,0.44733564629481365,0.20649853215906058,0.08433413397384575,0.1699359487590072,3.2132842136141244,12,0.4926038401253918,0.2652086598746082
2569,เชียงใหม่_10,เชียงใหม่,10,กล้าธรรม,32218,0.3645064940942209,0.33918631488437345,0.1429492691315563,0.03295696248359506,2.879136502240895,6,0.4144007408741286,0.02878604687057855
2569,เชียงใหม่_2,เชียงใหม่,2,ประชาชน,43744,0.43761504601840734,0.24156662665066025,0.062875150060024,0.14898959583833532,3.080924316927273,12,0.49112485825595886,0.22002043359642523
2569,เชียงใหม่_3,เชียงใหม่,3,ประชาชน,41778,0.4247717428879354,0.2665982064786384,0.06572178050714765,0.13636456066860525,3.075994130321962,14,0.475425320056899,0.17703556187766714
2569,เชียงใหม่_4,เชียงใหม่,4,ประชาชน,42345,0.41355769982029844,0.2002207203687788,0.15707281818892102,0.14681811078990545,3.500815924142418,13,0.45066090547242504,0.23247695877056682
2569,เชียงใหม่_5,เชียงใหม่,5,ประชาชน,34191,0.3718919271683091,0.3298853575235485,0.0968261219517501,0.09859905588548805,3.1206006429553343,12,0.4145016790524568,0.04681949883011868
2569,เชียงใหม่_6,เชียงใหม่,6,กล้าธรรม,30287,0.37764810035037844,0.26910559982044663,0.18553847304829238,0.060723949176423646,3.18474233153429,8,0.42289057373043465,0.12154595847470644
2569,เชียงใหม่_7,เชียงใหม่,7,กล้าธรรม,31146,0.3349752634975264,0.20823833082383308,0.16304581630458162,0.21489567648956764,4.158859095482766,9,0.3636469777814102,0.13758479375124053
2569,เชียงใหม่_8,เชียงใหม่,8,ประชาชน,54200,0.4953164267763308,0.242960932145305,0.04765821338816541,0.126323966186886,2.6894036092334144,12,0.5429556018592723,0.2766268632793717
2569,เชียงใหม่_9,เชียงใหม่,9,กล้าธรรม,40927,0.42456275026452833,0.2058133986182286,0.15163177659287538,0.1311956679599162,3.308652982285712,8,0.4649157683088912,0.2395406163737774
2569,เพชรบุรี_1,เพชรบุรี,1,ภูมิใจไทย,58584,0.6391167743061617,0.1900091639029499,0.05721984639553151,0.017313230930354338,1.8221666930517617,4,0.7072543551483105,0.49698791544432774
2569,เพชรบุรี_2,เพชรบุรี,2,ภูมิใจไทย,63365,0.6476191449567164,0.17080424762118904,0.04041167993622436,0.048628925932361025,1.8239414643217595,5,0.7136582234285779,0.5254367095023033
2569,เพชรบุรี_3,เพชรบุรี,3,ภูมิใจไทย,67129,0.6968938811951083,0.12991300375807155,0.03816207462159749,0.05537445757116459,1.67698771185471,6,0.7572106978895243,0.6160536022469629
2569,เพชรบูรณ์_1,เพชรบูรณ์,1,ภูมิใจไทย,48580,0.5714420147506852,0.25130274193358665,0.03777069389387505,0.04825144389681578,2.1074444414212046,7,0.628810334338636,0.35227875791190444
2569,เพชรบูรณ์_2,เพชรบูรณ์,2,ภูมิใจไทย,38334,0.4287008353929254,0.41757344635927485,0.08163813059864235,0.02805891365369776,2.503877853708894,10,0.44844528672703027,0.011639877401090288
2569,เพชรบูรณ์_3,เพชรบูรณ์,3,ภูมิใจไทย,37503,0.4273067019119021,0.20679989973338195,0.16028986167764284,0.13222660255679877,3.294607978853468,8,0.4611440375771586,0.2379681774586233
2569,เพชรบูรณ์_4,เพชรบูรณ์,4,ภูมิใจไทย,44994,0.6601135546720265,0.13848094951658574,0.07856398820439842,0.05143703877583956,1.8683288466561365,11,0.7108730685373021,0.5617436091888647
2569,เพชรบูรณ์_5,เพชรบูรณ์,5,ภูมิใจไทย,42489,0.5567508779286127,0.20628701713926306,0.07590806646050631,0.058742596572147386,2.2422422645161624,7,0.6202049395691014,0.3904069597711216
2569,เพชรบูรณ์_6,เพชรบูรณ์,6,ภูมิใจไทย,58578,0.67436452385338,0.16407257321790386,0.05293332105360103,0.03681617240744152,1.776677884511195,7,0.726539825862625,0.5497730260709944
2569,เลย_1,เลย,1,เพื่อไทย,40796,0.4582172701949861,0.1926273699344056,0.15920118609039446,0.09690897654775811,2.984527131826548,8,0.5052261356318423,0.2928369742903849
2569,เลย_2,เลย,2,เพื่อไทย,26033,0.34743557234181693,0.21309506332661587,0.16982743664001923,0.1410401847081904,3.769975136337233,7,0.39871042837670195,0.15416660285176054
2569,เลย_3,เลย,3,ภูมิใจไทย,47786,0.5828698282591726,0.1680937743950039,0.09029810694769712,0.06404908274785324,2.171939262764539,7,0.6438339553495641,0.45815874213497526
2569,เลย_4,เลย,4,เพื่อไทย,28118,0.36361050045260573,0.22116901590585802,0.08749515065304539,0.1983059614638562,3.8482069599533766,8,0.417664359347613,0.16361664834675144
2569,แพร่_1,แพร่,1,ภูมิใจไทย,34337,0.40128787967323853,0.25366087393504505,0.16284315214977738,0.12498977409515351,3.363854502907772,6,0.4256424241672968,0.1565866296438621
2569,แพร่_2,แพร่,2,ภูมิใจไทย,50300,0.6582994149903807,0.15257364970095147,0.11872946904160504,0.009750160321428104,1.8742895455613433,5,0.700801114594218,0.5383768721699757
2569,แพร่_3,แพร่,3,ประชาชน,23574,0.28467576379664294,0.25530733003260475,0.19553194058688564,0.13778529163144548,3.8670302362588886,6,0.32597693520285403,0.033629248596476674
2569,แม่ฮ่องสอน_1,แม่ฮ่องสอน,1,กล้าธรรม,33724,0.5229337881842147,0.2772212746162196,0.044689099085129476,0.051558381144363466,2.271712891864189,5,0.5833693715511425,0.27410956771436973
2569,แม่ฮ่องสอน_2,แม่ฮ่องสอน,2,ภูมิใจไทย,23410,0.333100926308001,0.3290172028628751,0.17954154157002802,0.06321945389092047,3.239828027146925,7,0.3681164889769475,0.004513004371481586
