key,rate_2566,region,province,district_label,rate_2569,delta_rate,ballot_code
กระบี่_1,0.021391421883111158,ภาคใต้,กระบี่,กระบี่ เขต 1,0.04758511224126202,0.026193690358150865,CON
กระบี่_2,0.027838819985635727,ภาคใต้,กระบี่,กระบี่ เขต 2,0.051631714987840124,0.023792895002204398,CON
กระบี่_3,0.019205051632429387,ภาคใต้,กระบี่,กระบี่ เขต 3,0.04136740715995769,0.0221623555275283,CON
กรุงเทพมหานคร_1,0.03237082388831218,กรุงเทพ,กรุงเทพมหานคร,กรุงเทพมหานคร เขต 1,0.05114150594653852,0.018770682058226337,CON
กรุงเทพมหานคร_2,0.035322500824810296,กรุงเทพ,กรุงเทพมหานคร,กรุงเทพมหานคร เขต 2,0.054799697656840514,0.019477196832030218,CON
กรุงเทพมหานคร_3,0.0304774228699857,กรุงเทพ,กรุงเทพมหานคร,กรุงเทพมหานคร เขต 3,0.05096219182297209,0.02048476895298639,CON
กรุงเทพมหานคร_4,0.027844697181914953,กรุงเทพ,กรุงเทพมหานคร,กรุงเทพมหานคร เขต 4,0.04082397003745318,0.012979272855538227,CON
กรุงเทพมหานคร_5,0.02966545747682386,กรุงเทพ,กรุงเทพมหานคร,กรุงเทพมหานคร เขต 5,0.046619591509116744,0.016954134032292883,CON
กรุงเทพมหานคร_6,0.031032345786353166,กรุงเทพ,กรุงเทพมหานคร,กรุงเทพมหานคร เขต 6,0.05060381322876252,0.019571467442409354,CON
กรุงเทพมหานคร_7,0.033870239349691404,กรุงเทพ,กรุงเทพมหานคร,กรุงเทพมหานคร เขต 7,0.06086309523809524,0.026992855888403833,CON
กรุงเทพมหานคร_8,0.03361453241797333,กรุงเทพ,กรุงเทพมหานคร,กรุงเทพมหานคร เขต 8,0.05851103789480462,0.02489650547683129,CON
กรุงเทพมหานคร_9,0.03663435224268287,กรุงเทพ,กรุงเทพมหานคร,กรุงเทพมหานคร เขต 9,0.05893342044549705,0.02229906820281418,CON
กรุงเทพมหานคร_10,0.02875064840252829,กรุงเทพ,กรุงเทพมหานคร,กรุงเทพมหานคร เขต 10,0.05989385061846911,0.03114320221594082,CON
กรุงเทพมหานคร_11,0.0216444310175124,กรุงเทพ,กรุงเทพมหานคร,กรุงเทพมหานคร เขต 11,0.0420035703034758,0.020359139285963397,CON
กรุงเทพมหานคร_12,0.03052344704445071,กรุงเทพ,กรุงเทพมหานคร,กรุงเทพมหานคร เขต 12,0.052166224580017684,0.021642777535566975,CON
กรุงเทพมหานคร_13,0.030891992588312645,กรุงเทพ,กรุงเทพมหานคร,กรุงเทพมหานคร เขต 13,0.055136004475211525,0.02424401188689888,CON
กรุงเทพมหานคร_14,0.027358129398945726,กรุงเทพ,กรุงเทพมหานคร,กรุงเทพมหานคร เขต 14,0.042136471856610215,0.01477834245766449,CON
กรุงเทพมหานคร_15,0.026945327565539166,กรุงเทพ,กรุงเทพมหานคร,กรุงเทพมหานคร เขต 15,0.05314994250059776,0.026204614935058598,CON
กรุงเทพมหานคร_16,0.02676229306872329,กรุงเทพ,กรุงเทพมหานคร,กรุงเทพมหานคร เขต 16,0.046828125342150785,0.020065832273427495,CON
กรุงเทพมหานคร_17,0.025597110567400674,กรุงเทพ,กรุงเทพมหานคร,กรุงเทพมหานคร เขต 17,0.06848348488277661,0.04288637431537594,CON
กรุงเทพมหานคร_18,0.028865036151030973,กรุงเทพ,กรุงเทพมหานคร,กรุงเทพมหานคร เขต 18,0.061430734292202874,0.0325656981411719,CON
กรุงเทพมหานคร_19,0.03359742363772869,กรุงเทพ,กรุงเทพมหานคร,กรุงเทพมหานคร เขต 19,0.0499961053556923,0.01639868171796361,CON
กรุงเทพมหานคร_20,0.027586359708404423,กรุงเทพ,กรุงเทพมหานคร,กรุงเทพมหานคร เขต 20,0.04167881084232002,0.0140924511339156,CON
กรุงเทพมหานคร_21,0.023442226255293405,กรุงเทพ,กรุงเทพมหานคร,กรุงเทพมหานคร เขต 21,0.04058830883940851,0.017146082584115107,CON
กรุงเทพมหานคร_22,0.03240096842322155,กรุงเทพ,กรุงเทพมหานคร,กรุงเทพมหานคร เขต 22,0.056458639031548054,0.024057670608326504,CON
กรุงเทพมหานคร_23,0.031716822844416764,กรุงเทพ,กรุงเทพมหานคร,กรุงเทพมหานคร เขต 23,0.051443834521631225,0.01972701167721446,CON
กรุงเทพมหานคร_24,0.03539900273568615,กรุงเทพ,กรุงเทพมหานคร,กรุงเทพมหานคร เขต 24,0.05877534078993359,0.023376338054247443,CON
กรุงเทพมหานคร_25,0.02969593940306858,กรุงเทพ,กรุงเทพมหานคร,กรุงเทพมหานคร เขต 25,0.04435640676647871,0.014660467363410128,CON
กรุงเทพมหานคร_26,0.02624591604070634,กรุงเทพ,กรุงเทพมหานคร,กรุงเทพมหานคร เขต 26,0.052960408455750625,0.026714492415044287,CON
กรุงเทพมหานคร_27,0.01897294945819821,กรุงเทพ,กรุงเทพมหานคร,กรุงเทพมหานคร เขต 27,0.044976391786537825,0.026003442328339614,CON
กรุงเทพมหานคร_28,0.022827024618680622,กรุงเทพ,กรุงเทพมหานคร,กรุงเทพมหานคร เขต 28,0.057827579506444717,0.035000554887764095,CON
กรุงเทพมหานคร_29,0.027942624232888937,กรุงเทพ,กรุงเทพมหานคร,กรุงเทพมหานคร เขต 29,0.05474890658761391,0.026806282354724972,CON
กรุงเทพมหานคร_30,0.03083767734051288,กรุงเทพ,กรุงเทพมหานคร,กรุงเทพมหานคร เขต 30,0.05545259714040192,0.02461491979988904,CON
กรุงเทพมหานคร_31,0.03351652324824644,กรุงเทพ,กรุงเทพมหานคร,กรุงเทพมหานคร เขต 31,0.0654062940347581,0.031889770786511666,CON
กรุงเทพมหานคร_32,0.033863110761206516,กรุงเทพ,กรุงเทพมหานคร,กรุงเทพมหานคร เขต 32,0.06515558183968702,0.0312924710784805,CON
กรุงเทพมหานคร_33,0.02938161315124666,กรุงเทพ,กรุงเทพมหานคร,กรุงเทพมหานคร เขต 33,0.05893634610085423,0.02955473294960757,CON
กาญจนบุรี_1,0.02954919505873896,ภาคกลาง,กาญจนบุรี,กาญจนบุรี เขต 1,0.07275958121217943,0.04321038615344047,CON
กาญจนบุรี_2,0.014063979502794229,ภาคกลาง,กาญจนบุรี,กาญจนบุรี เขต 2,0.028277715941785495,0.014213736438991266,CON
กาญจนบุรี_3,0.01421930785817809,ภาคกลาง,กาญจนบุรี,กาญจนบุรี เขต 3,0.01927687641423138,0.00505756855605329,CON
กาญจนบุรี_4,0.01068274571769245,ภาคกลาง,กาญจนบุรี,กาญจนบุรี เขต 4,0.053669371288699516,0.04298662557100707,CON
กาญจนบุรี_5,0.014987756961448665,ภาคกลาง,กาญจนบุรี,กาญจนบุรี เขต 5,0.02203257606203163,0.007044819100582966,CON
กาฬสินธุ์_2,0.007248611967921036,ภาคอีสาน,กาฬสินธุ์,กาฬสินธุ์ เขต 2,0.038438467847568214,0.031189855879647177,CON
กาฬสินธุ์_3,0.011447528268386133,ภาคอีสาน,กาฬสินธุ์,กาฬสินธุ์ เขต 3,0.023052991942517215,0.011605463674131082,CON
กาฬสินธุ์_4,0.01056508471009155,ภาคอีสาน,กาฬสินธุ์,กาฬสินธุ์ เขต 4,0.018505909245659258,0.007940824535567707,CON
กาฬสินธุ์_5,0.013804755429183664,ภาคอีสาน,กาฬสินธุ์,กาฬสินธุ์ เขต 5,0.018002308913367647,0.0041975534841839825,CON
กาฬสินธุ์_6,0.020415480333227883,ภาคอีสาน,กาฬสินธุ์,กาฬสินธุ์ เขต 6,0.016956800531978056,-0.003458679801249826,CON
กาฬสินธุ์_1,0.0162378163519885,ภาคอีสาน,กาฬสินธุ์,กาฬสินธุ์ เขต 1,0.03859537702271795,0.022357560670729453,CON
กำแพงเพชร_3,0.023719927275802292,ภาคเหนือ,กำแพงเพชร,กำแพงเพชร เขต 3,0.029276469179679132,0.00555654190387684,CON
กำแพงเพชร_4,0.016680319475732133,ภาคเหนือ,กำแพงเพชร,กำแพงเพชร เขต 4,0.02806269171779141,0.011382372242059277,CON
กำแพงเพชร_1,0.02647738527566854,ภาคเหนือ,กำแพงเพชร,กำแพงเพชร เขต 1,0.051472285422231014,0.024994900146562474,CON
กำแพงเพชร_2,0.02360177912368695,ภาคเหนือ,กำแพงเพชร,กำแพงเพชร เขต 2,0.02641058936874293,0.002808810245055981,CON
ขอนแก่น_1,0.03293128730457052,ภาคอีสาน,ขอนแก่น,ขอนแก่น เขต 1,0.06046527793868897,0.027533990634118453,CON
ขอนแก่น_2,0.027989079269440782,ภาคอีสาน,ขอนแก่น,ขอนแก่น เขต 2,0.06039428497051373,0.03240520570107295,CON
ขอนแก่น_3,0.008310507002945888,ภาคอีสาน,ขอนแก่น,ขอนแก่น เขต 3,0.02186172638045643,0.013551219377510543,CON
ขอนแก่น_6,0.015188843184267834,ภาคอีสาน,ขอนแก่น,ขอนแก่น เขต 6,0.028395991426750856,0.013207148242483022,CON
ขอนแก่น_7,0.009765844011539598,ภาคอีสาน,ขอนแก่น,ขอนแก่น เขต 7,0.029361433846708095,0.019595589835168497,CON
ขอนแก่น_10,0.009363722079526612,ภาคอีสาน,ขอนแก่น,ขอนแก่น เขต 10,0.01569154084397987,0.006327818764453257,CON
ขอนแก่น_11,0.007481007723350227,ภาคอีสาน,ขอนแก่น,ขอนแก่น เขต 11,0.025483304042179262,0.018002296318829034,CON
ขอนแก่น_4,0.015434787012092608,ภาคอีสาน,ขอนแก่น,ขอนแก่น เขต 4,0.023502259207489516,0.008067472195396908,CON
ขอนแก่น_8,0.016495834434687263,ภาคอีสาน,ขอนแก่น,ขอนแก่น เขต 8,0.03271458662453923,0.016218752189851967,CON
ขอนแก่น_9,0.011052125760834744,ภาคอีสาน,ขอนแก่น,ขอนแก่น เขต 9,0.013656856688442277,0.0026047309276075337,CON
ขอนแก่น_5,0.013547335308029667,ภาคอีสาน,ขอนแก่น,ขอนแก่น เขต 5,0.017100957161487167,0.0035536218534575007,CON
จันทบุรี_1,0.027229044313934865,ภาคตะวันออก,จันทบุรี,จันทบุรี เขต 1,0.05827754108338405,0.031048496769449187,CON
จันทบุรี_2,0.029918882880213347,ภาคตะวันออก,จันทบุรี,จันทบุรี เขต 2,0.057373218041598506,0.02745433516138516,CON
จันทบุรี_3,0.024087082619258366,ภาคตะวันออก,จันทบุรี,จันทบุรี เขต 3,0.05539833100088115,0.03131124838162279,CON
ฉะเชิงเทรา_1,0.020470996691886935,ภาคตะวันออก,ฉะเชิงเทรา,ฉะเชิงเทรา เขต 1,0.08184340027740306,0.06137240358551612,CON
ฉะเชิงเทรา_2,0.02041757891469747,ภาคตะวันออก,ฉะเชิงเทรา,ฉะเชิงเทรา เขต 2,0.03600750850847339,0.01558992959377592,CON
ฉะเชิงเทรา_3,0.014044472692283927,ภาคตะวันออก,ฉะเชิงเทรา,ฉะเชิงเทรา เขต 3,0.05177861998191406,0.037734147289630135,CON
ฉะเชิงเทรา_4,0.015304163091882175,ภาคตะวันออก,ฉะเชิงเทรา,ฉะเชิงเทรา เขต 4,0.04649243700338591,0.031188273911503733,CON
ชลบุรี_1,0.02468947649165587,ภาคตะวันออก,ชลบุรี,ชลบุรี เขต 1,0.04376403017372136,0.01907455368206549,CON
ชลบุรี_2,0.021521046566799974,ภาคตะวันออก,ชลบุรี,ชลบุรี เขต 2,0.039811339892484025,0.018290293325684052,CON
ชลบุรี_3,0.017723616668687603,ภาคตะวันออก,ชลบุรี,ชลบุรี เขต 3,0.05018079766851962,0.03245718099983202,CON
ชลบุรี_5,0.016622937857168528,ภาคตะวันออก,ชลบุรี,ชลบุรี เขต 5,0.04641281087777857,0.029789873020610043,CON
ชลบุรี_6,0.020137717267626632,ภาคตะวันออก,ชลบุรี,ชลบุรี เขต 6,0.0492815701205693,0.02914385285294267,CON
ชลบุรี_7,0.019698737897648685,ภาคตะวันออก,ชลบุรี,ชลบุรี เขต 7,0.04416441216953818,0.024465674271889497,CON
ชลบุรี_8,0.022550512324595696,ภาคตะวันออก,ชลบุรี,ชลบุรี เขต 8,0.043935879236921375,0.02138536691232568,CON
ชลบุรี_9,0.01983217918341166,ภาคตะวันออก,ชลบุรี,ชลบุรี เขต 9,0.051631563808367156,0.0317993846249555,CON
ชลบุรี_10,0.03278213872088534,ภาคตะวันออก,ชลบุรี,ชลบุรี เขต 10,0.053086507823274835,0.020304369102389495,CON
ชลบุรี_4,0.015239045940148249,ภาคตะวันออก,ชลบุรี,ชลบุรี เขต 4,0.046496359078429035,0.031257313138280785,CON
ชัยนาท_1,0.02442845253830714,ภาคกลาง,ชัยนาท,ชัยนาท เขต 1,0.08393907723381519,0.05951062469550805,CON
ชัยนาท_2,0.015559834725138616,ภาคกลาง,ชัยนาท,ชัยนาท เขต 2,0.05943669444874317,0.043876859723604555,CON
ชัยภูมิ_1,0.019360913926198802,ภาคอีสาน,ชัยภูมิ,ชัยภูมิ เขต 1,0.03775482832618026,0.01839391439998146,CON
ชัยภูมิ_3,0.009141299003173751,ภาคอีสาน,ชัยภูมิ,ชัยภูมิ เขต 3,0.021897226884040596,0.012755927880866845,CON
ชัยภูมิ_4,0.009414533686378346,ภาคอีสาน,ชัยภูมิ,ชัยภูมิ เขต 4,0.009993070498559393,0.0005785368121810474,CON
ชัยภูมิ_5,0.011064785118665812,ภาคอีสาน,ชัยภูมิ,ชัยภูมิ เขต 5,0.012643870751543428,0.0015790856328776158,CON
ชัยภูมิ_6,0.008157226953779139,ภาคอีสาน,ชัยภูมิ,ชัยภูมิ เขต 6,0.022993805267886698,0.014836578314107559,CON
ชัยภูมิ_7,0.009634877141393215,ภาคอีสาน,ชัยภูมิ,ชัยภูมิ เขต 7,0.010413902892013797,0.0007790257506205822,CON
ชัยภูมิ_2,0.013335536985197658,ภาคอีสาน,ชัยภูมิ,ชัยภูมิ เขต 2,0.038203084616586724,0.024867547631389066,CON
ชุมพร_1,0.030491127922335836,ภาคใต้,ชุมพร,ชุมพร เขต 1,0.051462704855261145,0.02097157693292531,CON
ชุมพร_2,0.03121173340207894,ภาคใต้,ชุมพร,ชุมพร เขต 2,0.03508428259400374,0.003872549191924802,CON
ชุมพร_3,0.03171555450526295,ภาคใต้,ชุมพร,ชุมพร เขต 3,0.03690740301979452,0.005191848514531569,CON
เชียงราย_1,0.02726649920073076,ภาคเหนือ,เชียงราย,เชียงราย เขต 1,0.061663715330532186,0.03439721612980143,CON
เชียงราย_3,0.014524957996856538,ภาคเหนือ,เชียงราย,เชียงราย เขต 3,0.04599514045782003,0.03147018246096349,CON
เชียงราย_5,0.015291524899474173,ภาคเหนือ,เชียงราย,เชียงราย เขต 5,0.03207882224895457,0.0167872973494804,CON
เชียงราย_6,0.018845741159281327,ภาคเหนือ,เชียงราย,เชียงราย เขต 6,0.04596901439948316,0.02712327324020183,CON
เชียงราย_7,0.02009970877141024,ภาคเหนือ,เชียงราย,เชียงราย เขต 7,0.04286021274309659,0.022760503971686354,CON
เชียงราย_4,0.019528316058284513,ภาคเหนือ,เชียงราย,เชียงราย เขต 4,0.051296787033193916,0.0317684709749094,CON
เชียงราย_2,0.020467243725212053,ภาคเหนือ,เชียงราย,เชียงราย เขต 2,0.05554143365531266,0.035074189930100606,CON
เชียงใหม่_5,0.02469841738296381,ภาคเหนือ,เชียงใหม่,เชียงใหม่ เขต 5,0.05876786530052862,0.034069447917564805,CON
เชียงใหม่_1,0.03703225568485698,ภาคเหนือ,เชียงใหม่,เชียงใหม่ เขต 1,0.06625300240192154,0.029220746717064566,CON
เชียงใหม่_2,0.03573041907012301,ภาคเหนือ,เชียงใหม่,เชียงใหม่ เขต 2,0.0764905962384954,0.04076017716837239,CON
เชียงใหม่_3,0.026151097184201957,ภาคเหนือ,เชียงใหม่,เชียงใหม่ เขต 3,0.06961587734103342,0.04346478015683146,CON
เชียงใหม่_4,0.0330917579833104,ภาคเหนือ,เชียงใหม่,เชียงใหม่ เขต 4,0.05729939839049926,0.02420764040718886,CON
เชียงใหม่_6,0.013983406357788757,ภาคเหนือ,เชียงใหม่,เชียงใหม่ เขต 6,0.03566129253481964,0.02167788617703088,CON
เชียงใหม่_7,0.0263569051015556,ภาคเหนือ,เชียงใหม่,เชียงใหม่ เขต 7,0.03314691331469133,0.006790008213135728,CON
เชียงใหม่_8,0.023210635674105105,ภาคเหนือ,เชียงใหม่,เชียงใหม่ เขต 8,0.05549006168608636,0.032279426011981256,CON
เชียงใหม่_9,0.01518057613467989,ภาคเหนือ,เชียงใหม่,เชียงใหม่ เขต 9,0.031069109317620698,0.015888533182940808,CON
เชียงใหม่_10,0.010058650439377865,ภาคเหนือ,เชียงใหม่,เชียงใหม่ เขต 10,0.01578268543241164,0.005724034993033774,CON
ตรัง_1,0.035907786062096464,ภาคใต้,ตรัง,ตรัง เขต 1,0.06568102642535474,0.029773240363258277,CON
ตรัง_2,0.028712653988186686,ภาคใต้,ตรัง,ตรัง เขต 2,0.03409028123100724,0.005377627242820555,CON
ตรัง_4,0.025050493166264683,ภาคใต้,ตรัง,ตรัง เขต 4,0.03797870986895119,0.012928216702686506,CON
ตรัง_3,0.06772162490064008,ภาคใต้,ตรัง,ตรัง เขต 3,0.04598465594641458,-0.021736968954225507,CON
ตราด_1,0.02024984577421345,ภาคตะวันออก,ตราด,ตราด เขต 1,0.03847039240685649,0.018220546632643043,CON
ตาก_1,0.02833178172443426,ภาคเหนือ,ตาก,ตาก เขต 1,0.04606453558504222,0.01773275386060796,CON
ตาก_2,0.02262500792192154,ภาคเหนือ,ตาก,ตาก เขต 2,0.20589792149435968,0.18327291357243813,CON
ตาก_3,0.01611368651187271,ภาคเหนือ,ตาก,ตาก เขต 3,0.028090919527034783,0.011977233015162073,CON
นครนายก_1,0.022000354463283512,ภาคตะวันออก,นครนายก,นครนายก เขต 1,0.03664892965528504,0.014648575192001526,CON
นครนายก_2,0.018072898519775664,ภาคตะวันออก,นครนายก,นครนายก เขต 2,0.04118325198067159,0.023110353460895926,CON
นครปฐม_2,0.03246519082440148,ภาคกลาง,นครปฐม,นครปฐม เขต 2,0.054363490792634105,0.021898299968232622,CON
นครปฐม_4,0.015192661235383596,ภาคกลาง,นครปฐม,นครปฐม เขต 4,0.03270788475340921,0.017515223518025612,CON
นครปฐม_6,0.030835468990261405,ภาคกลาง,นครปฐม,นครปฐม เขต 6,0.053697221614526364,0.022861752624264958,CON
นครปฐม_5,0.023589422510312315,ภาคกลาง,นครปฐม,นครปฐม เขต 5,0.0418569478408611,0.018267525330548786,CON
นครปฐม_1,0.020052529617763208,ภาคกลาง,นครปฐม,นครปฐม เขต 1,0.04659715357716059,0.026544623959397384,CON
นครปฐม_3,0.02498432053957907,ภาคกลาง,นครปฐม,นครปฐม เขต 3,0.04989609685580051,0.024911776316221438,CON
นครพนม_1,0.0081268385102458,ภาคอีสาน,นครพนม,นครพนม เขต 1,0.01143469917597923,0.003307860665733431,CON
นครพนม_2,0.012271658075171412,ภาคอีสาน,นครพนม,นครพนม เขต 2,0.04552849152051345,0.03325683344534204,CON
นครพนม_3,0.01345886773956376,ภาคอีสาน,นครพนม,นครพนม เขต 3,0.02328483730970745,0.00982596957014369,CON
นครพนม_4,0.008990788946736083,ภาคอีสาน,นครพนม,นครพนม เขต 4,0.017902813299232736,0.008912024352496653,CON
นครราชสีมา_1,0.03798160576684067,ภาคอีสาน,นครราชสีมา,นครราชสีมา เขต 1,0.08035997882477501,0.04237837305793434,CON
นครราชสีมา_2,0.03221772161349934,ภาคอีสาน,นครราชสีมา,นครราชสีมา เขต 2,0.053469828263671325,0.021252106650171985,CON
นครราชสีมา_3,0.03304069172133945,ภาคอีสาน,นครราชสีมา,นครราชสีมา เขต 3,0.0616619229148899,0.02862123119355045,CON
นครราชสีมา_4,0.015319756504625833,ภาคอีสาน,นครราชสีมา,นครราชสีมา เขต 4,0.06139788595201287,0.04607812944738704,CON
นครราชสีมา_5,0.016235006119951042,ภาคอีสาน,นครราชสีมา,นครราชสีมา เขต 5,0.03834507274043842,0.022110066620487378,CON
นครราชสีมา_6,0.015488288679963045,ภาคอีสาน,นครราชสีมา,นครราชสีมา เขต 6,0.02165231727422605,0.006164028594263004,CON
นครราชสีมา_7,0.010232446156540011,ภาคอีสาน,นครราชสีมา,นครราชสีมา เขต 7,0.025437267593995318,0.015204821437455307,CON
นครราชสีมา_8,0.013940728956331966,ภาคอีสาน,นครราชสีมา,นครราชสีมา เขต 8,0.037827352085354024,0.02388662312902206,CON
นครราชสีมา_9,0.008833128724136899,ภาคอีสาน,นครราชสีมา,นครราชสีมา เขต 9,0.018639955802166656,0.009806827078029757,CON
นครราชสีมา_10,0.013103748910200523,ภาคอีสาน,นครราชสีมา,นครราชสีมา เขต 10,0.03026856792931502,0.0171648190191145,CON
นครราชสีมา_11,0.009524088332015965,ภาคอีสาน,นครราชสีมา,นครราชสีมา เขต 11,0.04607986864481323,0.03655578031279726,CON
นครราชสีมา_12,0.011871936274509803,ภาคอีสาน,นครราชสีมา,นครราชสีมา เขต 12,0.04275457297623328,0.030882636701723476,CON
นครราชสีมา_15,0.008097546311952804,ภาคอีสาน,นครราชสีมา,นครราชสีมา เขต 15,0.016800267201068805,0.008702720889116,CON
นครราชสีมา_16,0.008411444476280136,ภาคอีสาน,นครราชสีมา,นครราชสีมา เขต 16,0.026747060596924933,0.0183356161206448,CON
นครราชสีมา_14,0.019948159668221877,ภาคอีสาน,นครราชสีมา,นครราชสีมา เขต 14,0.06766679249418556,0.04771863282596368,CON
นครราชสีมา_13,0.01745950879874334,ภาคอีสาน,นครราชสีมา,นครราชสีมา เขต 13,0.06675122658340767,0.049291717784664325,CON
นครศรีธรรมราช_1,0.0302147997582816,ภาคใต้,นครศรีธรรมราช,นครศรีธรรมราช เขต 1,0.05086401920278695,0.02064921944450535,CON
นครศรีธรรมราช_2,0.0378404679121347,ภาคใต้,นครศรีธรรมราช,นครศรีธรรมราช เขต 2,0.05673134760621115,0.018890879694076455,CON
นครศรีธรรมราช_3,0.017941444206871732,ภาคใต้,นครศรีธรรมราช,นครศรีธรรมราช เขต 3,0.025485737685485524,0.0075442934786137915,CON
นครศรีธรรมราช_4,0.04559920808098011,ภาคใต้,นครศรีธรรมราช,นครศรีธรรมราช เขต 4,0.036683665076492844,-0.008915543004487263,CON
นครศรีธรรมราช_5,0.026822870026022187,ภาคใต้,นครศรีธรรมราช,นครศรีธรรมราช เขต 5,0.03601584488689669,0.009192974860874507,CON
นครศรีธรรมราช_6,0.028980742132456553,ภาคใต้,นครศรีธรรมราช,นครศรีธรรมราช เขต 6,0.028303980310274566,-0.0006767618221819871,CON
นครศรีธรรมราช_8,0.0437487501944142,ภาคใต้,นครศรีธรรมราช,นครศรีธรรมราช เขต 8,0.04576926437183296,0.0020205141774187543,CON
นครศรีธรรมราช_9,0.02271495115123754,ภาคใต้,นครศรีธรรมราช,นครศรีธรรมราช เขต 9,0.03446214125788724,0.0117471901066497,CON
นครศรีธรรมราช_7,0.032124822820694544,ภาคใต้,นครศรีธรรมราช,นครศรีธรรมราช เขต 7,0.11381420281613008,0.08168937999543555,CON
นครสวรรค์_1,0.032562052212707235,ภาคเหนือ,นครสวรรค์,นครสวรรค์ เขต 1,0.05232450023245002,0.019762448019742786,CON
นครสวรรค์_2,0.02071248717709596,ภาคเหนือ,นครสวรรค์,นครสวรรค์ เขต 2,0.031134188556302178,0.010421701379206217,CON
นครสวรรค์_3,0.015990171179183436,ภาคเหนือ,นครสวรรค์,นครสวรรค์ เขต 3,0.03904983904983905,0.023059667870655616,CON
นครสวรรค์_4,0.011706739491625767,ภาคเหนือ,นครสวรรค์,นครสวรรค์ เขต 4,0.03306730284435372,0.02136056335272795,CON
นครสวรรค์_6,0.008992343661682339,ภาคเหนือ,นครสวรรค์,นครสวรรค์ เขต 6,0.014409726565431666,0.005417382903749327,CON
นครสวรรค์_5,0.018268497330282227,ภาคเหนือ,นครสวรรค์,นครสวรรค์ เขต 5,0.031302988395165654,0.013034491064883427,CON
นนทบุรี_1,0.03832902267995033,ปริมณฑล,นนทบุรี,นนทบุรี เขต 1,0.05615269573824817,0.017823673058297844,CON
นนทบุรี_2,0.03550767166932171,ปริมณฑล,นนทบุรี,นนทบุรี เขต 2,0.06383183298679135,0.02832416131746964,CON
นนทบุรี_3,0.039368304430694695,ปริมณฑล,นนทบุรี,นนทบุรี เขต 3,0.07392880194627874,0.03456049751558404,CON
นนทบุรี_4,0.035851445890681115,ปริมณฑล,นนทบุรี,นนทบุรี เขต 4,0.05650924343638341,0.020657797545702294,CON
นนทบุรี_5,0.04484084932689666,ปริมณฑล,นนทบุรี,นนทบุรี เขต 5,0.059852288915606656,0.015011439588709999,CON
นนทบุรี_6,0.037157277061002116,ปริมณฑล,นนทบุรี,นนทบุรี เขต 6,0.06694883747533388,0.029791560414331765,CON
นนทบุรี_7,0.03174482987080592,ปริมณฑล,นนทบุรี,นนทบุรี เขต 7,0.0627922652399208,0.031047435369114883,CON
นนทบุรี_8,0.03774371099655025,ปริมณฑล,นนทบุรี,นนทบุรี เขต 8,0.058091624852119286,0.020347913855569034,CON
นราธิวาส_1,0.02273486451194947,ภาคใต้,นราธิวาส,นราธิวาส เขต 1,0.029445159336916205,0.006710294824966736,CON
นราธิวาส_2,0.025773322221677532,ภาคใต้,นราธิวาส,นราธิวาส เขต 2,0.051484684237383976,0.025711362015706445,CON
นราธิวาส_3,0.02004675919017062,ภาคใต้,นราธิวาส,นราธิวาส เขต 3,0.014520271174888329,-0.005526488015282291,CON
นราธิวาส_4,0.013333333333333334,ภาคใต้,นราธิวาส,นราธิวาส เขต 4,0.012418412496638716,-0.0009149208366946177,CON
นราธิวาส_5,0.00834003110549774,ภาคใต้,นราธิวาส,นราธิวาส เขต 5,0.016459111420054903,0.008119080314557162,CON
น่าน_1,0.032873873310524104,ภาคเหนือ,น่าน,น่าน เขต 1,0.06303989234709381,0.030166019036569708,CON
น่าน_3,0.020239671893023455,ภาคเหนือ,น่าน,น่าน เขต 3,0.05183455724105547,0.031594885348032016,CON
น่าน_2,0.018684690983956805,ภาคเหนือ,น่าน,น่าน เขต 2,0.04648099964665446,0.027796308662697656,CON
บึงกาฬ_1,0.01133705949974234,ภาคอีสาน,บึงกาฬ,บึงกาฬ เขต 1,0.020995334370139968,0.009658274870397629,CON
บึงกาฬ_2,0.010844965398150207,ภาคอีสาน,บึงกาฬ,บึงกาฬ เขต 2,0.014259886084036812,0.0034149206858866046,CON
บึงกาฬ_3,0.012533279750841413,ภาคอีสาน,บึงกาฬ,บึงกาฬ เขต 3,0.03007084830382523,0.017537568552983815,CON
บุรีรัมย์_1,0.023089330298946067,ภาคอีสาน,บุรีรัมย์,บุรีรัมย์ เขต 1,0.037970561417220265,0.014881231118274198,CON
บุรีรัมย์_4,0.010127445132861856,ภาคอีสาน,บุรีรัมย์,บุรีรัมย์ เขต 4,0.025320729237002026,0.01519328410414017,CON
บุรีรัมย์_5,0.015959517321915143,ภาคอีสาน,บุรีรัมย์,บุรีรัมย์ เขต 5,0.031768628959856354,0.01580911163794121,CON
บุรีรัมย์_6,0.019374461979913916,ภาคอีสาน,บุรีรัมย์,บุรีรัมย์ เขต 6,0.03645728426322908,0.01708282228331516,CON
บุรีรัมย์_7,0.012260686368188988,ภาคอีสาน,บุรีรัมย์,บุรีรัมย์ เขต 7,0.028446081808850204,0.016185395440661214,CON
บุรีรัมย์_9,0.011333016325883658,ภาคอีสาน,บุรีรัมย์,บุรีรัมย์ เขต 9,0.029463539801885666,0.018130523476002008,CON
บุรีรัมย์_8,0.01986819360414866,ภาคอีสาน,บุรีรัมย์,บุรีรัมย์ เขต 8,0.04144616387850819,0.02157797027435953,CON
บุรีรัมย์_3,0.012881315538608199,ภาคอีสาน,บุรีรัมย์,บุรีรัมย์ เขต 3,0.019671746087671395,0.006790430549063196,CON
บุรีรัมย์_10,0.014528020920350125,ภาคอีสาน,บุรีรัมย์,บุรีรัมย์ เขต 10,0.029574719523612198,0.015046698603262073,CON
บุรีรัมย์_2,0.01821802792676579,ภาคอีสาน,บุรีรัมย์,บุรีรัมย์ เขต 2,0.041018507318253294,0.022800479391487504,CON
ปทุมธานี_1,0.022904894694356793,ปริมณฑล,ปทุมธานี,ปทุมธานี เขต 1,0.044301502957231495,0.021396608262874702,CON
ปทุมธานี_2,0.03483916135450827,ปริมณฑล,ปทุมธานี,ปทุมธานี เขต 2,0.03704310768726438,0.0022039463327561126,CON
ปทุมธานี_3,0.026500952190037085,ปริมณฑล,ปทุมธานี,ปทุมธานี เขต 3,0.07151058081945069,0.04500962862941361,CON
ปทุมธานี_4,0.029110669517145252,ปริมณฑล,ปทุมธานี,ปทุมธานี เขต 4,0.054093373892342284,0.02498270437519703,CON
ปทุมธานี_5,0.024663715896123657,ปริมณฑล,ปทุมธานี,ปทุมธานี เขต 5,0.0588404276578737,0.034176711761750043,CON
ปทุมธานี_6,0.03019222085476745,ปริมณฑล,ปทุมธานี,ปทุมธานี เขต 6,0.05573499856445593,0.025542777709688477,CON
ปทุมธานี_7,0.023531187033437186,ปริมณฑล,ปทุมธานี,ปทุมธานี เขต 7,0.04102223088476399,0.017491043851326805,CON
ประจวบคีรีขันธ์_1,0.019587133941430628,ภาคกลาง,ประจวบคีรีขันธ์,ประจวบคีรีขันธ์ เขต 1,0.020008569778489856,0.00042143583705922874,CON
ประจวบคีรีขันธ์_2,0.02228944579797303,ภาคกลาง,ประจวบคีรีขันธ์,ประจวบคีรีขันธ์ เขต 2,0.0425254980120194,0.020236052214046372,CON
ประจวบคีรีขันธ์_3,0.020671460048706947,ภาคกลาง,ประจวบคีรีขันธ์,ประจวบคีรีขันธ์ เขต 3,0.0211156532655229,0.00044419321681595306,CON
ปราจีนบุรี_3,0.018690576957146512,ภาคตะวันออก,ปราจีนบุรี,ปราจีนบุรี เขต 3,0.04940277890631348,0.030712201949166965,CON
ปราจีนบุรี_1,0.032681708158761945,ภาคตะวันออก,ปราจีนบุรี,ปราจีนบุรี เขต 1,0.08668654856227188,0.05400484040350994,CON
ปราจีนบุรี_2,0.01780541675718734,ภาคตะวันออก,ปราจีนบุรี,ปราจีนบุรี เขต 2,0.03896473544220558,0.021159318685018236,CON
ปัตตานี_1,0.03469951891130425,ภาคใต้,ปัตตานี,ปัตตานี เขต 1,0.034686380472402696,-1.3138438901556804e-05,CON
ปัตตานี_2,0.018644509766736202,ภาคใต้,ปัตตานี,ปัตตานี เขต 2,0.03382261571916744,0.015178105952431239,CON
ปัตตานี_3,0.016289238764476608,ภาคใต้,ปัตตานี,ปัตตานี เขต 3,0.02275691684441512,0.006467678079938512,CON
ปัตตานี_4,0.013565544946298084,ภาคใต้,ปัตตานี,ปัตตานี เขต 4,0.012132628999749706,-0.0014329159465483778,CON
ปัตตานี_5,0.014274124030221592,ภาคใต้,ปัตตานี,ปัตตานี เขต 5,0.022391676168757126,0.008117552138535534,CON
พระนครศรีอยุธยา_3,0.017877995885002503,ภาคกลาง,พระนครศรีอยุธยา,พระนครศรีอยุธยา เขต 3,0.03459288979380003,0.016714893908797525,CON
พระนครศรีอยุธยา_1,0.03551583164879393,ภาคกลาง,พระนครศรีอยุธยา,พระนครศรีอยุธยา เขต 1,0.048856055789356825,0.013340224140562892,CON
พระนครศรีอยุธยา_2,0.022338585254102577,ภาคกลาง,พระนครศรีอยุธยา,พระนครศรีอยุธยา เขต 2,0.045424883251422396,0.02308629799731982,CON
พระนครศรีอยุธยา_5,0.018129085805410748,ภาคกลาง,พระนครศรีอยุธยา,พระนครศรีอยุธยา เขต 5,0.027173525426146494,0.009044439620735745,CON
พระนครศรีอยุธยา_4,0.017085541788058548,ภาคกลาง,พระนครศรีอยุธยา,พระนครศรีอยุธยา เขต 4,0.0365492229999805,0.019463681211921952,CON
พะเยา_2,0.020091130869573984,ภาคเหนือ,พะเยา,พะเยา เขต 2,0.035762181493071074,0.01567105062349709,CON
พะเยา_3,0.016849036506245762,ภาคเหนือ,พะเยา,พะเยา เขต 3,0.030392595558277006,0.013543559052031244,CON
พะเยา_1,0.030669236366496884,ภาคเหนือ,พะเยา,พะเยา เขต 1,0.036155047498267985,0.005485811131771101,CON
พังงา_1,0.03252850435949028,ภาคใต้,พังงา,พังงา เขต 1,0.06779303656016755,0.035264532200677275,CON
พังงา_2,0.060421846560154174,ภาคใต้,พังงา,พังงา เขต 2,0.057377875192099366,-0.0030439713680548083,CON
พัทลุง_1,0.018383418051568384,ภาคใต้,พัทลุง,พัทลุง เขต 1,0.027051785894229623,0.00866836784266124,CON
พัทลุง_2,0.01881656707999902,ภาคใต้,พัทลุง,พัทลุง เขต 2,0.02340863484079889,0.004592067760799869,CON
พัทลุง_3,0.03869991661723874,ภาคใต้,พัทลุง,พัทลุง เขต 3,0.03441845341698066,-0.00428146320025808,CON
พิจิตร_1,0.01591414784225032,ภาคเหนือ,พิจิตร,พิจิตร เขต 1,0.04538600403525539,0.029471856193005068,CON
พิจิตร_2,0.012940930912126905,ภาคเหนือ,พิจิตร,พิจิตร เขต 2,0.039007954427038104,0.0260670235149112,CON
พิจิตร_3,0.008935156294321211,ภาคเหนือ,พิจิตร,พิจิตร เขต 3,0.01900586422157188,0.010070707927250669,CON
พิษณุโลก_2,0.022800495662949196,ภาคเหนือ,พิษณุโลก,พิษณุโลก เขต 2,0.07576988569965833,0.05296939003670913,CON
พิษณุโลก_1,0.03496356769541831,ภาคเหนือ,พิษณุโลก,พิษณุโลก เขต 1,0.06581288179187654,0.030849314096458233,CON
พิษณุโลก_3,0.014559676761243196,ภาคเหนือ,พิษณุโลก,พิษณุโลก เขต 3,0.03072136032956438,0.016161683568321185,CON
พิษณุโลก_4,0.012695452589298523,ภาคเหนือ,พิษณุโลก,พิษณุโลก เขต 4,0.025109194758651584,0.012413742169353061,CON
พิษณุโลก_5,0.01959315100395913,ภาคเหนือ,พิษณุโลก,พิษณุโลก เขต 5,0.029295104928027494,0.009701953924068363,CON
เพชรบุรี_1,0.019215907030884754,ภาคกลาง,เพชรบุรี,เพชรบุรี เขต 1,0.05666346657357305,0.0374475595426883,CON
เพชรบุรี_2,0.014785218301988083,ภาคกลาง,เพชรบุรี,เพชรบุรี เขต 2,0.04777040769395869,0.03298518939197061,CON
เพชรบุรี_3,0.017250458499028527,ภาคกลาง,เพชรบุรี,เพชรบุรี เขต 3,0.04249112389178415,0.025240665392755626,CON
เพชรบูรณ์_1,0.026700058988502418,ภาคเหนือ,เพชรบูรณ์,เพชรบูรณ์ เขต 1,0.05029818968863586,0.02359813070013344,CON
เพชรบูรณ์_2,0.024844095755381213,ภาคเหนือ,เพชรบูรณ์,เพชรบูรณ์ เขต 2,0.017378856842505508,-0.007465238912875705,CON
เพชรบูรณ์_3,0.01810647967262333,ภาคเหนือ,เพชรบูรณ์,เพชรบูรณ์ เขต 3,0.03385137752660484,0.015744897853981508,CON
เพชรบูรณ์_4,0.015434380776340111,ภาคเหนือ,เพชรบูรณ์,เพชรบูรณ์ เขต 4,0.030780064846466455,0.015345684070126344,CON
เพชรบูรณ์_5,0.016307634788154696,ภาคเหนือ,เพชรบูรณ์,เพชรบูรณ์ เขต 5,0.03900885790659888,0.022701223118444185,CON
เพชรบูรณ์_6,0.014870602291395533,ภาคเหนือ,เพชรบูรณ์,เพชรบูรณ์ เขต 6,0.029402284030208142,0.01453168173881261,CON
แพร่_1,0.023319292664486926,ภาคเหนือ,แพร่,แพร่ เขต 1,0.029929762642140076,0.00661046997765315,CON
แพร่_2,0.013528591352859136,ภาคเหนือ,แพร่,แพร่ เขต 2,0.022431912471043987,0.008903321118184851,CON
แพร่_3,0.01852969059725933,ภาคเหนือ,แพร่,แพร่ เขต 3,0.05453447651249849,0.03600478591523916,CON
ภูเก็ต_1,0.04527553886948988,ภาคใต้,ภูเก็ต,ภูเก็ต เขต 1,0.06185655949847587,0.01658102062898599,CON
ภูเก็ต_2,0.03707107843137255,ภาคใต้,ภูเก็ต,ภูเก็ต เขต 2,0.07494225074802723,0.037871172316654676,CON
ภูเก็ต_3,0.037219955622360607,ภาคใต้,ภูเก็ต,ภูเก็ต เขต 3,0.05942270719005844,0.022202751567697833,CON
มหาสารคาม_1,0.0213043025315137,ภาคอีสาน,มหาสารคาม,มหาสารคาม เขต 1,0.038636497208345576,0.017332194676831877,CON
มหาสารคาม_2,0.011561528209684585,ภาคอีสาน,มหาสารคาม,มหาสารคาม เขต 2,0.019606213021850883,0.008044684812166298,CON
มหาสารคาม_3,0.004693509484800417,ภาคอีสาน,มหาสารคาม,มหาสารคาม เขต 3,0.007969111567561946,0.0032756020827615293,CON
มหาสารคาม_4,0.00946500202821472,ภาคอีสาน,มหาสารคาม,มหาสารคาม เขต 4,0.01571589823738821,0.006250896209173488,CON
มหาสารคาม_5,0.0125850375571692,ภาคอีสาน,มหาสารคาม,มหาสารคาม เขต 5,0.045875854320756485,0.033290816763587285,CON
มหาสารคาม_6,0.01197708908663189,ภาคอีสาน,มหาสารคาม,มหาสารคาม เขต 6,0.023202205541655082,0.011225116455023191,CON
มุกดาหาร_1,0.016135561308543187,ภาคอีสาน,มุกดาหาร,มุกดาหาร เขต 1,0.02388380623129137,0.007748244922748181,CON
มุกดาหาร_2,0.016767211649617735,ภาคอีสาน,มุกดาหาร,มุกดาหาร เขต 2,0.024454623088269543,0.0076874114386518075,CON
แม่ฮ่องสอน_1,0.018738850103246288,ภาคเหนือ,แม่ฮ่องสอน,แม่ฮ่องสอน เขต 1,0.046379283609861995,0.027640433506615707,CON
แม่ฮ่องสอน_2,0.014923235190707486,ภาคเหนือ,แม่ฮ่องสอน,แม่ฮ่องสอน เขต 2,0.024118157628879183,0.009194922438171696,CON
ยโสธร_1,0.01213673511869745,ภาคอีสาน,ยโสธร,ยโสธร เขต 1,0.020074082925080654,0.007937347806383204,CON
ยโสธร_2,0.00866588101430429,ภาคอีสาน,ยโสธร,ยโสธร เขต 2,0.009669186217728477,0.0010033052034241867,CON
ยโสธร_3,0.008820265564611794,ภาคอีสาน,ยโสธร,ยโสธร เขต 3,0.020365462407588228,0.011545196842976434,CON
ยะลา_1,0.0397367678477849,ภาคใต้,ยะลา,ยะลา เขต 1,0.05047268789061619,0.01073592004283129,CON
ยะลา_2,0.02687427107526989,ภาคใต้,ยะลา,ยะลา เขต 2,0.039129725319553985,0.012255454244284095,CON
ยะลา_3,0.028727183633468087,ภาคใต้,ยะลา,ยะลา เขต 3,0.04740267579818467,0.018675492164716583,CON
ร้อยเอ็ด_2,0.010772104607721046,ภาคอีสาน,ร้อยเอ็ด,ร้อยเอ็ด เขต 2,0.019799800727576058,0.009027696119855011,CON
ร้อยเอ็ด_1,0.015678709584739936,ภาคอีสาน,ร้อยเอ็ด,ร้อยเอ็ด เขต 1,0.02340297065571791,0.007724261070977973,CON
ร้อยเอ็ด_3,0.009897149443631688,ภาคอีสาน,ร้อยเอ็ด,ร้อยเอ็ด เขต 3,0.017602637736651775,0.007705488293020087,CON
ร้อยเอ็ด_4,0.011573597087712068,ภาคอีสาน,ร้อยเอ็ด,ร้อยเอ็ด เขต 4,0.019240342493030665,0.007666745405318597,CON
ร้อยเอ็ด_6,0.011398881619161893,ภาคอีสาน,ร้อยเอ็ด,ร้อยเอ็ด เขต 6,0.015504542458372739,0.0041056608392108455,CON
ร้อยเอ็ด_7,0.006933535561453876,ภาคอีสาน,ร้อยเอ็ด,ร้อยเอ็ด เขต 7,0.007092005869246237,0.000158470307792361,CON
ร้อยเอ็ด_8,0.010846753469247902,ภาคอีสาน,ร้อยเอ็ด,ร้อยเอ็ด เขต 8,0.01885162977767908,0.008004876308431177,CON
ร้อยเอ็ด_5,0.015071624159858788,ภาคอีสาน,ร้อยเอ็ด,ร้อยเอ็ด เขต 5,0.03883879480976468,0.023767170649905894,CON
ระนอง_1,0.023767273276447936,ภาคใต้,ระนอง,ระนอง เขต 1,0.08073189926547744,0.0569646259890295,CON
ระยอง_1,0.024915111274520407,ภาคตะวันออก,ระยอง,ระยอง เขต 1,0.042372582860765735,0.01745747158624533,CON
ระยอง_2,0.029618461976780076,ภาคตะวันออก,ระยอง,ระยอง เขต 2,0.07048562326985408,0.04086716129307401,CON
ระยอง_3,0.024047319932998325,ภาคตะวันออก,ระยอง,ระยอง เขต 3,0.0618485926480684,0.03780127271507007,CON
ระยอง_4,0.0255787616786811,ภาคตะวันออก,ระยอง,ระยอง เขต 4,0.040611951418126374,0.015033189739445275,CON
ระยอง_5,0.02141665838276064,ภาคตะวันออก,ระยอง,ระยอง เขต 5,0.053672614648224405,0.032255956265463764,CON
ราชบุรี_2,0.03745272198155328,ภาคกลาง,ราชบุรี,ราชบุรี เขต 2,0.06376035745897006,0.026307635477416783,CON
ราชบุรี_3,0.02036144073126756,ภาคกลาง,ราชบุรี,ราชบุรี เขต 3,0.07402647096337431,0.05366503023210675,CON
ราชบุรี_4,0.013801346598677478,ภาคกลาง,ราชบุรี,ราชบุรี เขต 4,0.02283219543913427,0.009030848840456792,CON
ราชบุรี_5,0.013032153528525258,ภาคกลาง,ราชบุรี,ราชบุรี เขต 5,0.024791672564951916,0.011759519036426658,CON
ราชบุรี_1,0.03615117765199927,ภาคกลาง,ราชบุรี,ราชบุรี เขต 1,0.05038139090827723,0.014230213256277963,CON
ลพบุรี_1,0.04198562807855513,ภาคกลาง,ลพบุรี,ลพบุรี เขต 1,0.05217418133947672,0.010188553260921586,CON
ลพบุรี_2,0.031718624096108164,ภาคกลาง,ลพบุรี,ลพบุรี เขต 2,0.03870793350452764,0.006989309408419478,CON
ลพบุรี_3,0.020466517719884395,ภาคกลาง,ลพบุรี,ลพบุรี เขต 3,0.02640832723884709,0.005941809518962695,CON
ลพบุรี_4,0.018733224186129396,ภาคกลาง,ลพบุรี,ลพบุรี เขต 4,0.027172129653261386,0.00843890546713199,CON
ลำปาง_2,0.022057040610707446,ภาคเหนือ,ลำปาง,ลำปาง เขต 2,0.04875555008567723,0.026698509474969784,CON
ลำปาง_1,0.034694977812798074,ภาคเหนือ,ลำปาง,ลำปาง เขต 1,0.079613350078015,0.04491837226521692,CON
ลำปาง_3,0.03263981991823493,ภาคเหนือ,ลำปาง,ลำปาง เขต 3,0.06673543480679187,0.03409561488855693,CON
ลำปาง_4,0.019167942618991084,ภาคเหนือ,ลำปาง,ลำปาง เขต 4,0.04057797273610695,0.021410030117115866,CON
ลำพูน_2,0.019711715279938893,ภาคเหนือ,ลำพูน,ลำพูน เขต 2,0.05492136984114313,0.03520965456120424,CON
ลำพูน_1,0.022939514391073224,ภาคเหนือ,ลำพูน,ลำพูน เขต 1,0.0676657388336881,0.04472622444261487,CON
เลย_3,0.016513947248519213,ภาคอีสาน,เลย,เลย เขต 3,0.045399102263856364,0.02888515501533715,CON
เลย_4,0.018966917421781502,ภาคอีสาน,เลย,เลย เขต 4,0.05132548816759343,0.03235857074581193,CON
เลย_1,0.02866321243523316,ภาคอีสาน,เลย,เลย เขต 1,0.04396172162817863,0.01529850919294547,CON
เลย_2,0.019176379842303738,ภาคอีสาน,เลย,เลย เขต 2,0.05131524509869343,0.03213886525638969,CON
ศรีสะเกษ_1,0.01416937624914238,ภาคอีสาน,ศรีสะเกษ,ศรีสะเกษ เขต 1,0.01746607878005408,0.0032967025309117003,CON
ศรีสะเกษ_3,0.010194201769517556,ภาคอีสาน,ศรีสะเกษ,ศรีสะเกษ เขต 3,0.028268371904181893,0.018074170134664336,CON
ศรีสะเกษ_4,0.01096807712290019,ภาคอีสาน,ศรีสะเกษ,ศรีสะเกษ เขต 4,0.02349869451697128,0.012530617394071089,CON
ศรีสะเกษ_5,0.011977956915789952,ภาคอีสาน,ศรีสะเกษ,ศรีสะเกษ เขต 5,0.02289480530743214,0.010916848391642187,CON
ศรีสะเกษ_6,0.013103017597073845,ภาคอีสาน,ศรีสะเกษ,ศรีสะเกษ เขต 6,0.017542129290424393,0.004439111693350548,CON
ศรีสะเกษ_8,0.007726325942191075,ภาคอีสาน,ศรีสะเกษ,ศรีสะเกษ เขต 8,0.02011490475000986,0.012388578807818785,CON
ศรีสะเกษ_9,0.012224046706805327,ภาคอีสาน,ศรีสะเกษ,ศรีสะเกษ เขต 9,0.01801718986992692,0.005793143163121595,CON
ศรีสะเกษ_2,0.019507035044416893,ภาคอีสาน,ศรีสะเกษ,ศรีสะเกษ เขต 2,0.018374202673847703,-0.0011328323705691902,CON
ศรีสะเกษ_7,0.014922118022475006,ภาคอีสาน,ศรีสะเกษ,ศรีสะเกษ เขต 7,0.010599721059972107,-0.0043223969625028995,CON
สกลนคร_1,0.029300527825111177,ภาคอีสาน,สกลนคร,สกลนคร เขต 1,0.03956798109917309,0.010267453274061911,CON
สกลนคร_7,0.01438831552899994,ภาคอีสาน,สกลนคร,สกลนคร เขต 7,0.03702526616875894,0.022636950639759,CON
สกลนคร_4,0.019798505773149195,ภาคอีสาน,สกลนคร,สกลนคร เขต 4,0.045382473251522296,0.0255839674783731,CON
สกลนคร_2,0.015057524362612464,ภาคอีสาน,สกลนคร,สกลนคร เขต 2,0.020147090530148768,0.0050895661675363045,CON
สกลนคร_5,0.010264152709993797,ภาคอีสาน,สกลนคร,สกลนคร เขต 5,0.017534135460321752,0.0072699827503279555,CON
สกลนคร_6,0.01308127369037797,ภาคอีสาน,สกลนคร,สกลนคร เขต 6,0.02620315704003413,0.01312188334965616,CON
สกลนคร_3,0.011715363273799202,ภาคอีสาน,สกลนคร,สกลนคร เขต 3,0.04034055567074435,0.028625192396945148,CON
สงขลา_2,0.024434525186178824,ภาคใต้,สงขลา,สงขลา เขต 2,0.03243532696696544,0.008000801780786614,CON
สงขลา_1,0.03416923302537029,ภาคใต้,สงขลา,สงขลา เขต 1,0.07708590195415216,0.04291666892878187,CON
สงขลา_3,0.03269423512379821,ภาคใต้,สงขลา,สงขลา เขต 3,0.08802792390536898,0.05533368878157077,CON
สงขลา_4,0.021617574125037682,ภาคใต้,สงขลา,สงขลา เขต 4,0.02960198237658986,0.007984408251552177,CON
สงขลา_6,0.018354266476757735,ภาคใต้,สงขลา,สงขลา เขต 6,0.025377937701141235,0.0070236712243835,CON
สงขลา_7,0.037675850826171836,ภาคใต้,สงขลา,สงขลา เขต 7,0.029667333986454828,-0.008008516839717008,CON
สงขลา_8,0.031113665992588562,ภาคใต้,สงขลา,สงขลา เขต 8,0.02850273567841454,-0.002610930314174021,CON
สงขลา_9,0.036926492123156705,ภาคใต้,สงขลา,สงขลา เขต 9,0.06089223638470452,0.023965744261547815,CON
สงขลา_5,0.0562069968020157,ภาคใต้,สงขลา,สงขลา เขต 5,0.06235026977480574,0.006143272972790041,CON
สตูล_1,0.04326147528963191,ภาคใต้,สตูล,สตูล เขต 1,0.05195843325339728,0.008696957963765371,CON
สตูล_2,0.02167608143458316,ภาคใต้,สตูล,สตูล เขต 2,0.05591858236474294,0.03424250093015978,CON
สมุทรปราการ_1,0.02639381083104567,ปริมณฑล,สมุทรปราการ,สมุทรปราการ เขต 1,0.05091829719436472,0.02452448636331905,CON
สมุทรปราการ_2,0.02134898187198663,ปริมณฑล,สมุทรปราการ,สมุทรปราการ เขต 2,0.04713475893809283,0.0257857770661062,CON
สมุทรปราการ_3,0.027711365048287806,ปริมณฑล,สมุทรปราการ,สมุทรปราการ เขต 3,0.05638457460607496,0.028673209557787155,CON
สมุทรปราการ_4,0.03211865239171005,ปริมณฑล,สมุทรปราการ,สมุทรปราการ เขต 4,0.06101024388626745,0.028891591494557396,CON
สมุทรปราการ_5,0.027097311939987496,ปริมณฑล,สมุทรปราการ,สมุทรปราการ เขต 5,0.07267326933409024,0.045575957394102744,CON
สมุทรปราการ_6,0.026486191293493524,ปริมณฑล,สมุทรปราการ,สมุทรปราการ เขต 6,0.048393959955378194,0.02190776866188467,CON
สมุทรปราการ_7,0.016881085451158212,ปริมณฑล,สมุทรปราการ,สมุทรปราการ เขต 7,0.0487633572467767,0.03188227179561849,CON
สมุทรปราการ_8,0.023027680897090636,ปริมณฑล,สมุทรปราการ,สมุทรปราการ เขต 8,0.0476303678064737,0.024602686909383064,CON
สมุทรสงคราม_1,0.02463323210842925,ภาคกลาง,สมุทรสงคราม,สมุทรสงคราม เขต 1,0.06056292160967667,0.03592968950124742,CON
สมุทรสาคร_1,0.028044783108424502,ปริมณฑล,สมุทรสาคร,สมุทรสาคร เขต 1,0.05360409581455881,0.025559312706134305,CON
สมุทรสาคร_2,0.02554673377521001,ปริมณฑล,สมุทรสาคร,สมุทรสาคร เขต 2,0.05033222591362126,0.024785492138411254,CON
สมุทรสาคร_3,0.02314992731708132,ปริมณฑล,สมุทรสาคร,สมุทรสาคร เขต 3,0.04564926020341121,0.02249933288632989,CON
สระแก้ว_1,0.015044214975621513,ภาคตะวันออก,สระแก้ว,สระแก้ว เขต 1,0.04291407517213969,0.027869860196518173,CON
สระแก้ว_2,0.015436293736165585,ภาคตะวันออก,สระแก้ว,สระแก้ว เขต 2,0.040324524058157285,0.0248882303219917,CON
สระแก้ว_3,0.01584073929501902,ภาคตะวันออก,สระแก้ว,สระแก้ว เขต 3,0.03718467832219049,0.02134393902717147,CON
สระบุรี_4,0.026542020046260602,ภาคกลาง,สระบุรี,สระบุรี เขต 4,0.058499605159252434,0.031957585112991835,CON
สระบุรี_3,0.01757098950379835,ภาคกลาง,สระบุรี,สระบุรี เขต 3,0.042520507542474426,0.024949518038676077,CON
สระบุรี_1,0.03198179082597122,ภาคกลาง,สระบุรี,สระบุรี เขต 1,0.06828551205967223,0.036303721233701014,CON
สระบุรี_2,0.018951645968675115,ภาคกลาง,สระบุรี,สระบุรี เขต 2,0.035540948911793734,0.016589302943118618,CON
สิงห์บุรี_1,0.02995414483540049,ภาคกลาง,สิงห์บุรี,สิงห์บุรี เขต 1,0.05650697724612536,0.026552832410724873,CON
สุโขทัย_1,0.032033020031853564,ภาคเหนือ,สุโขทัย,สุโขทัย เขต 1,0.06559649377565972,0.03356347374380616,CON
สุโขทัย_2,0.015289251300771575,ภาคเหนือ,สุโขทัย,สุโขทัย เขต 2,0.04344380113109711,0.028154549830325535,CON
สุโขทัย_4,0.020080903083454987,ภาคเหนือ,สุโขทัย,สุโขทัย เขต 4,0.01893509244255037,-0.0011458106409046181,CON
สุโขทัย_3,0.01366141087893502,ภาคเหนือ,สุโขทัย,สุโขทัย เขต 3,0.06616484452072381,0.05250343364178879,CON
สุพรรณบุรี_1,0.029989100228797,ภาคกลาง,สุพรรณบุรี,สุพรรณบุรี เขต 1,0.044821579335477875,0.014832479106680875,CON
สุพรรณบุรี_2,0.017485991743579763,ภาคกลาง,สุพรรณบุรี,สุพรรณบุรี เขต 2,0.036459289166207866,0.018973297422628103,CON
สุพรรณบุรี_3,0.012847208955794139,ภาคกลาง,สุพรรณบุรี,สุพรรณบุรี เขต 3,0.01811130540115467,0.005264096445360531,CON
สุพรรณบุรี_4,0.011339579920107505,ภาคกลาง,สุพรรณบุรี,สุพรรณบุรี เขต 4,0.03928536067503493,0.027945780754927423,CON
สุพรรณบุรี_5,0.022650830355265925,ภาคกลาง,สุพรรณบุรี,สุพรรณบุรี เขต 5,0.05062397213891845,0.027973141783652525,CON
สุราษฎร์ธานี_1,0.04461008526737817,ภาคใต้,สุราษฎร์ธานี,สุราษฎร์ธานี เขต 1,0.06289340361291643,0.018283318345538258,CON
สุราษฎร์ธานี_5,0.05123805136473569,ภาคใต้,สุราษฎร์ธานี,สุราษฎร์ธานี เขต 5,0.029929331907573575,-0.021308719457162117,CON
สุราษฎร์ธานี_7,0.054675894851509116,ภาคใต้,สุราษฎร์ธานี,สุราษฎร์ธานี เขต 7,0.02763106202802392,-0.027044832823485195,CON
สุราษฎร์ธานี_2,0.025267777096211013,ภาคใต้,สุราษฎร์ธานี,สุราษฎร์ธานี เขต 2,0.03245136088391085,0.00718358378769984,CON
สุราษฎร์ธานี_3,0.03387579236093863,ภาคใต้,สุราษฎร์ธานี,สุราษฎร์ธานี เขต 3,0.035297119213746134,0.0014213268528075057,CON
สุราษฎร์ธานี_4,0.059600652178768455,ภาคใต้,สุราษฎร์ธานี,สุราษฎร์ธานี เขต 4,0.02307929244037666,-0.036521359738391795,CON
สุราษฎร์ธานี_6,0.02709295955179293,ภาคใต้,สุราษฎร์ธานี,สุราษฎร์ธานี เขต 6,0.017792964070296794,-0.009299995481496137,CON
สุรินทร์_1,0.022664527124674833,ภาคอีสาน,สุรินทร์,สุรินทร์ เขต 1,0.04774212480671776,0.025077597682042926,CON
สุรินทร์_4,0.01717258393221066,ภาคอีสาน,สุรินทร์,สุรินทร์ เขต 4,0.02259221808208552,0.005419634149874859,CON
สุรินทร์_5,0.013807795486823418,ภาคอีสาน,สุรินทร์,สุรินทร์ เขต 5,0.01144070796460177,-0.0023670875222216482,CON
สุรินทร์_2,0.014613098470561518,ภาคอีสาน,สุรินทร์,สุรินทร์ เขต 2,0.025894137683757618,0.0112810392131961,CON
สุรินทร์_3,0.00891152803703821,ภาคอีสาน,สุรินทร์,สุรินทร์ เขต 3,0.02696978633280609,0.018058258295767883,CON
สุรินทร์_6,0.009473518991883045,ภาคอีสาน,สุรินทร์,สุรินทร์ เขต 6,0.02235788265372675,0.012884363661843704,CON
สุรินทร์_7,0.015215571152434802,ภาคอีสาน,สุรินทร์,สุรินทร์ เขต 7,0.025345357749323054,0.010129786596888252,CON
สุรินทร์_8,0.01188231683255141,ภาคอีสาน,สุรินทร์,สุรินทร์ เขต 8,0.020491215255585844,0.008608898423034434,CON
หนองคาย_3,0.016166056694891396,ภาคอีสาน,หนองคาย,หนองคาย เขต 3,0.03821493995522084,0.022048883260329447,CON
หนองคาย_1,0.019148958086546285,ภาคอีสาน,หนองคาย,หนองคาย เขต 1,0.025882990504465023,0.006734032417918739,CON
หนองคาย_2,0.01139800219941349,ภาคอีสาน,หนองคาย,หนองคาย เขต 2,0.014089347079037801,0.002691344879624311,CON
หนองบัวลำภู_1,0.015120883701542309,ภาคอีสาน,หนองบัวลำภู,หนองบัวลำภู เขต 1,0.025920779901145708,0.0107998961996034,CON
หนองบัวลำภู_2,0.009745843684311103,ภาคอีสาน,หนองบัวลำภู,หนองบัวลำภู เขต 2,0.020841744045215986,0.011095900360904883,CON
หนองบัวลำภู_3,0.009928232407768326,ภาคอีสาน,หนองบัวลำภู,หนองบัวลำภู เขต 3,0.02261433931649934,0.012686106908731015,CON
อ่างทอง_1,0.02289864098400765,ภาคกลาง,อ่างทอง,อ่างทอง เขต 1,0.03625186289120715,0.013353221907199501,CON
อ่างทอง_2,0.01658539785275403,ภาคกลาง,อ่างทอง,อ่างทอง เขต 2,0.03777129820537534,0.021185900352621308,CON
อำนาจเจริญ_2,0.009846797778433634,ภาคอีสาน,อำนาจเจริญ,อำนาจเจริญ เขต 2,0.037754124100242654,0.02790732632180902,CON
อำนาจเจริญ_1,0.012020004925455132,ภาคอีสาน,อำนาจเจริญ,อำนาจเจริญ เขต 1,0.03614090972970441,0.024120904804249277,CON
อุดรธานี_7,0.016941081229091517,ภาคอีสาน,อุดรธานี,อุดรธานี เขต 7,0.03655356371168433,0.01961248248259281,CON
อุดรธานี_8,0.014575488886189725,ภาคอีสาน,อุดรธานี,อุดรธานี เขต 8,0.03011707599597336,0.015541587109783634,CON
อุดรธานี_2,0.028976531221659402,ภาคอีสาน,อุดรธานี,อุดรธานี เขต 2,0.04251325873370206,0.01353672751204266,CON
อุดรธานี_5,0.011943790900091282,ภาคอีสาน,อุดรธานี,อุดรธานี เขต 5,0.021359164430700198,0.009415373530608916,CON
อุดรธานี_9,0.014631132251445626,ภาคอีสาน,อุดรธานี,อุดรธานี เขต 9,0.030965019735946644,0.016333887484501017,CON
อุดรธานี_10,0.01629249826293217,ภาคอีสาน,อุดรธานี,อุดรธานี เขต 10,0.024687216048088347,0.008394717785156176,CON
อุดรธานี_1,0.032144118685976684,ภาคอีสาน,อุดรธานี,อุดรธานี เขต 1,0.06699021986910803,0.03484610118313134,CON
อุดรธานี_3,0.011414176720864921,ภาคอีสาน,อุดรธานี,อุดรธานี เขต 3,0.015703368400463835,0.004289191679598913,CON
อุดรธานี_4,0.006974228918808041,ภาคอีสาน,อุดรธานี,อุดรธานี เขต 4,0.020440994155499145,0.013466765236691105,CON
อุดรธานี_6,0.009100148911527644,ภาคอีสาน,อุดรธานี,อุดรธานี เขต 6,0.013697920712602604,0.00459777180107496,CON
อุตรดิตถ์_2,0.02337855706301321,ภาคเหนือ,อุตรดิตถ์,อุตรดิตถ์ เขต 2,0.04975797850520962,0.026379421442196408,CON
อุตรดิตถ์_3,0.024739414385190953,ภาคเหนือ,อุตรดิตถ์,อุตรดิตถ์ เขต 3,0.0555481815768516,0.03080876719166065,CON
อุตรดิตถ์_1,0.022430898895045955,ภาคเหนือ,อุตรดิตถ์,อุตรดิตถ์ เขต 1,0.03732898432545076,0.014898085430404804,CON
อุทัยธานี_1,0.029997613209798858,ภาคกลาง,อุทัยธานี,อุทัยธานี เขต 1,0.056942522131982344,0.026944908922183486,CON
อุทัยธานี_2,0.017862665429610434,ภาคกลาง,อุทัยธานี,อุทัยธานี เขต 2,0.03349088630072596,0.01562822087111553,CON
อุบลราชธานี_1,0.02962927437532972,ภาคอีสาน,อุบลราชธานี,อุบลราชธานี เขต 1,0.07120950848889558,0.04158023411356586,CON
อุบลราชธานี_4,0.03349872529400477,ภาคอีสาน,อุบลราชธานี,อุบลราชธานี เขต 4,0.060160087491868346,0.026661362197863574,CON
อุบลราชธานี_2,0.025044812289081824,ภาคอีสาน,อุบลราชธานี,อุบลราชธานี เขต 2,0.031190669921345268,0.006145857632263444,CON
อุบลราชธานี_3,0.008524014772387591,ภาคอีสาน,อุบลราชธานี,อุบลราชธานี เขต 3,0.044524792213846344,0.036000777441458756,CON
อุบลราชธานี_5,0.007465084397223889,ภาคอีสาน,อุบลราชธานี,อุบลราชธานี เขต 5,0.02597698683045892,0.01851190243323503,CON
อุบลราชธานี_6,0.007900906180965691,ภาคอีสาน,อุบลราชธานี,อุบลราชธานี เขต 6,0.01985464898479059,0.011953742803824897,CON
อุบลราชธานี_7,0.0075698251109370925,ภาคอีสาน,อุบลราชธานี,อุบลราชธานี เขต 7,0.010875999674996807,0.003306174564059715,CON
อุบลราชธานี_8,0.01419362836246436,ภาคอีสาน,อุบลราชธานี,อุบลราชธานี เขต 8,0.020887363335875923,0.006693734973411563,CON
อุบลราชธานี_9,0.01109070114026271,ภาคอีสาน,อุบลราชธานี,อุบลราชธานี เขต 9,0.014389745794593433,0.0032990446543307225,CON
อุบลราชธานี_10,0.007497361126182561,ภาคอีสาน,อุบลราชธานี,อุบลราชธานี เขต 10,0.028366939319003234,0.020869578192820672,CON
อุบลราชธานี_11,0.008605208021550435,ภาคอีสาน,อุบลราชธานี,อุบลราชธานี เขต 11,0.03138371977311175,0.022778511751561318,CON
กระบี่_1,0.014358893992967471,ภาคใต้,กระบี่,กระบี่ เขต 1,0.02727655576792251,0.01291766177495504,PL
กระบี่_2,0.015468393238071757,ภาคใต้,กระบี่,กระบี่ เขต 2,0.02214674604386099,0.0066783528057892325,PL
กระบี่_3,0.012166551034156838,ภาคใต้,กระบี่,กระบี่ เขต 3,0.021299925345278088,0.00913337431112125,PL
กรุงเทพมหานคร_1,0.020221172383111243,กรุงเทพ,กรุงเทพมหานคร,กรุงเทพมหานคร เขต 1,0.02622992770776022,0.006008755324648975,PL
กรุงเทพมหานคร_2,0.019403662157703727,กรุงเทพ,กรุงเทพมหานคร,กรุงเทพมหานคร เขต 2,0.02736842105263158,0.007964758894927853,PL
กรุงเทพมหานคร_3,0.01808213580330995,กรุงเทพ,กรุงเทพมหานคร,กรุงเทพมหานคร เขต 3,0.024755192973048883,0.006673057169738934,PL
กรุงเทพมหานคร_4,0.018017614234811644,กรุงเทพ,กรุงเทพมหานคร,กรุงเทพมหานคร เขต 4,0.023092086736130668,0.0050744725013190245,PL
กรุงเทพมหานคร_5,0.01608222490931076,กรุงเทพ,กรุงเทพมหานคร,กรุงเทพมหานคร เขต 5,0.022968351811112807,0.006886126901802046,PL
กรุงเทพมหานคร_6,0.016723088591671754,กรุงเทพ,กรุงเทพมหานคร,กรุงเทพมหานคร เขต 6,0.025524821586706256,0.008801732995034502,PL
กรุงเทพมหานคร_7,0.018565722658210063,กรุงเทพ,กรุงเทพมหานคร,กรุงเทพมหานคร เขต 7,0.02970138499719798,0.011135662338987919,PL
กรุงเทพมหานคร_8,0.01714961561206387,กรุงเทพ,กรุงเทพมหานคร,กรุงเทพมหานคร เขต 8,0.026326303627155614,0.009176688015091746,PL
กรุงเทพมหานคร_9,0.017041606753559996,กรุงเทพ,กรุงเทพมหานคร,กรุงเทพมหานคร เขต 9,0.02742648491748464,0.010384878163924645,PL
กรุงเทพมหานคร_10,0.014466441889282729,กรุงเทพ,กรุงเทพมหานคร,กรุงเทพมหานคร เขต 10,0.028801728985874804,0.014335287096592075,PL
กรุงเทพมหานคร_11,0.013049283215249827,กรุงเทพ,กรุงเทพมหานคร,กรุงเทพมหานคร เขต 11,0.025198325021568505,0.012149041806318678,PL
กรุงเทพมหานคร_12,0.014773047645897942,กรุงเทพ,กรุงเทพมหานคร,กรุงเทพมหานคร เขต 12,0.024259778480383385,0.009486730834485443,PL
กรุงเทพมหานคร_13,0.01540116753999721,กรุงเทพ,กรุงเทพมหานคร,กรุงเทพมหานคร เขต 13,0.023735056991937727,0.008333889451940517,PL
กรุงเทพมหานคร_14,0.015853383200321976,กรุงเทพ,กรุงเทพมหานคร,กรุงเทพมหานคร เขต 14,0.023001905615962336,0.00714852241564036,PL
กรุงเทพมหานคร_15,0.01501016313128681,กรุงเทพ,กรุงเทพมหานคร,กรุงเทพมหานคร เขต 15,0.025388876930223073,0.010378713798936264,PL
กรุงเทพมหานคร_16,0.012909564277644054,กรุงเทพ,กรุงเทพมหานคร,กรุงเทพมหานคร เขต 16,0.025243845033881048,0.012334280756236994,PL
กรุงเทพมหานคร_17,0.016276360246999882,กรุงเทพ,กรุงเทพมหานคร,กรุงเทพมหานคร เขต 17,0.03986459577857427,0.023588235531574388,PL
กรุงเทพมหานคร_18,0.015286084084620191,กรุงเทพ,กรุงเทพมหานคร,กรุงเทพมหานคร เขต 18,0.03154279364598328,0.01625670956136309,PL
กรุงเทพมหานคร_19,0.015094637847235942,กรุงเทพ,กรุงเทพมหานคร,กรุงเทพมหานคร เขต 19,0.023445758732348915,0.008351120885112973,PL
กรุงเทพมหานคร_20,0.012397518280522934,กรุงเทพ,กรุงเทพมหานคร,กรุงเทพมหานคร เขต 20,0.027830350451560456,0.015432832171037521,PL
กรุงเทพมหานคร_21,0.015486993345432546,กรุงเทพ,กรุงเทพมหานคร,กรุงเทพมหานคร เขต 21,0.025699742662479735,0.010212749317047189,PL
กรุงเทพมหานคร_22,0.01776129397826199,กรุงเทพ,กรุงเทพมหานคร,กรุงเทพมหานคร เขต 22,0.026992979763854372,0.009231685785592383,PL
กรุงเทพมหานคร_23,0.015957497003840745,กรุงเทพ,กรุงเทพมหานคร,กรุงเทพมหานคร เขต 23,0.025934569151512484,0.00997707214767174,PL
กรุงเทพมหานคร_24,0.018053763545173213,กรุงเทพ,กรุงเทพมหานคร,กรุงเทพมหานคร เขต 24,0.02992690361985512,0.011873140074681907,PL
กรุงเทพมหานคร_25,0.01595618772998214,กรุงเทพ,กรุงเทพมหานคร,กรุงเทพมหานคร เขต 25,0.0268644747393745,0.010908287009392358,PL
กรุงเทพมหานคร_26,0.01455927351692824,กรุงเทพ,กรุงเทพมหานคร,กรุงเทพมหานคร เขต 26,0.02682279713860311,0.01226352362167487,PL
กรุงเทพมหานคร_27,0.012566242189353793,กรุงเทพ,กรุงเทพมหานคร,กรุงเทพมหานคร เขต 27,0.027330624794114418,0.014764382604760625,PL
กรุงเทพมหานคร_28,0.013480206279387228,กรุงเทพ,กรุงเทพมหานคร,กรุงเทพมหานคร เขต 28,0.028711311345199806,0.015231105065812578,PL
กรุงเทพมหานคร_29,0.015871117326659797,กรุงเทพ,กรุงเทพมหานคร,กรุงเทพมหานคร เขต 29,0.028298830635469677,0.01242771330880988,PL
กรุงเทพมหานคร_30,0.01668878471658663,กรุงเทพ,กรุงเทพมหานคร,กรุงเทพมหานคร เขต 30,0.027556332872366387,0.010867548155779758,PL
กรุงเทพมหานคร_31,0.018367199363656085,กรุงเทพ,กรุงเทพมหานคร,กรุงเทพมหานคร เขต 31,0.032815721838384035,0.01444852247472795,PL
กรุงเทพมหานคร_32,0.018520705400724296,กรุงเทพ,กรุงเทพมหานคร,กรุงเทพมหานคร เขต 32,0.03103910563748324,0.012518400236758945,PL
กรุงเทพมหานคร_33,0.017757111997949694,กรุงเทพ,กรุงเทพมหานคร,กรุงเทพมหานคร เขต 33,0.028848698720776358,0.011091586722826664,PL
กาญจนบุรี_1,0.018908258529525827,ภาคกลาง,กาญจนบุรี,กาญจนบุรี เขต 1,0.05436559449973556,0.03545733597020974,PL
กาญจนบุรี_2,0.012430144260225396,ภาคกลาง,กาญจนบุรี,กาญจนบุรี เขต 2,0.0353475492715468,0.022917405011321404,PL
กาญจนบุรี_3,0.011895082894411255,ภาคกลาง,กาญจนบุรี,กาญจนบุรี เขต 3,0.02875423990132593,0.016859157006914677,PL
กาญจนบุรี_5,0.01032959023301369,ภาคกลาง,กาญจนบุรี,กาญจนบุรี เขต 5,0.02432010225094085,0.013990512017927162,PL
กาญจนบุรี_4,0.00791027269114069,ภาคกลาง,กาญจนบุรี,กาญจนบุรี เขต 4,0.04127276657224441,0.03336249388110372,PL
กาฬสินธุ์_3,0.006342865152789459,ภาคอีสาน,กาฬสินธุ์,กาฬสินธุ์ เขต 3,0.02288588249054544,0.016543017337755983,PL
กาฬสินธุ์_6,0.007824445592685936,ภาคอีสาน,กาฬสินธุ์,กาฬสินธุ์ เขต 6,0.016710295119589772,0.008885849526903836,PL
กาฬสินธุ์_1,0.008277393096886727,ภาคอีสาน,กาฬสินธุ์,กาฬสินธุ์ เขต 1,0.02730361729452055,0.01902622419763382,PL
กาฬสินธุ์_4,0.005219404398610965,ภาคอีสาน,กาฬสินธุ์,กาฬสินธุ์ เขต 4,0.019222994082405263,0.0140035896837943,PL
กาฬสินธุ์_5,0.005388086456637751,ภาคอีสาน,กาฬสินธุ์,กาฬสินธุ์ เขต 5,0.018025321284661788,0.012637234828024035,PL
กาฬสินธุ์_2,0.004670838106988632,ภาคอีสาน,กาฬสินธุ์,กาฬสินธุ์ เขต 2,0.02243915583699766,0.01776831773000903,PL
กำแพงเพชร_1,0.015073338678488894,ภาคเหนือ,กำแพงเพชร,กำแพงเพชร เขต 1,0.038954733055242885,0.02388139437675399,PL
กำแพงเพชร_2,0.013438061890792089,ภาคเหนือ,กำแพงเพชร,กำแพงเพชร เขต 2,0.029096157466479804,0.015658095575687717,PL
กำแพงเพชร_3,0.01150057080038899,ภาคเหนือ,กำแพงเพชร,กำแพงเพชร เขต 3,0.029511719726123244,0.018011148925734254,PL
กำแพงเพชร_4,0.009574032357157486,ภาคเหนือ,กำแพงเพชร,กำแพงเพชร เขต 4,0.02702251478725434,0.017448482430096855,PL
ขอนแก่น_1,0.014818409938144756,ภาคอีสาน,ขอนแก่น,ขอนแก่น เขต 1,0.031878614145208324,0.01706020420706357,PL
ขอนแก่น_2,0.013095462248164188,ภาคอีสาน,ขอนแก่น,ขอนแก่น เขต 2,0.03241588982624278,0.019320427578078593,PL
ขอนแก่น_3,0.005147659262168839,ภาคอีสาน,ขอนแก่น,ขอนแก่น เขต 3,0.018317968195968606,0.013170308933799767,PL
ขอนแก่น_4,0.0081832729040491,ภาคอีสาน,ขอนแก่น,ขอนแก่น เขต 4,0.02141834121782909,0.013235068313779989,PL
ขอนแก่น_6,0.006686976892535442,ภาคอีสาน,ขอนแก่น,ขอนแก่น เขต 6,0.02349705851637832,0.016810081623842878,PL
ขอนแก่น_8,0.007626338769995888,ภาคอีสาน,ขอนแก่น,ขอนแก่น เขต 8,0.023327859879584016,0.015701521109588126,PL
ขอนแก่น_5,0.005924157013122697,ภาคอีสาน,ขอนแก่น,ขอนแก่น เขต 5,0.014446780519592294,0.008522623506469597,PL
ขอนแก่น_7,0.005199041745246954,ภาคอีสาน,ขอนแก่น,ขอนแก่น เขต 7,0.021043723554301834,0.015844681809054878,PL
ขอนแก่น_9,0.005606150748249508,ภาคอีสาน,ขอนแก่น,ขอนแก่น เขต 9,0.011371413529876284,0.005765262781626776,PL
ขอนแก่น_11,0.004836313443686978,ภาคอีสาน,ขอนแก่น,ขอนแก่น เขต 11,0.019946578290010637,0.015110264846323659,PL
ขอนแก่น_10,0.0045084587790313315,ภาคอีสาน,ขอนแก่น,ขอนแก่น เขต 10,0.01113883549623333,0.006630376717201999,PL
จันทบุรี_1,0.023001785526730385,ภาคตะวันออก,จันทบุรี,จันทบุรี เขต 1,0.051027214514407684,0.0280254289876773,PL
จันทบุรี_2,0.0215201126009334,ภาคตะวันออก,จันทบุรี,จันทบุรี เขต 2,0.05280682035077301,0.03128670774983961,PL
จันทบุรี_3,0.017731030716209344,ภาคตะวันออก,จันทบุรี,จันทบุรี เขต 3,0.04657647851552377,0.028845447799314423,PL
ฉะเชิงเทรา_3,0.008748002789474149,ภาคตะวันออก,ฉะเชิงเทรา,ฉะเชิงเทรา เขต 3,0.033950522825809744,0.025202520036335593,PL
ฉะเชิงเทรา_1,0.01283122072647473,ภาคตะวันออก,ฉะเชิงเทรา,ฉะเชิงเทรา เขต 1,0.04848232138964965,0.035651100663174916,PL
ฉะเชิงเทรา_2,0.014159648357547898,ภาคตะวันออก,ฉะเชิงเทรา,ฉะเชิงเทรา เขต 2,0.034479723246745246,0.020320074889197348,PL
ฉะเชิงเทรา_4,0.01018090304446587,ภาคตะวันออก,ฉะเชิงเทรา,ฉะเชิงเทรา เขต 4,0.03511372348581651,0.02493282044135064,PL
ชลบุรี_1,0.0140688104854073,ภาคตะวันออก,ชลบุรี,ชลบุรี เขต 1,0.02890026614656346,0.01483145566115616,PL
ชลบุรี_2,0.013850290336428749,ภาคตะวันออก,ชลบุรี,ชลบุรี เขต 2,0.030961557967339487,0.01711126763091074,PL
ชลบุรี_3,0.010610133182433661,ภาคตะวันออก,ชลบุรี,ชลบุรี เขต 3,0.032478816989583895,0.021868683807150235,PL
ชลบุรี_4,0.01134155277326452,ภาคตะวันออก,ชลบุรี,ชลบุรี เขต 4,0.03308410768459021,0.021742554911325693,PL
ชลบุรี_5,0.01324443805484671,ภาคตะวันออก,ชลบุรี,ชลบุรี เขต 5,0.03596044034915508,0.022716002294308375,PL
ชลบุรี_6,0.0121729918487057,ภาคตะวันออก,ชลบุรี,ชลบุรี เขต 6,0.02964607254329724,0.01747308069459154,PL
ชลบุรี_7,0.009433350622406638,ภาคตะวันออก,ชลบุรี,ชลบุรี เขต 7,0.028006472183886164,0.018573121561479528,PL
ชลบุรี_8,0.010976914530266245,ภาคตะวันออก,ชลบุรี,ชลบุรี เขต 8,0.029414146087560003,0.018437231557293758,PL
ชลบุรี_9,0.0106426149677318,ภาคตะวันออก,ชลบุรี,ชลบุรี เขต 9,0.030466720843889926,0.019824105876158127,PL
ชลบุรี_10,0.02301291125123322,ภาคตะวันออก,ชลบุรี,ชลบุรี เขต 10,0.049121878700834024,0.026108967449600805,PL
ชัยนาท_1,0.015714495520634454,ภาคกลาง,ชัยนาท,ชัยนาท เขต 1,0.05028293690859142,0.034568441387956964,PL
ชัยนาท_2,0.01074093068712927,ภาคกลาง,ชัยนาท,ชัยนาท เขต 2,0.040553413974921355,0.029812483287792086,PL
ชัยภูมิ_1,0.01022372151741551,ภาคอีสาน,ชัยภูมิ,ชัยภูมิ เขต 1,0.029066334230037398,0.018842612712621887,PL
ชัยภูมิ_7,0.006471518634854864,ภาคอีสาน,ชัยภูมิ,ชัยภูมิ เขต 7,0.016646132068052533,0.01017461343319767,PL
ชัยภูมิ_4,0.005553103854074728,ภาคอีสาน,ชัยภูมิ,ชัยภูมิ เขต 4,0.015881447831184056,0.010328343977109328,PL
ชัยภูมิ_6,0.004859405981281527,ภาคอีสาน,ชัยภูมิ,ชัยภูมิ เขต 6,0.01934416543574594,0.014484759454464412,PL
ชัยภูมิ_5,0.007654643032778122,ภาคอีสาน,ชัยภูมิ,ชัยภูมิ เขต 5,0.017946969599505976,0.010292326566727853,PL
ชัยภูมิ_3,0.0077333124727601895,ภาคอีสาน,ชัยภูมิ,ชัยภูมิ เขต 3,0.025578353525611382,0.017845041052851195,PL
ชัยภูมิ_2,0.007210147921659367,ภาคอีสาน,ชัยภูมิ,ชัยภูมิ เขต 2,0.031632395230474904,0.024422247308815537,PL
ชุมพร_3,0.020953337468860467,ภาคใต้,ชุมพร,ชุมพร เขต 3,0.020917368370371163,-3.59690984893038e-05,PL
ชุมพร_2,0.01726312688168083,ภาคใต้,ชุมพร,ชุมพร เขต 2,0.021642863427079974,0.004379736545399145,PL
ชุมพร_1,0.018824876917818974,ภาคใต้,ชุมพร,ชุมพร เขต 1,0.02505393480122722,0.0062290578834082455,PL
เชียงราย_1,0.013272436629367435,ภาคเหนือ,เชียงราย,เชียงราย เขต 1,0.0440177747966798,0.030745338167312366,PL
เชียงราย_3,0.007804455043087096,ภาคเหนือ,เชียงราย,เชียงราย เขต 3,0.032375599696545534,0.02457114465345844,PL
เชียงราย_6,0.008138804862736146,ภาคเหนือ,เชียงราย,เชียงราย เขต 6,0.03383827714331871,0.025699472280582565,PL
เชียงราย_7,0.008095167579841057,ภาคเหนือ,เชียงราย,เชียงราย เขต 7,0.03686734836210689,0.02877218078226583,PL
เชียงราย_4,0.007228127844197616,ภาคเหนือ,เชียงราย,เชียงราย เขต 4,0.03136178709863426,0.024133659254436647,PL
เชียงราย_2,0.009225216879444944,ภาคเหนือ,เชียงราย,เชียงราย เขต 2,0.036833921667507145,0.027608704788062204,PL
เชียงราย_5,0.006940148468914321,ภาคเหนือ,เชียงราย,เชียงราย เขต 5,0.02787404466273439,0.020933896193820068,PL
เชียงใหม่_10,0.005304561923253999,ภาคเหนือ,เชียงใหม่,เชียงใหม่ เขต 10,0.014321867517051194,0.009017305593797195,PL
เชียงใหม่_1,0.016625786105527174,ภาคเหนือ,เชียงใหม่,เชียงใหม่ เขต 1,0.0402720127174777,0.023646226611950524,PL
เชียงใหม่_2,0.01609750588562344,ภาคเหนือ,เชียงใหม่,เชียงใหม่ เขต 2,0.04939225534191209,0.03329474945628865,PL
เชียงใหม่_3,0.01293031361951958,ภาคเหนือ,เชียงใหม่,เชียงใหม่ เขต 3,0.045474729533344097,0.032544415913824516,PL
เชียงใหม่_4,0.015095687319796866,ภาคเหนือ,เชียงใหม่,เชียงใหม่ เขต 4,0.040033238830775246,0.02493755151097838,PL
เชียงใหม่_5,0.011869627771424356,ภาคเหนือ,เชียงใหม่,เชียงใหม่ เขต 5,0.041575563750285545,0.02970593597886119,PL
เชียงใหม่_6,0.007820349481578157,ภาคเหนือ,เชียงใหม่,เชียงใหม่ เขต 6,0.03131036905090444,0.02349001956932628,PL
เชียงใหม่_7,0.009451997632148438,ภาคเหนือ,เชียงใหม่,เชียงใหม่ เขต 7,0.030657777872895958,0.02120578024074752,PL
เชียงใหม่_8,0.01044816460293596,ภาคเหนือ,เชียงใหม่,เชียงใหม่ เขต 8,0.040716849796825744,0.030268685193889783,PL
เชียงใหม่_9,0.007444845421738221,ภาคเหนือ,เชียงใหม่,เชียงใหม่ เขต 9,0.029205959720937,0.021761114299198782,PL
ตรัง_2,0.019437579320018702,ภาคใต้,ตรัง,ตรัง เขต 2,0.022194116029694802,0.0027565367096760995,PL
ตรัง_3,0.034200727942099315,ภาคใต้,ตรัง,ตรัง เขต 3,0.025760549558390577,-0.008440178383708738,PL
ตรัง_4,0.017481420475714257,ภาคใต้,ตรัง,ตรัง เขต 4,0.021777491309079765,0.004296070833365508,PL
ตรัง_1,0.023984245642568118,ภาคใต้,ตรัง,ตรัง เขต 1,0.03433321286591977,0.01034896722335165,PL
ตราด_1,0.015013880320789636,ภาคตะวันออก,ตราด,ตราด เขต 1,0.033475097038877445,0.018461216718087807,PL
ตาก_1,0.017974792323116585,ภาคเหนือ,ตาก,ตาก เขต 1,0.04084679498195566,0.022872002658839076,PL
ตาก_2,0.0137524557956778,ภาคเหนือ,ตาก,ตาก เขต 2,0.05102664816426371,0.03727419236858591,PL
ตาก_3,0.00867426466122796,ภาคเหนือ,ตาก,ตาก เขต 3,0.02367176986162712,0.014997505200399159,PL
นครนายก_1,0.01644729068695796,ภาคตะวันออก,นครนายก,นครนายก เขต 1,0.03821793677159718,0.021770646084639224,PL
นครนายก_2,0.011610263787890708,ภาคตะวันออก,นครนายก,นครนายก เขต 2,0.036007750987269736,0.02439748719937903,PL
นครปฐม_1,0.013681916399672155,ภาคกลาง,นครปฐม,นครปฐม เขต 1,0.041253191193907086,0.02757127479423493,PL
นครปฐม_2,0.019382951016728437,ภาคกลาง,นครปฐม,นครปฐม เขต 2,0.049070640401909754,0.029687689385181317,PL
นครปฐม_3,0.015103690071045948,ภาคกลาง,นครปฐม,นครปฐม เขต 3,0.043507324866022365,0.028403634794976415,PL
นครปฐม_4,0.011553141651968607,ภาคกลาง,นครปฐม,นครปฐม เขต 4,0.03202187359193872,0.020468731939970113,PL
นครปฐม_5,0.01619586034177961,ภาคกลาง,นครปฐม,นครปฐม เขต 5,0.03642533492869893,0.020229474586919316,PL
นครปฐม_6,0.01495643259866735,ภาคกลาง,นครปฐม,นครปฐม เขต 6,0.03505833935334165,0.020101906754674298,PL
นครพนม_4,0.005266266857560497,ภาคอีสาน,นครพนม,นครพนม เขต 4,0.015185755303005491,0.009919488445444994,PL
นครพนม_3,0.006116676367572425,ภาคอีสาน,นครพนม,นครพนม เขต 3,0.019394470273791074,0.013277793906218648,PL
นครพนม_2,0.006406085781492417,ภาคอีสาน,นครพนม,นครพนม เขต 2,0.028724775535603164,0.022318689754110745,PL
นครพนม_1,0.004477239866380814,ภาคอีสาน,นครพนม,นครพนม เขต 1,0.010423221702268852,0.005945981835888038,PL
นครราชสีมา_4,0.008778868972968801,ภาคอีสาน,นครราชสีมา,นครราชสีมา เขต 4,0.04398317836336278,0.035204309390393984,PL
นครราชสีมา_10,0.01031386224934612,ภาคอีสาน,นครราชสีมา,นครราชสีมา เขต 10,0.034281809751574015,0.023967947502227895,PL
นครราชสีมา_12,0.00935384733219083,ภาคอีสาน,นครราชสีมา,นครราชสีมา เขต 12,0.037653801894308225,0.028299954562117396,PL
นครราชสีมา_1,0.019527715635098187,ภาคอีสาน,นครราชสีมา,นครราชสีมา เขต 1,0.04760562056487617,0.02807790492977798,PL
นครราชสีมา_2,0.01591286655591436,ภาคอีสาน,นครราชสีมา,นครราชสีมา เขต 2,0.045512619122421195,0.029599752566506835,PL
นครราชสีมา_3,0.01570973491599985,ภาคอีสาน,นครราชสีมา,นครราชสีมา เขต 3,0.04352829956019565,0.027818564644195805,PL
นครราชสีมา_14,0.013043027475375842,ภาคอีสาน,นครราชสีมา,นครราชสีมา เขต 14,0.04596831286770989,0.032925285392334046,PL
นครราชสีมา_9,0.006168034014012815,ภาคอีสาน,นครราชสีมา,นครราชสีมา เขต 9,0.021449288654002682,0.015281254639989868,PL
นครราชสีมา_5,0.009968176254589962,ภาคอีสาน,นครราชสีมา,นครราชสีมา เขต 5,0.03499315256094221,0.025024976306352247,PL
นครราชสีมา_13,0.009456791695854295,ภาคอีสาน,นครราชสีมา,นครราชสีมา เขต 13,0.044656122859880305,0.03519933116402601,PL
นครราชสีมา_6,0.006977881636867561,ภาคอีสาน,นครราชสีมา,นครราชสีมา เขต 6,0.01949720327002274,0.012519321633155181,PL
นครราชสีมา_8,0.007597621791407039,ภาคอีสาน,นครราชสีมา,นครราชสีมา เขต 8,0.03321301480810683,0.02561539301669979,PL
นครราชสีมา_15,0.004941240570779044,ภาคอีสาน,นครราชสีมา,นครราชสีมา เขต 15,0.02113939967114101,0.016198159100361965,PL
นครราชสีมา_16,0.006068110187876059,ภาคอีสาน,นครราชสีมา,นครราชสีมา เขต 16,0.02303011162801997,0.01696200144014391,PL
นครราชสีมา_11,0.005386521985206581,ภาคอีสาน,นครราชสีมา,นครราชสีมา เขต 11,0.036196340564016716,0.030809818578810134,PL
นครราชสีมา_7,0.005975310803712134,ภาคอีสาน,นครราชสีมา,นครราชสีมา เขต 7,0.023032576614349157,0.017057265810637025,PL
นครศรีธรรมราช_6,0.01863550962893377,ภาคใต้,นครศรีธรรมราช,นครศรีธรรมราช เขต 6,0.015525344923434579,-0.0031101647054991924,PL
นครศรีธรรมราช_8,0.022640922523163062,ภาคใต้,นครศรีธรรมราช,นครศรีธรรมราช เขต 8,0.02196750549187637,-0.0006734170312866911,PL
นครศรีธรรมราช_5,0.016782730538669813,ภาคใต้,นครศรีธรรมราช,นครศรีธรรมราช เขต 5,0.02458982129794127,0.007807090759271457,PL
นครศรีธรรมราช_7,0.018005846917080084,ภาคใต้,นครศรีธรรมราช,นครศรีธรรมราช เขต 7,0.04050070536710673,0.022494858450026647,PL
นครศรีธรรมราช_9,0.014659998672302006,ภาคใต้,นครศรีธรรมราช,นครศรีธรรมราช เขต 9,0.016608015392794755,0.0019480167204927491,PL
นครศรีธรรมราช_1,0.01717299346261605,ภาคใต้,นครศรีธรรมราช,นครศรีธรรมราช เขต 1,0.024587639267999957,0.007414645805383906,PL
นครศรีธรรมราช_2,0.018925302328410255,ภาคใต้,นครศรีธรรมราช,นครศรีธรรมราช เขต 2,0.02364047749083249,0.004715175162422234,PL
นครศรีธรรมราช_4,0.018733568212540845,ภาคใต้,นครศรีธรรมราช,นครศรีธรรมราช เขต 4,0.016387565934347315,-0.0023460022781935305,PL
นครศรีธรรมราช_3,0.01060609268158435,ภาคใต้,นครศรีธรรมราช,นครศรีธรรมราช เขต 3,0.01254725414382492,0.001941161462240569,PL
นครสวรรค์_3,0.009645624169073488,ภาคเหนือ,นครสวรรค์,นครสวรรค์ เขต 3,0.0347965203479652,0.025150896178891713,PL
นครสวรรค์_1,0.017524292033725283,ภาคเหนือ,นครสวรรค์,นครสวรรค์ เขต 1,0.036722870431280225,0.01919857839755494,PL
นครสวรรค์_2,0.013177282476918772,ภาคเหนือ,นครสวรรค์,นครสวรรค์ เขต 2,0.027763980821667866,0.014586698344749094,PL
นครสวรรค์_5,0.012538019278992382,ภาคเหนือ,นครสวรรค์,นครสวรรค์ เขต 5,0.03152092027694405,0.01898290099795167,PL
นครสวรรค์_6,0.007800055494465968,ภาคเหนือ,นครสวรรค์,นครสวรรค์ เขต 6,0.019078594838436328,0.01127853934397036,PL
นครสวรรค์_4,0.008269197715944464,ภาคเหนือ,นครสวรรค์,นครสวรรค์ เขต 4,0.025566924098578386,0.017297726382633924,PL
นนทบุรี_1,0.019374597335175867,ปริมณฑล,นนทบุรี,นนทบุรี เขต 1,0.029320024953212728,0.009945427618036861,PL
นนทบุรี_2,0.01846650456946424,ปริมณฑล,นนทบุรี,นนทบุรี เขต 2,0.03554073025281674,0.017074225683352498,PL
นนทบุรี_3,0.018477832234803673,ปริมณฑล,นนทบุรี,นนทบุรี เขต 3,0.03621156089449257,0.017733728659688894,PL
นนทบุรี_4,0.019005407874113825,ปริมณฑล,นนทบุรี,นนทบุรี เขต 4,0.031730706504012,0.012725298629898178,PL
นนทบุรี_5,0.019624196634450277,ปริมณฑล,นนทบุรี,นนทบุรี เขต 5,0.03219009597548189,0.012565899341031615,PL
นนทบุรี_6,0.018891158937617194,ปริมณฑล,นนทบุรี,นนทบุรี เขต 6,0.03579690966040538,0.016905750722788184,PL
นนทบุรี_7,0.015976678592386467,ปริมณฑล,นนทบุรี,นนทบุรี เขต 7,0.03851199796859791,0.022535319376211442,PL
นนทบุรี_8,0.017936915548233925,ปริมณฑล,นนทบุรี,นนทบุรี เขต 8,0.03343353168517269,0.015496616136938767,PL
นราธิวาส_2,0.009816657679298004,ภาคใต้,นราธิวาส,นราธิวาส เขต 2,0.02740932200982759,0.017592664330529584,PL
นราธิวาส_1,0.014110597119170775,ภาคใต้,นราธิวาส,นราธิวาส เขต 1,0.023521484148793917,0.009410887029623142,PL
นราธิวาส_4,0.00869412795793164,ภาคใต้,นราธิวาส,นราธิวาส เขต 4,0.011849668745128605,0.0031555407871969657,PL
นราธิวาส_3,0.0075361886285629015,ภาคใต้,นราธิวาส,นราธิวาส เขต 3,0.010725677830940989,0.0031894892023780876,PL
นราธิวาส_5,0.00623153763452084,ภาคใต้,นราธิวาส,นราธิวาส เขต 5,0.013669216689350918,0.007437679054830078,PL
น่าน_1,0.015150567699632848,ภาคเหนือ,น่าน,น่าน เขต 1,0.04702665606379154,0.03187608836415869,PL
น่าน_3,0.01038150980475926,ภาคเหนือ,น่าน,น่าน เขต 3,0.03786391355793361,0.02748240375317435,PL
น่าน_2,0.010031853319348949,ภาคเหนือ,น่าน,น่าน เขต 2,0.0366368354475274,0.026604982128178446,PL
บึงกาฬ_2,0.004879580329927657,ภาคอีสาน,บึงกาฬ,บึงกาฬ เขต 2,0.015309989389116265,0.010430409059188607,PL
บึงกาฬ_3,0.006681150865912316,ภาคอีสาน,บึงกาฬ,บึงกาฬ เขต 3,0.02282947077135939,0.016148319905447073,PL
บึงกาฬ_1,0.006144129383472953,ภาคอีสาน,บึงกาฬ,บึงกาฬ เขต 1,0.01880962168138457,0.012665492297911616,PL
บุรีรัมย์_7,0.0074944741204641735,ภาคอีสาน,บุรีรัมย์,บุรีรัมย์ เขต 7,0.018311955212245767,0.010817481091781593,PL
บุรีรัมย์_4,0.00598875283005088,ภาคอีสาน,บุรีรัมย์,บุรีรัมย์ เขต 4,0.01597371528934379,0.009984962459292911,PL
บุรีรัมย์_9,0.007698752349251636,ภาคอีสาน,บุรีรัมย์,บุรีรัมย์ เขต 9,0.020850858443080742,0.013152106093829106,PL
บุรีรัมย์_1,0.012262754369296714,ภาคอีสาน,บุรีรัมย์,บุรีรัมย์ เขต 1,0.0206065826220865,0.008343828252789785,PL
บุรีรัมย์_2,0.010263199583587934,ภาคอีสาน,บุรีรัมย์,บุรีรัมย์ เขต 2,0.020472536104900598,0.010209336521312664,PL
บุรีรัมย์_3,0.0067207664533657455,ภาคอีสาน,บุรีรัมย์,บุรีรัมย์ เขต 3,0.012288334901222954,0.005567568447857208,PL
บุรีรัมย์_5,0.007229049658010343,ภาคอีสาน,บุรีรัมย์,บุรีรัมย์ เขต 5,0.01796514927129036,0.01073609961328002,PL
บุรีรัมย์_6,0.008436154949784792,ภาคอีสาน,บุรีรัมย์,บุรีรัมย์ เขต 6,0.01928386478405791,0.010847709834273118,PL
บุรีรัมย์_8,0.011009075194468454,ภาคอีสาน,บุรีรัมย์,บุรีรัมย์ เขต 8,0.02676979483187263,0.015760719637404177,PL
บุรีรัมย์_10,0.008208530576171047,ภาคอีสาน,บุรีรัมย์,บุรีรัมย์ เขต 10,0.01743106596492305,0.009222535388752003,PL
ปทุมธานี_1,0.013043956850370587,ปริมณฑล,ปทุมธานี,ปทุมธานี เขต 1,0.03492490937338167,0.02188095252301108,PL
ปทุมธานี_2,0.015116621835734551,ปริมณฑล,ปทุมธานี,ปทุมธานี เขต 2,0.029323678434429425,0.014207056598694874,PL
ปทุมธานี_3,0.011626624971184012,ปริมณฑล,ปทุมธานี,ปทุมธานี เขต 3,0.03405534415599036,0.02242871918480635,PL
ปทุมธานี_4,0.013006093368870137,ปริมณฑล,ปทุมธานี,ปทุมธานี เขต 4,0.02941046734743389,0.01640437397856375,PL
ปทุมธานี_5,0.012370759708150351,ปริมณฑล,ปทุมธานี,ปทุมธานี เขต 5,0.031077202181989887,0.018706442473839534,PL
ปทุมธานี_6,0.014502890838741666,ปริมณฑล,ปทุมธานี,ปทุมธานี เขต 6,0.030207290749695515,0.015704399910953848,PL
ปทุมธานี_7,0.012284859620625073,ปริมณฑล,ปทุมธานี,ปทุมธานี เขต 7,0.02889307960454883,0.016608219983923755,PL
ประจวบคีรีขันธ์_1,0.015650504080652904,ภาคกลาง,ประจวบคีรีขันธ์,ประจวบคีรีขันธ์ เขต 1,0.02767735159902228,0.012026847518369375,PL
ประจวบคีรีขันธ์_2,0.013132868399601485,ภาคกลาง,ประจวบคีรีขันธ์,ประจวบคีรีขันธ์ เขต 2,0.0331886233618696,0.020055754962268114,PL
ประจวบคีรีขันธ์_3,0.013723121526938874,ภาคกลาง,ประจวบคีรีขันธ์,ประจวบคีรีขันธ์ เขต 3,0.02030837854646051,0.006585257019521637,PL
ปราจีนบุรี_1,0.018945874484796642,ภาคตะวันออก,ปราจีนบุรี,ปราจีนบุรี เขต 1,0.05665603119737658,0.03771015671257994,PL
ปราจีนบุรี_2,0.01142370917517561,ภาคตะวันออก,ปราจีนบุรี,ปราจีนบุรี เขต 2,0.03379469207749252,0.02237098290231691,PL
ปราจีนบุรี_3,0.011249778547666385,ภาคตะวันออก,ปราจีนบุรี,ปราจีนบุรี เขต 3,0.040692529806259314,0.029442751258592928,PL
ปัตตานี_1,0.01776838635940781,ภาคใต้,ปัตตานี,ปัตตานี เขต 1,0.027203234209739642,0.009434847850331832,PL
ปัตตานี_2,0.012362653644197375,ภาคใต้,ปัตตานี,ปัตตานี เขต 2,0.019918551671303575,0.007555898027106199,PL
ปัตตานี_4,0.009107272705599065,ภาคใต้,ปัตตานี,ปัตตานี เขต 4,0.014591058073170423,0.0054837853675713585,PL
ปัตตานี_3,0.010128527521654093,ภาคใต้,ปัตตานี,ปัตตานี เขต 3,0.015876431261046646,0.005747903739392553,PL
ปัตตานี_5,0.00802444095127022,ภาคใต้,ปัตตานี,ปัตตานี เขต 5,0.015244251229836404,0.007219810278566184,PL
พระนครศรีอยุธยา_1,0.020939655719426742,ภาคกลาง,พระนครศรีอยุธยา,พระนครศรีอยุธยา เขต 1,0.04192835839127027,0.02098870267184353,PL
พระนครศรีอยุธยา_2,0.013923044555612699,ภาคกลาง,พระนครศรีอยุธยา,พระนครศรีอยุธยา เขต 2,0.042078092350555166,0.02815504779494247,PL
พระนครศรีอยุธยา_3,0.011964893094467974,ภาคกลาง,พระนครศรีอยุธยา,พระนครศรีอยุธยา เขต 3,0.03333299986994928,0.02136810677548131,PL
พระนครศรีอยุธยา_4,0.010916494085436485,ภาคกลาง,พระนครศรีอยุธยา,พระนครศรีอยุธยา เขต 4,0.030891143621204972,0.01997464953576849,PL
พระนครศรีอยุธยา_5,0.011405283919762008,ภาคกลาง,พระนครศรีอยุธยา,พระนครศรีอยุธยา เขต 5,0.029063552981177406,0.017658269061415398,PL
พะเยา_3,0.007853200348600755,ภาคเหนือ,พะเยา,พะเยา เขต 3,0.021066350710900475,0.01321315036229972,PL
พะเยา_1,0.012891108969694585,ภาคเหนือ,พะเยา,พะเยา เขต 1,0.01962720071457114,0.006736091744876554,PL
พะเยา_2,0.008649455124650948,ภาคเหนือ,พะเยา,พะเยา เขต 2,0.022077286809065712,0.013427831684414764,PL
พังงา_1,0.021178079011517675,ภาคใต้,พังงา,พังงา เขต 1,0.03218342151675485,0.011005342505237176,PL
พังงา_2,0.0257438227911348,ภาคใต้,พังงา,พังงา เขต 2,0.03499416554787388,0.00925034275673908,PL
พัทลุง_3,0.018627880788439882,ภาคใต้,พัทลุง,พัทลุง เขต 3,0.016080085505973965,-0.0025477952824659172,PL
พัทลุง_2,0.01241631859014705,ภาคใต้,พัทลุง,พัทลุง เขต 2,0.013895790771722526,0.001479472181575476,PL
พัทลุง_1,0.014116779477995207,ภาคใต้,พัทลุง,พัทลุง เขต 1,0.017579908675799085,0.003463129197803878,PL
พิจิตร_2,0.007991253354537322,ภาคเหนือ,พิจิตร,พิจิตร เขต 2,0.029290112698965958,0.021298859344428635,PL
พิจิตร_1,0.010383569420662753,ภาคเหนือ,พิจิตร,พิจิตร เขต 1,0.03365246069610323,0.02326889127544048,PL
พิจิตร_3,0.008443566153875247,ภาคเหนือ,พิจิตร,พิจิตร เขต 3,0.02145850796311819,0.013014941809242944,PL
พิษณุโลก_1,0.021496967153702362,ภาคเหนือ,พิษณุโลก,พิษณุโลก เขต 1,0.05018288066370219,0.028685913509999827,PL
พิษณุโลก_2,0.01328553726323243,ภาคเหนือ,พิษณุโลก,พิษณุโลก เขต 2,0.05406849864160691,0.040782961378374484,PL
พิษณุโลก_3,0.009454335559248829,ภาคเหนือ,พิษณุโลก,พิษณุโลก เขต 3,0.02775422095443682,0.018299885395187992,PL
พิษณุโลก_5,0.013051975009872518,ภาคเหนือ,พิษณุโลก,พิษณุโลก เขต 5,0.03295324591692851,0.01990127090705599,PL
พิษณุโลก_4,0.00881201713220075,ภาคเหนือ,พิษณุโลก,พิษณุโลก เขต 4,0.024211844779505602,0.015399827647304852,PL
เพชรบุรี_1,0.015905122651680675,ภาคกลาง,เพชรบุรี,เพชรบุรี เขต 1,0.04331351669170967,0.027408394040028997,PL
เพชรบุรี_2,0.011854576817129732,ภาคกลาง,เพชรบุรี,เพชรบุรี เขต 2,0.03822904586459221,0.026374469047462476,PL
เพชรบุรี_3,0.013546149516079244,ภาคกลาง,เพชรบุรี,เพชรบุรี เขต 3,0.04139941690962099,0.02785326739354175,PL
เพชรบูรณ์_5,0.009192975511056863,ภาคเหนือ,เพชรบูรณ์,เพชรบูรณ์ เขต 5,0.029851716116287834,0.02065874060523097,PL
เพชรบูรณ์_4,0.009426987060998152,ภาคเหนือ,เพชรบูรณ์,เพชรบูรณ์ เขต 4,0.028314765071117177,0.018887778010119025,PL
เพชรบูรณ์_1,0.01640260371930333,ภาคเหนือ,เพชรบูรณ์,เพชรบูรณ์ เขต 1,0.04025643443009334,0.023853830710790006,PL
เพชรบูรณ์_2,0.01363910681955341,ภาคเหนือ,เพชรบูรณ์,เพชรบูรณ์ เขต 2,0.02742027621895897,0.01378116939940556,PL
เพชรบูรณ์_3,0.013489892862283822,ภาคเหนือ,เพชรบูรณ์,เพชรบูรณ์ เขต 3,0.03338906312924838,0.019899170266964555,PL
เพชรบูรณ์_6,0.00976083292440955,ภาคเหนือ,เพชรบูรณ์,เพชรบูรณ์ เขต 6,0.027306611617638626,0.017545778693229076,PL
แพร่_1,0.009523996543869295,ภาคเหนือ,แพร่,แพร่ เขต 1,0.025971320440262492,0.016447323896393196,PL
แพร่_3,0.008284495389123502,ภาคเหนือ,แพร่,แพร่ เขต 3,0.036628862819405354,0.028344367430281854,PL
แพร่_2,0.007155961334205924,ภาคเหนือ,แพร่,แพร่ เขต 2,0.01955922865013774,0.012403267315931816,PL
ภูเก็ต_1,0.01752474467694085,ภาคใต้,ภูเก็ต,ภูเก็ต เขต 1,0.030251714933555295,0.012726970256614446,PL
ภูเก็ต_2,0.019501019008165386,ภาคใต้,ภูเก็ต,ภูเก็ต เขต 2,0.03774372612991511,0.018242707121749725,PL
ภูเก็ต_3,0.018836637797342112,ภาคใต้,ภูเก็ต,ภูเก็ต เขต 3,0.03896219686162625,0.020125559064284135,PL
มหาสารคาม_1,0.009907178798012313,ภาคอีสาน,มหาสารคาม,มหาสารคาม เขต 1,0.027507938374691284,0.01760075957667897,PL
มหาสารคาม_2,0.005786317192358952,ภาคอีสาน,มหาสารคาม,มหาสารคาม เขต 2,0.017265612081794633,0.011479294889435682,PL
มหาสารคาม_5,0.0054174002729536295,ภาคอีสาน,มหาสารคาม,มหาสารคาม เขต 5,0.02639005925390902,0.02097265898095539,PL
มหาสารคาม_6,0.00556407896082643,ภาคอีสาน,มหาสารคาม,มหาสารคาม เขต 6,0.017518955787141226,0.011954876826314798,PL
มหาสารคาม_4,0.005802947672060216,ภาคอีสาน,มหาสารคาม,มหาสารคาม เขต 4,0.01330245849140267,0.007499510819342454,PL
มหาสารคาม_3,0.004421942395236906,ภาคอีสาน,มหาสารคาม,มหาสารคาม เขต 3,0.010255808801490806,0.0058338664062539,PL
มุกดาหาร_1,0.007408871818044886,ภาคอีสาน,มุกดาหาร,มุกดาหาร เขต 1,0.023240343800815154,0.015831471982770268,PL
มุกดาหาร_2,0.007839594322851397,ภาคอีสาน,มุกดาหาร,มุกดาหาร เขต 2,0.022048173978921098,0.014208579656069701,PL
แม่ฮ่องสอน_1,0.009875121156358427,ภาคเหนือ,แม่ฮ่องสอน,แม่ฮ่องสอน เขต 1,0.033457306679064,0.023582185522705572,PL
แม่ฮ่องสอน_2,0.007383485473936426,ภาคเหนือ,แม่ฮ่องสอน,แม่ฮ่องสอน เขต 2,0.019574721780604133,0.012191236306667706,PL
ยโสธร_1,0.006443905441117909,ภาคอีสาน,ยโสธร,ยโสธร เขต 1,0.019301171934233044,0.012857266493115135,PL
ยโสธร_3,0.004410132782305897,ภาคอีสาน,ยโสธร,ยโสธร เขต 3,0.01696573878080691,0.012555605998501012,PL
ยโสธร_2,0.004104356306892067,ภาคอีสาน,ยโสธร,ยโสธร เขต 2,0.012502604709314441,0.008398248402422374,PL
ยะลา_1,0.019349377191921636,ภาคใต้,ยะลา,ยะลา เขต 1,0.03413534005009237,0.014785962858170732,PL
ยะลา_3,0.015609048960757892,ภาคใต้,ยะลา,ยะลา เขต 3,0.029220387337466396,0.013611338376708504,PL
ยะลา_2,0.012988566472951286,ภาคใต้,ยะลา,ยะลา เขต 2,0.0214726347960438,0.008484068323092515,PL
ร้อยเอ็ด_1,0.009563290100147758,ภาคอีสาน,ร้อยเอ็ด,ร้อยเอ็ด เขต 1,0.02270441851730697,0.01314112841715921,PL
ร้อยเอ็ด_2,0.004701120797011208,ภาคอีสาน,ร้อยเอ็ด,ร้อยเอ็ด เขต 2,0.017762808830653534,0.013061688033642325,PL
ร้อยเอ็ด_3,0.0048764809540170016,ภาคอีสาน,ร้อยเอ็ด,ร้อยเอ็ด เขต 3,0.019033603139563406,0.014157122185546404,PL
ร้อยเอ็ด_4,0.004373010966870435,ภาคอีสาน,ร้อยเอ็ด,ร้อยเอ็ด เขต 4,0.016092753911346944,0.01171974294447651,PL
ร้อยเอ็ด_5,0.006698499626603906,ภาคอีสาน,ร้อยเอ็ด,ร้อยเอ็ด เขต 5,0.025864099008346634,0.019165599381742726,PL
ร้อยเอ็ด_7,0.0032934650719362107,ภาคอีสาน,ร้อยเอ็ด,ร้อยเอ็ด เขต 7,0.008654367878459034,0.005360902806522823,PL
ร้อยเอ็ด_8,0.005043312524761486,ภาคอีสาน,ร้อยเอ็ด,ร้อยเอ็ด เขต 8,0.013620549263453994,0.008577236738692508,PL
ร้อยเอ็ด_6,0.004301464761947885,ภาคอีสาน,ร้อยเอ็ด,ร้อยเอ็ด เขต 6,0.013704743395954797,0.009403278634006912,PL
ระนอง_1,0.01615948048025372,ภาคใต้,ระนอง,ระนอง เขต 1,0.03214832640560052,0.015988845925346804,PL
ระยอง_1,0.01397164577768646,ภาคตะวันออก,ระยอง,ระยอง เขต 1,0.030021250865884728,0.01604960508819827,PL
ระยอง_2,0.017403072247679195,ภาคตะวันออก,ระยอง,ระยอง เขต 2,0.0345973606997344,0.017194288452055208,PL
ระยอง_3,0.016896984924623114,ภาคตะวันออก,ระยอง,ระยอง เขต 3,0.04717192597942766,0.030274941054804546,PL
ระยอง_4,0.013513366363586868,ภาคตะวันออก,ระยอง,ระยอง เขต 4,0.03273176291793313,0.019218396554346262,PL
ระยอง_5,0.01190673426333985,ภาคตะวันออก,ระยอง,ระยอง เขต 5,0.03206645265599738,0.020159718392657525,PL
ราชบุรี_1,0.023197005660032865,ภาคกลาง,ราชบุรี,ราชบุรี เขต 1,0.05050084713016081,0.027303841470127942,PL
ราชบุรี_2,0.01913871062534955,ภาคกลาง,ราชบุรี,ราชบุรี เขต 2,0.05286568625364463,0.033726975628295075,PL
ราชบุรี_3,0.016344500817644346,ภาคกลาง,ราชบุรี,ราชบุรี เขต 3,0.0528339422690667,0.036489441451422355,PL
ราชบุรี_4,0.015297567351431299,ภาคกลาง,ราชบุรี,ราชบุรี เขต 4,0.037705314458974314,0.022407747107543015,PL
ราชบุรี_5,0.01346772015715244,ภาคกลาง,ราชบุรี,ราชบุรี เขต 5,0.03255496199865263,0.019087241841500194,PL
ลพบุรี_1,0.021419280550994735,ภาคกลาง,ลพบุรี,ลพบุรี เขต 1,0.043716015818091945,0.02229673526709721,PL
ลพบุรี_2,0.017957304311427374,ภาคกลาง,ลพบุรี,ลพบุรี เขต 2,0.036609349908882594,0.01865204559745522,PL
ลพบุรี_3,0.01290302744583598,ภาคกลาง,ลพบุรี,ลพบุรี เขต 3,0.02658190668009399,0.01367887923425801,PL
ลพบุรี_4,0.011471593883301592,ภาคกลาง,ลพบุรี,ลพบุรี เขต 4,0.029892166910024213,0.01842057302672262,PL
ลำปาง_2,0.009991722338815541,ภาคเหนือ,ลำปาง,ลำปาง เขต 2,0.03328576424001285,0.023294041901197313,PL
ลำปาง_1,0.01647244225106789,ภาคเหนือ,ลำปาง,ลำปาง เขต 1,0.048568933920535774,0.03209649166946789,PL
ลำปาง_3,0.015120041710459891,ภาคเหนือ,ลำปาง,ลำปาง เขต 3,0.049807538820581726,0.03468749711012183,PL
ลำปาง_4,0.010079341035445546,ภาคเหนือ,ลำปาง,ลำปาง เขต 4,0.030293990019527012,0.020214648984081464,PL
ลำพูน_1,0.011480097970800324,ภาคเหนือ,ลำพูน,ลำพูน เขต 1,0.04804568105584894,0.03656558308504862,PL
ลำพูน_2,0.010764628082807008,ภาคเหนือ,ลำพูน,ลำพูน เขต 2,0.041330701551099996,0.030566073468292987,PL
เลย_3,0.010064294031286386,ภาคอีสาน,เลย,เลย เขต 3,0.033402692778457775,0.02333839874717139,PL
เลย_2,0.008216918066506686,ภาคอีสาน,เลย,เลย เขต 2,0.033968739108287085,0.0257518210417804,PL
เลย_1,0.013284974093264248,ภาคอีสาน,เลย,เลย เขต 1,0.03337226015091628,0.020087286057652032,PL
เลย_4,0.009852111472046505,ภาคอีสาน,เลย,เลย เขต 4,0.03634107885962418,0.02648896738757768,PL
ศรีสะเกษ_5,0.006763142014596546,ภาคอีสาน,ศรีสะเกษ,ศรีสะเกษ เขต 5,0.019466869006007987,0.012703726991411441,PL
ศรีสะเกษ_6,0.0052077525258157325,ภาคอีสาน,ศรีสะเกษ,ศรีสะเกษ เขต 6,0.012614754639719965,0.007407002113904233,PL
ศรีสะเกษ_1,0.009326929769610914,ภาคอีสาน,ศรีสะเกษ,ศรีสะเกษ เขต 1,0.01854578643139641,0.009218856661785495,PL
ศรีสะเกษ_2,0.007836937111138914,ภาคอีสาน,ศรีสะเกษ,ศรีสะเกษ เขต 2,0.017975287348577743,0.010138350237438828,PL
ศรีสะเกษ_4,0.006569300929400219,ภาคอีสาน,ศรีสะเกษ,ศรีสะเกษ เขต 4,0.018572387558737972,0.012003086629337752,PL
ศรีสะเกษ_9,0.006710116869558166,ภาคอีสาน,ศรีสะเกษ,ศรีสะเกษ เขต 9,0.017443799229575115,0.010733682360016948,PL
ศรีสะเกษ_8,0.005335577011871659,ภาคอีสาน,ศรีสะเกษ,ศรีสะเกษ เขต 8,0.018635594117024652,0.013300017105152993,PL
ศรีสะเกษ_3,0.004852207977207978,ภาคอีสาน,ศรีสะเกษ,ศรีสะเกษ เขต 3,0.023433520122261846,0.018581312145053867,PL
ศรีสะเกษ_7,0.005383441040415983,ภาคอีสาน,ศรีสะเกษ,ศรีสะเกษ เขต 7,0.010367538302681886,0.004984097262265902,PL
สกลนคร_5,0.005886965579392109,ภาคอีสาน,สกลนคร,สกลนคร เขต 5,0.018820205824981503,0.012933240245589395,PL
สกลนคร_7,0.005709457420484037,ภาคอีสาน,สกลนคร,สกลนคร เขต 7,0.026354589015849614,0.020645131595365577,PL
สกลนคร_6,0.005584053759969389,ภาคอีสาน,สกลนคร,สกลนคร เขต 6,0.021772899083518874,0.016188845323549486,PL
สกลนคร_2,0.007325282122352009,ภาคอีสาน,สกลนคร,สกลนคร เขต 2,0.02006885548744647,0.01274357336509446,PL
สกลนคร_1,0.013216408295582063,ภาคอีสาน,สกลนคร,สกลนคร เขต 1,0.03505270239964117,0.021836294104059108,PL
สกลนคร_4,0.007889970568258999,ภาคอีสาน,สกลนคร,สกลนคร เขต 4,0.03611331270932938,0.028223342141070383,PL
สกลนคร_3,0.006589214496271892,ภาคอีสาน,สกลนคร,สกลนคร เขต 3,0.03268539819577636,0.026096183699504467,PL
สงขลา_5,0.02371353813354007,ภาคใต้,สงขลา,สงขลา เขต 5,0.025010168855143355,0.001296630721603284,PL
สงขลา_1,0.020325958370403685,ภาคใต้,สงขลา,สงขลา เขต 1,0.037282518641259324,0.01695656027085564,PL
สงขลา_4,0.01338091857672148,ภาคใต้,สงขลา,สงขลา เขต 4,0.01658088575214966,0.0031999671754281787,PL
สงขลา_2,0.016108515657523474,ภาคใต้,สงขลา,สงขลา เขต 2,0.025817970016207455,0.009709454358683981,PL
สงขลา_3,0.01690841430255111,ภาคใต้,สงขลา,สงขลา เขต 3,0.03236317115100148,0.015454756848450369,PL
สงขลา_6,0.013142561180888256,ภาคใต้,สงขลา,สงขลา เขต 6,0.019664328657314628,0.006521767476426372,PL
สงขลา_7,0.013544790387827802,ภาคใต้,สงขลา,สงขลา เขต 7,0.017258937664147506,0.003714147276319704,PL
สงขลา_8,0.017101562339608696,ภาคใต้,สงขลา,สงขลา เขต 8,0.017678966048349294,0.0005774037087405981,PL
สงขลา_9,0.01693808644393456,ภาคใต้,สงขลา,สงขลา เขต 9,0.026553727008712488,0.009615640564777928,PL
สตูล_1,0.025076990761108666,ภาคใต้,สตูล,สตูล เขต 1,0.034186735546607915,0.009109744785499248,PL
สตูล_2,0.016282971120947027,ภาคใต้,สตูล,สตูล เขต 2,0.030975242292730094,0.014692271171783067,PL
สมุทรปราการ_1,0.015473231309833987,ปริมณฑล,สมุทรปราการ,สมุทรปราการ เขต 1,0.03140486846414147,0.015931637154307482,PL
สมุทรปราการ_2,0.011404241612899978,ปริมณฑล,สมุทรปราการ,สมุทรปราการ เขต 2,0.03399867901082539,0.022594437397925417,PL
สมุทรปราการ_3,0.015060524482765113,ปริมณฑล,สมุทรปราการ,สมุทรปราการ เขต 3,0.034368264059744386,0.019307739576979274,PL
สมุทรปราการ_4,0.014143993713780572,ปริมณฑล,สมุทรปราการ,สมุทรปราการ เขต 4,0.03178649581519164,0.01764250210141107,PL
สมุทรปราการ_5,0.012977703688268389,ปริมณฑล,สมุทรปราการ,สมุทรปราการ เขต 5,0.036922074882201485,0.023944371193933098,PL
สมุทรปราการ_6,0.015398268060539866,ปริมณฑล,สมุทรปราการ,สมุทรปราการ เขต 6,0.03443149998271511,0.019033231922175244,PL
สมุทรปราการ_7,0.012206052936834334,ปริมณฑล,สมุทรปราการ,สมุทรปราการ เขต 7,0.038383332498622726,0.02617727956178839,PL
สมุทรปราการ_8,0.01235265551189793,ปริมณฑล,สมุทรปราการ,สมุทรปราการ เขต 8,0.031816507174773516,0.019463851662875585,PL
สมุทรสงคราม_1,0.01956906680788389,ภาคกลาง,สมุทรสงคราม,สมุทรสงคราม เขต 1,0.04670893069510905,0.027139863887225158,PL
สมุทรสาคร_1,0.015733149439378848,ปริมณฑล,สมุทรสาคร,สมุทรสาคร เขต 1,0.0325876083593232,0.016854458919944353,PL
สมุทรสาคร_2,0.013318564466105449,ปริมณฑล,สมุทรสาคร,สมุทรสาคร เขต 2,0.03645234628451733,0.02313378181841188,PL
สมุทรสาคร_3,0.016349616114021238,ปริมณฑล,สมุทรสาคร,สมุทรสาคร เขต 3,0.03258909630886721,0.01623948019484597,PL
สระแก้ว_3,0.011356209150326797,ภาคตะวันออก,สระแก้ว,สระแก้ว เขต 3,0.032807557717972696,0.021451348567645898,PL
สระแก้ว_1,0.010214769704216605,ภาคตะวันออก,สระแก้ว,สระแก้ว เขต 1,0.03247003837660528,0.022255268672388674,PL
สระแก้ว_2,0.010300670854246964,ภาคตะวันออก,สระแก้ว,สระแก้ว เขต 2,0.032163407533068934,0.02186273667882197,PL
สระบุรี_1,0.01846958064889472,ภาคกลาง,สระบุรี,สระบุรี เขต 1,0.04474375320104177,0.026274172552147052,PL
สระบุรี_2,0.012655690505043142,ภาคกลาง,สระบุรี,สระบุรี เขต 2,0.03685053092323904,0.024194840418195897,PL
สระบุรี_3,0.014159240716757195,ภาคกลาง,สระบุรี,สระบุรี เขต 3,0.044119200301772916,0.02995995958501572,PL
สระบุรี_4,0.01565165431432454,ภาคกลาง,สระบุรี,สระบุรี เขต 4,0.05273147123019011,0.03707981691586557,PL
สิงห์บุรี_1,0.016410396800048667,ภาคกลาง,สิงห์บุรี,สิงห์บุรี เขต 1,0.04353524795513746,0.027124851155088794,PL
สุโขทัย_2,0.008853543195097957,ภาคเหนือ,สุโขทัย,สุโขทัย เขต 2,0.03031526801819993,0.021461724823101973,PL
สุโขทัย_4,0.00962813555166765,ภาคเหนือ,สุโขทัย,สุโขทัย เขต 4,0.021746586217846937,0.012118450666179286,PL
สุโขทัย_3,0.009427682906868896,ภาคเหนือ,สุโขทัย,สุโขทัย เขต 3,0.04369502654938997,0.03426734364252107,PL
สุโขทัย_1,0.016095202844420516,ภาคเหนือ,สุโขทัย,สุโขทัย เขต 1,0.042455270103585026,0.02636006725916451,PL
สุพรรณบุรี_1,0.015230220843112032,ภาคกลาง,สุพรรณบุรี,สุพรรณบุรี เขต 1,0.03665406527873915,0.021423844435627115,PL
สุพรรณบุรี_2,0.008871132964556444,ภาคกลาง,สุพรรณบุรี,สุพรรณบุรี เขต 2,0.03314173902409197,0.024270606059535522,PL
สุพรรณบุรี_3,0.010086730600236885,ภาคกลาง,สุพรรณบุรี,สุพรรณบุรี เขต 3,0.026043461564970807,0.01595673096473392,PL
สุพรรณบุรี_4,0.007888148448142557,ภาคกลาง,สุพรรณบุรี,สุพรรณบุรี เขต 4,0.02925123086862566,0.021363082420483105,PL
สุพรรณบุรี_5,0.00947726157942681,ภาคกลาง,สุพรรณบุรี,สุพรรณบุรี เขต 5,0.03810842029793675,0.02863115871850994,PL
สุราษฎร์ธานี_6,0.019205920964224063,ภาคใต้,สุราษฎร์ธานี,สุราษฎร์ธานี เขต 6,0.013831028161973005,-0.005374892802251058,PL
สุราษฎร์ธานี_2,0.01612560751191431,ภาคใต้,สุราษฎร์ธานี,สุราษฎร์ธานี เขต 2,0.020387011969312047,0.004261404457397738,PL
สุราษฎร์ธานี_3,0.018217945810520404,ภาคใต้,สุราษฎร์ธานี,สุราษฎร์ธานี เขต 3,0.020881722351259603,0.0026637765407391996,PL
สุราษฎร์ธานี_1,0.019944660906883505,ภาคใต้,สุราษฎร์ธานี,สุราษฎร์ธานี เขต 1,0.030349636009432995,0.01040497510254949,PL
สุราษฎร์ธานี_4,0.02760592321265048,ภาคใต้,สุราษฎร์ธานี,สุราษฎร์ธานี เขต 4,0.015555702654398623,-0.012050220558251858,PL
สุราษฎร์ธานี_5,0.025244731083726824,ภาคใต้,สุราษฎร์ธานี,สุราษฎร์ธานี เขต 5,0.017941299986001587,-0.007303431097725237,PL
สุราษฎร์ธานี_7,0.02487868751444196,ภาคใต้,สุราษฎร์ธานี,สุราษฎร์ธานี เขต 7,0.018987550408210357,-0.0058911371062316045,PL
สุรินทร์_7,0.006708495705115615,ภาคอีสาน,สุรินทร์,สุรินทร์ เขต 7,0.01941814033086138,0.012709644625745765,PL
สุรินทร์_2,0.0080075830132604,ภาคอีสาน,สุรินทร์,สุรินทร์ เขต 2,0.01917574931880109,0.011168166305540688,PL
สุรินทร์_8,0.006664547457497068,ภาคอีสาน,สุรินทร์,สุรินทร์ เขต 8,0.019753215792093475,0.013088668334596407,PL
สุรินทร์_5,0.007371672039495931,ภาคอีสาน,สุรินทร์,สุรินทร์ เขต 5,0.011894866576858036,0.004523194537362105,PL
สุรินทร์_3,0.0061694543460378394,ภาคอีสาน,สุรินทร์,สุรินทร์ เขต 3,0.020938057130601467,0.014768602784563628,PL
สุรินทร์_6,0.005852280371317099,ภาคอีสาน,สุรินทร์,สุรินทร์ เขต 6,0.017076136556791882,0.011223856185474782,PL
สุรินทร์_4,0.007036437160111124,ภาคอีสาน,สุรินทร์,สุรินทร์ เขต 4,0.018697082079630535,0.01166064491951941,PL
สุรินทร์_1,0.01299685045648447,ภาคอีสาน,สุรินทร์,สุรินทร์ เขต 1,0.03005134570896575,0.017054495252481282,PL
หนองคาย_1,0.011547058641752763,ภาคอีสาน,หนองคาย,หนองคาย เขต 1,0.02402093100345693,0.012473872361704169,PL
หนองคาย_2,0.00580789277736411,ภาคอีสาน,หนองคาย,หนองคาย เขต 2,0.014450374052684163,0.008642481275320052,PL
หนองคาย_3,0.007298084523513043,ภาคอีสาน,หนองคาย,หนองคาย เขต 3,0.02537903338543851,0.018080948861925468,PL
หนองบัวลำภู_1,0.008805752396832013,ภาคอีสาน,หนองบัวลำภู,หนองบัวลำภู เขต 1,0.02176736735003139,0.012961614953199375,PL
หนองบัวลำภู_2,0.004979710210092063,ภาคอีสาน,หนองบัวลำภู,หนองบัวลำภู เขต 2,0.01650381390657505,0.011524103696482987,PL
หนองบัวลำภู_3,0.005480017425996836,ภาคอีสาน,หนองบัวลำภู,หนองบัวลำภู เขต 3,0.018848087957743804,0.013368070531746969,PL
อ่างทอง_2,0.01102048848752542,ภาคกลาง,อ่างทอง,อ่างทอง เขต 2,0.03165693190725429,0.020636443419728874,PL
อ่างทอง_1,0.014524344402677995,ภาคกลาง,อ่างทอง,อ่างทอง เขต 1,0.03513490066799688,0.02061055626531888,PL
อำนาจเจริญ_2,0.006457209805657661,ภาคอีสาน,อำนาจเจริญ,อำนาจเจริญ เขต 2,0.024469620214301064,0.018012410408643403,PL
อำนาจเจริญ_1,0.006450451815787978,ภาคอีสาน,อำนาจเจริญ,อำนาจเจริญ เขต 1,0.024773428065609136,0.018322976249821158,PL
อุดรธานี_2,0.01255281028113871,ภาคอีสาน,อุดรธานี,อุดรธานี เขต 2,0.029313885151879913,0.016761074870741202,PL
อุดรธานี_3,0.005218942471102969,ภาคอีสาน,อุดรธานี,อุดรธานี เขต 3,0.014354800496146503,0.009135858025043533,PL
อุดรธานี_7,0.007750184528203053,ภาคอีสาน,อุดรธานี,อุดรธานี เขต 7,0.024057992901910442,0.01630780837370739,PL
อุดรธานี_4,0.0051716207312373355,ภาคอีสาน,อุดรธานี,อุดรธานี เขต 4,0.014670180009474183,0.009498559278236847,PL
อุดรธานี_8,0.006558969998785376,ภาคอีสาน,อุดรธานี,อุดรธานี เขต 8,0.0227375705400173,0.016178600541231925,PL
อุดรธานี_6,0.005436452596497034,ภาคอีสาน,อุดรธานี,อุดรธานี เขต 6,0.015881515535413428,0.010445062938916394,PL
อุดรธานี_9,0.007857859024879335,ภาคอีสาน,อุดรธานี,อุดรธานี เขต 9,0.022137050575590594,0.01427919155071126,PL
อุดรธานี_5,0.005528342397243543,ภาคอีสาน,อุดรธานี,อุดรธานี เขต 5,0.016395437262357416,0.010867094865113874,PL
อุดรธานี_10,0.006876392649208136,ภาคอีสาน,อุดรธานี,อุดรธานี เขต 10,0.024006587854341423,0.017130195205133286,PL
อุดรธานี_1,0.01595063581773225,ภาคอีสาน,อุดรธานี,อุดรธานี เขต 1,0.036918557612118645,0.020967921794386394,PL
อุตรดิตถ์_2,0.010800600033335186,ภาคเหนือ,อุตรดิตถ์,อุตรดิตถ์ เขต 2,0.039884408822005946,0.02908380878867076,PL
อุตรดิตถ์_3,0.010866744517970676,ภาคเหนือ,อุตรดิตถ์,อุตรดิตถ์ เขต 3,0.04118974903731244,0.030323004519341765,PL
อุตรดิตถ์_1,0.013526815834006172,ภาคเหนือ,อุตรดิตถ์,อุตรดิตถ์ เขต 1,0.03227525607029585,0.018748440236289673,PL
อุทัยธานี_1,0.016794688191641715,ภาคกลาง,อุทัยธานี,อุทัยธานี เขต 1,0.03518795039927287,0.018393262207631152,PL
อุทัยธานี_2,0.010952096574670478,ภาคกลาง,อุทัยธานี,อุทัยธานี เขต 2,0.027689143218796973,0.016737046644126494,PL
อุบลราชธานี_4,0.01416339994700147,ภาคอีสาน,อุบลราชธานี,อุบลราชธานี เขต 4,0.037666842621220116,0.023503442674218646,PL
อุบลราชธานี_2,0.011385826298554991,ภาคอีสาน,อุบลราชธานี,อุบลราชธานี เขต 2,0.029672993909289812,0.01828716761073482,PL
อุบลราชธานี_8,0.009235060172511751,ภาคอีสาน,อุบลราชธานี,อุบลราชธานี เขต 8,0.023396805364809523,0.014161745192297771,PL
อุบลราชธานี_11,0.006734582616224999,ภาคอีสาน,อุบลราชธานี,อุบลราชธานี เขต 11,0.02800251985621997,0.02126793723999497,PL
อุบลราชธานี_9,0.005776406843886829,ภาคอีสาน,อุบลราชธานี,อุบลราชธานี เขต 9,0.016296833259500893,0.010520426415614063,PL
อุบลราชธานี_5,0.0054087053380173075,ภาคอีสาน,อุบลราชธานี,อุบลราชธานี เขต 5,0.023101956635283718,0.01769325129726641,PL
อุบลราชธานี_3,0.005872426594667567,ภาคอีสาน,อุบลราชธานี,อุบลราชธานี เขต 3,0.0305783719481108,0.024705945353443233,PL
อุบลราชธานี_10,0.005642695077439084,ภาคอีสาน,อุบลราชธานี,อุบลราชธานี เขต 10,0.016584079754240182,0.010941384676801098,PL
อุบลราชธานี_6,0.005128262927730941,ภาคอีสาน,อุบลราชธานี,อุบลราชธานี เขต 6,0.01936006985592216,0.014231806928191218,PL
อุบลราชธานี_7,0.00536195945358044,ภาคอีสาน,อุบลราชธานี,อุบลราชธานี เขต 7,0.015016937708811101,0.009654978255230661,PL
อุบลราชธานี_1,0.015567598676322479,ภาคอีสาน,อุบลราชธานี,อุบลราชธานี เขต 1,0.04162539448526871,0.02605779580894623,PL
