district_id,ballot_code,yes_votes,no_votes,voters_used,year,region,province,district_number,district_label,eligible_voters,yes_rate,referendum_turnout_rate
BKK_0,RFD,2827,586,3724,2569,กรุงเทพ,กรุงเทพมหานคร,0,กรุงเทพมหานคร-0,,0.759129968,
BKK_1,RFD,47947,26432,79245,2569,กรุงเทพ,กรุงเทพมหานคร,1,กรุงเทพมหานคร-1,130423,0.605047637,0.607599887
BKK_2,RFD,50937,26114,81960,2569,กรุงเทพ,กรุงเทพมหานคร,2,กรุงเทพมหานคร-2,136481,0.621486091,0.60052315
BKK_3,RFD,57511,25777,88357,2569,กรุงเทพ,กรุงเทพมหานคร,3,กรุงเทพมหานคร-3,122578,0.650893534,0.72082266
BKK_4,RFD,46852,24062,75703,2569,กรุงเทพ,กรุงเทพมหานคร,4,กรุงเทพมหานคร-4,129453,0.61889225,0.584791391
BKK_5,RFD,75322,25811,106053,2569,กรุงเทพ,กรุงเทพมหานคร,5,กรุงเทพมหานคร-5,134016,0.710229791,0.791345809
BKK_6,RFD,67249,29424,102242,2569,กรุงเทพ,กรุงเทพมหานคร,6,กรุงเทพมหานคร-6,143144,0.657743393,0.714259766
BKK_7,RFD,52957,25833,84106,2569,กรุงเทพ,กรุงเทพมหานคร,7,กรุงเทพมหานคร-7,138276,0.629645923,0.608247274
BKK_8,RFD,60343,28951,94333,2569,กรุงเทพ,กรุงเทพมหานคร,8,กรุงเทพมหานคร-8,144067,0.639680706,0.654785621
BKK_9,RFD,72424,28614,106562,2569,กรุงเทพ,กรุงเทพมหานคร,9,กรุงเทพมหานคร-9,144296,0.679641899,0.73849587
BKK_10,RFD,59374,25236,90978,2569,กรุงเทพ,กรุงเทพมหานคร,10,กรุงเทพมหานคร-10,138687,0.652619315,0.655995155
BKK_11,RFD,66624,25212,98248,2569,กรุงเทพ,กรุงเทพมหานคร,11,กรุงเทพมหานคร-11,137319,0.678120674,0.715472731
BKK_12,RFD,72374,27513,105446,2569,กรุงเทพ,กรุงเทพมหานคร,12,กรุงเทพมหานคร-12,143148,0.686360791,0.736622237
BKK_13,RFD,60621,25749,90891,2569,กรุงเทพ,กรุงเทพมหานคร,13,กรุงเทพมหานคร-13,131707,0.666963726,0.690099995
BKK_14,RFD,58331,27587,90978,2569,กรุงเทพ,กรุงเทพมหานคร,14,กรุงเทพมหานคร-14,140341,0.641155005,0.648263872
BKK_15,RFD,61347,25605,92415,2569,กรุงเทพ,กรุงเทพมหานคร,15,กรุงเทพมหานคร-15,127758,0.663820808,0.72335979
BKK_16,RFD,67765,24720,98194,2569,กรุงเทพ,กรุงเทพมหานคร,16,กรุงเทพมหานคร-16,138261,0.690113449,0.710207506
BKK_17,RFD,47209,22450,77061,2569,กรุงเทพ,กรุงเทพมหานคร,17,กรุงเทพมหานคร-17,120704,0.612618575,0.638429547
BKK_18,RFD,49790,23450,80272,2569,กรุงเทพ,กรุงเทพมหานคร,18,กรุงเทพมหานคร-18,122857,0.620266095,0.653377504
BKK_19,RFD,61577,27065,94102,2569,กรุงเทพ,กรุงเทพมหานคร,19,กรุงเทพมหานคร-19,135594,0.654364413,0.69399826
BKK_20,RFD,70717,20791,98157,2569,กรุงเทพ,กรุงเทพมหานคร,20,กรุงเทพมหานคร-20,126504,0.720447854,0.775920129
BKK_21,RFD,58816,24423,88836,2569,กรุงเทพ,กรุงเทพมหานคร,21,กรุงเทพมหานคร-21,136677,0.662073934,0.649970368
BKK_22,RFD,63559,26506,95164,2569,กรุงเทพ,กรุงเทพมหานคร,22,กรุงเทพมหานคร-22,133669,0.667889118,0.711937697
BKK_23,RFD,79200,28780,113423,2569,กรุงเทพ,กรุงเทพมหานคร,23,กรุงเทพมหานคร-23,144136,0.698271074,0.786916523
BKK_24,RFD,62503,26119,94559,2569,กรุงเทพ,กรุงเทพมหานคร,24,กรุงเทพมหานคร-24,142161,0.660994723,0.665154297
BKK_25,RFD,54091,23053,82832,2569,กรุงเทพ,กรุงเทพมหานคร,25,กรุงเทพมหานคร-25,126847,0.653020572,0.653007166
BKK_26,RFD,62548,24029,93037,2569,กรุงเทพ,กรุงเทพมหานคร,26,กรุงเทพมหานคร-26,139473,0.672291669,0.667061008
BKK_27,RFD,66490,23258,96402,2569,กรุงเทพ,กรุงเทพมหานคร,27,กรุงเทพมหานคร-27,134519,0.689715981,0.716642259
BKK_28,RFD,51668,19770,76858,2569,กรุงเทพ,กรุงเทพมหานคร,28,กรุงเทพมหานคร-28,139847,0.672252726,0.549586334
BKK_29,RFD,63017,26601,96344,2569,กรุงเทพ,กรุงเทพมหานคร,29,กรุงเทพมหานคร-29,144498,0.654083285,0.666749713
BKK_30,RFD,75340,26378,108387,2569,กรุงเทพ,กรุงเทพมหานคร,30,กรุงเทพมหานคร-30,143904,0.695101811,0.753189626
BKK_31,RFD,69319,31388,107883,2569,กรุงเทพ,กรุงเทพมหานคร,31,กรุงเทพมหานคร-31,143811,0.642538676,0.750172101
BKK_32,RFD,56695,25673,88691,2569,กรุงเทพ,กรุงเทพมหานคร,32,กรุงเทพมหานคร-32,139079,0.639241862,0.637702313
BKK_33,RFD,73455,28829,108013,2569,กรุงเทพ,กรุงเทพมหานคร,33,กรุงเทพมหานคร-33,148223,0.68005703,0.728719564
SPK_1,RFD,57917,23198,88843,2569,ปริมณฑล,สมุทรปราการ,1,สมุทรปราการ-1,130808,0.651902795,0.679186288
SPK_2,RFD,63993,20808,93424,2569,ปริมณฑล,สมุทรปราการ,2,สมุทรปราการ-2,129020,0.684973883,0.72410479
SPK_3,RFD,61562,23962,92139,2569,ปริมณฑล,สมุทรปราการ,3,สมุทรปราการ-3,141171,0.668142697,0.652676541
SPK_4,RFD,57361,20144,83101,2569,ปริมณฑล,สมุทรปราการ,4,สมุทรปราการ-4,136475,0.690256435,0.608910057
SPK_5,RFD,71690,22629,102292,2569,ปริมณฑล,สมุทรปราการ,5,สมุทรปราการ-5,158700,0.70083682,0.644562067
SPK_6,RFD,57015,24095,89841,2569,ปริมณฑล,สมุทรปราการ,6,สมุทรปราการ-6,129989,0.634621164,0.691143097
SPK_7,RFD,66648,22198,98629,2569,ปริมณฑล,สมุทรปราการ,7,สมุทรปราการ-7,149428,0.675744456,0.660043633
SPK_8,RFD,75527,25741,112319,2569,ปริมณฑล,สมุทรปราการ,8,สมุทรปราการ-8,150829,0.672432981,0.744677748
NBI_1,RFD,58389,28624,93068,2569,ปริมณฑล,นนทบุรี,1,นนทบุรี-1,140032,0.62737998,0.664619516
NBI_2,RFD,54494,24831,85218,2569,ปริมณฑล,นนทบุรี,2,นนทบุรี-2,124608,0.639465841,0.683888675
NBI_3,RFD,53672,22368,81719,2569,ปริมณฑล,นนทบุรี,3,นนทบุรี-3,140981,0.656787283,0.579645484
NBI_4,RFD,55586,22603,83529,2569,ปริมณฑล,นนทบุรี,4,นนทบุรี-4,127356,0.665469478,0.655870159
NBI_5,RFD,62236,28798,98726,2569,ปริมณฑล,นนทบุรี,5,นนทบุรี-5,137859,0.630391184,0.716137503
NBI_6,RFD,65902,26956,100935,2569,ปริมณฑล,นนทบุรี,6,นนทบุรี-6,144086,0.652915242,0.700519134
NBI_7,RFD,59903,25876,93980,2569,ปริมณฑล,นนทบุรี,7,นนทบุรี-7,142478,0.637401575,0.659610607
NBI_8,RFD,60260,26227,94910,2569,ปริมณฑล,นนทบุรี,8,นนทบุรี-8,136983,0.63491729,0.692859698
PTE_1,RFD,60455,25111,95156,2569,ปริมณฑล,ปทุมธานี,1,ปทุมธานี-1,130700,0.63532515,0.728048967
PTE_2,RFD,66475,25133,101031,2569,ปริมณฑล,ปทุมธานี,2,ปทุมธานี-2,128901,0.657966367,0.783787558
PTE_3,RFD,70346,19737,97328,2569,ปริมณฑล,ปทุมธานี,3,ปทุมธานี-3,131743,0.722772481,0.738771699
PTE_4,RFD,60388,22771,90475,2569,ปริมณฑล,ปทุมธานี,4,ปทุมธานี-4,132037,0.667455098,0.685224596
PTE_5,RFD,56518,22345,85135,2569,ปริมณฑล,ปทุมธานี,5,ปทุมธานี-5,122740,0.663863276,0.693620662
PTE_6,RFD,59847,20523,85812,2569,ปริมณฑล,ปทุมธานี,6,ปทุมธานี-6,122393,0.697419941,0.701118528
PTE_7,RFD,57688,21183,87315,2569,ปริมณฑล,ปทุมธานี,7,ปทุมธานี-7,121843,0.660688312,0.716618928
PTE_8,RFD,50045,21954,81031,2569,ปริมณฑล,ปทุมธานี,8,ปทุมธานี-8,122403,0.61760314,0.662001748
AYA_1,RFD,62333,29393,102901,2569,ภาคกลาง,พระนครศรีอยุธยา,1,พระนครศรีอยุธยา-1,140188,0.60575699,0.734021457
AYA_2,RFD,55554,27302,95586,2569,ภาคกลาง,พระนครศรีอยุธยา,2,พระนครศรีอยุธยา-2,128589,0.581193899,0.743345076
AYA_3,RFD,63620,24926,100185,2569,ภาคกลาง,พระนครศรีอยุธยา,3,พระนครศรีอยุธยา-3,136493,0.635025203,0.733993685
AYA_4,RFD,62394,26158,99911,2569,ภาคกลาง,พระนครศรีอยุธยา,4,พระนครศรีอยุธยา-4,139523,0.624495801,0.71608982
AYA_5,RFD,58060,26462,97328,2569,ภาคกลาง,พระนครศรีอยุธยา,5,พระนครศรีอยุธยา-5,133055,0.596539536,0.731486979
ATG_1,RFD,44347,24513,79402,2569,ภาคกลาง,อ่างทอง,1,อ่างทอง-1,111666,0.55851238,0.711066932
ATG_2,RFD,44164,24481,79871,2569,ภาคกลาง,อ่างทอง,2,อ่างทอง-2,112423,0.552941618,0.710450708
LRI_1,RFD,55114,30375,98777,2569,ภาคกลาง,ลพบุรี,1,ลพบุรี-1,151712,0.557963898,0.651082314
LRI_2,RFD,59753,34138,108214,2569,ภาคกลาง,ลพบุรี,2,ลพบุรี-2,149672,0.552174395,0.723007643
LRI_3,RFD,54709,28630,95657,2569,ภาคกลาง,ลพบุรี,3,ลพบุรี-3,145648,0.571928871,0.656768373
LRI_4,RFD,60799,31647,106195,2569,ภาคกลาง,ลพบุรี,4,ลพบุรี-4,149394,0.572522247,0.710838454
SBR_1,RFD,61904,38794,116868,2569,ภาคกลาง,สิงห์บุรี,1,สิงห์บุรี-1,167173,0.529691618,0.699084182
CNT_1,RFD,44818,28116,85612,2569,ภาคกลาง,ชัยนาท,1,ชัยนาท-1,131155,0.523501378,0.652754375
CNT_2,RFD,45909,25980,85553,2569,ภาคกลาง,ชัยนาท,2,ชัยนาท-2,130424,0.53661473,0.655960559
SRI_1,RFD,52258,26158,88818,2569,ภาคกลาง,สระบุรี,1,สระบุรี-1,128124,0.588371726,0.693219069
SRI_2,RFD,59052,26885,98095,2569,ภาคกลาง,สระบุรี,2,สระบุรี-2,136691,0.601987869,0.717640518
SRI_3,RFD,43831,19994,72872,2569,ภาคกลาง,สระบุรี,3,สระบุรี-3,125851,0.601479306,0.579033937
SRI_4,RFD,54334,26448,93291,2569,ภาคกลาง,สระบุรี,4,สระบุรี-4,128318,0.582414166,0.727029723
CBI_1,RFD,72384,30806,111440,2569,ภาคตะวันออก,ชลบุรี,1,ชลบุรี-1,133544,0.649533381,0.834481519
CBI_2,RFD,44433,25024,76145,2569,ภาคตะวันออก,ชลบุรี,2,ชลบุรี-2,113941,0.58353142,0.668284463
CBI_3,RFD,57943,24786,92422,2569,ภาคตะวันออก,ชลบุรี,3,ชลบุรี-3,127184,0.626939473,0.726679457
CBI_4,RFD,48664,27272,86427,2569,ภาคตะวันออก,ชลบุรี,4,ชลบุรี-4,120269,0.563064783,0.718614107
CBI_5,RFD,50221,32080,94580,2569,ภาคตะวันออก,ชลบุรี,5,ชลบุรี-5,134984,0.530989638,0.700675636
CBI_6,RFD,68839,26383,103284,2569,ภาคตะวันออก,ชลบุรี,6,ชลบุรี-6,138570,0.666502072,0.745356138
CBI_7,RFD,66614,18592,92236,2569,ภาคตะวันออก,ชลบุรี,7,ชลบุรี-7,127875,0.722212585,0.721298143
CBI_8,RFD,54737,21246,84715,2569,ภาคตะวันออก,ชลบุรี,8,ชลบุรี-8,140456,0.646131146,0.603142621
CBI_9,RFD,43101,15726,64914,2569,ภาคตะวันออก,ชลบุรี,9,ชลบุรี-9,122755,0.663970792,0.528809417
CBI_10,RFD,47761,25453,81574,2569,ภาคตะวันออก,ชลบุรี,10,ชลบุรี-10,134689,0.585492927,0.605647083
RYG_1,RFD,58674,22530,89162,2569,ภาคตะวันออก,ระยอง,1,ระยอง-1,121744,0.658060609,0.732372848
RYG_2,RFD,42793,22034,72014,2569,ภาคตะวันออก,ระยอง,2,ระยอง-2,116647,0.594231677,0.617366928
RYG_3,RFD,43975,24362,79217,2569,ภาคตะวันออก,ระยอง,3,ระยอง-3,124374,0.555120744,0.636925724
RYG_4,RFD,29897,15381,51909,2569,ภาคตะวันออก,ระยอง,4,ระยอง-4,129476,0.575950221,0.400916
RYG_5,RFD,62519,20023,91127,2569,ภาคตะวันออก,ระยอง,5,ระยอง-5,129567,0.686064503,0.703319518
CTI_1,RFD,55137,35519,102849,2569,ภาคตะวันออก,จันทบุรี,1,จันทบุรี-1,148028,0.536096608,0.694794228
CTI_2,RFD,48951,32107,94942,2569,ภาคตะวันออก,จันทบุรี,2,จันทบุรี-2,142477,0.515588465,0.666367203
CTI_3,RFD,46952,32408,93040,2569,ภาคตะวันออก,จันทบุรี,3,จันทบุรี-3,142287,0.504643164,0.653889674
TRT_1,RFD,54279,44523,113261,2569,ภาคตะวันออก,ตราด,1,ตราด-1,176920,0.47923822,0.640182003
CCO_1,RFD,63269,32104,106958,2569,ภาคตะวันออก,ฉะเชิงเทรา,1,ฉะเชิงเทรา-1,146573,0.591531255,0.72972512
CCO_2,RFD,60492,37115,111597,2569,ภาคตะวันออก,ฉะเชิงเทรา,2,ฉะเชิงเทรา-2,145059,0.542057582,0.769321449
CCO_3,RFD,56658,26920,95809,2569,ภาคตะวันออก,ฉะเชิงเทรา,3,ฉะเชิงเทรา-3,148423,0.591364068,0.645513162
CCO_4,RFD,73552,31937,118734,2569,ภาคตะวันออก,ฉะเชิงเทรา,4,ฉะเชิงเทรา-4,151927,0.619468728,0.781520072
PRI_1,RFD,48948,28348,88662,2569,ภาคตะวันออก,ปราจีนบุรี,1,ปราจีนบุรี-1,132597,0.552074169,0.668657662
PRI_2,RFD,63706,28253,103652,2569,ภาคตะวันออก,ปราจีนบุรี,2,ปราจีนบุรี-2,141803,0.614614286,0.730957737
PRI_3,RFD,50110,26152,87196,2569,ภาคตะวันออก,ปราจีนบุรี,3,ปราจีนบุรี-3,129130,0.574682325,0.675257492
NYK_1,RFD,41487,26134,77669,2569,ภาคตะวันออก,นครนายก,1,นครนายก-1,104054,0.534151335,0.746429738
NYK_2,RFD,44840,25843,81145,2569,ภาคตะวันออก,นครนายก,2,นครนายก-2,108945,0.552591041,0.744825371
SKW_1,RFD,48055,29891,89345,2569,ภาคตะวันออก,สระแก้ว,1,สระแก้ว-1,147502,0.537858862,0.6057206
SKW_2,RFD,46194,30321,88006,2569,ภาคตะวันออก,สระแก้ว,2,สระแก้ว-2,145146,0.52489603,0.606327422
SKW_3,RFD,45605,35211,93113,2569,ภาคตะวันออก,สระแก้ว,3,สระแก้ว-3,151047,0.489781234,0.616450509
NMA_1,RFD,50856,27213,86050,2569,ภาคอีสาน,นครราชสีมา,1,นครราชสีมา-1,128667,0.59100523,0.668780651
NMA_2,RFD,58990,25942,95793,2569,ภาคอีสาน,นครราชสีมา,2,นครราชสีมา-2,141222,0.615807001,0.678314993
NMA_3,RFD,56411,26686,93235,2569,ภาคอีสาน,นครราชสีมา,3,นครราชสีมา-3,136549,0.605041025,0.682795187
NMA_4,RFD,49523,24649,85135,2569,ภาคอีสาน,นครราชสีมา,4,นครราชสีมา-4,131758,0.581699653,0.646146724
NMA_5,RFD,46605,27385,86302,2569,ภาคอีสาน,นครราชสีมา,5,นครราชสีมา-5,133508,0.540022247,0.646418192
NMA_6,RFD,44285,23411,76115,2569,ภาคอีสาน,นครราชสีมา,6,นครราชสีมา-6,133507,0.581816987,0.570119919
NMA_7,RFD,41054,22993,72271,2569,ภาคอีสาน,นครราชสีมา,7,นครราชสีมา-7,131810,0.568056343,0.548296791
NMA_8,RFD,42926,24580,78035,2569,ภาคอีสาน,นครราชสีมา,8,นครราชสีมา-8,133816,0.5500865,0.583151492
NMA_9,RFD,44838,27450,82841,2569,ภาคอีสาน,นครราชสีมา,9,นครราชสีมา-9,135762,0.541253727,0.610192837
NMA_10,RFD,53713,33574,102327,2569,ภาคอีสาน,นครราชสีมา,10,นครราชสีมา-10,138144,0.524915223,0.740727067
NMA_11,RFD,48056,25261,85473,2569,ภาคอีสาน,นครราชสีมา,11,นครราชสีมา-11,132460,0.562236028,0.645274045
NMA_12,RFD,48789,25421,85752,2569,ภาคอีสาน,นครราชสีมา,12,นครราชสีมา-12,132505,0.56895466,0.647160485
NMA_13,RFD,42897,19296,71432,2569,ภาคอีสาน,นครราชสีมา,13,นครราชสีมา-13,130106,0.600529175,0.549029253
NMA_14,RFD,49309,21169,79842,2569,ภาคอีสาน,นครราชสีมา,14,นครราชสีมา-14,130825,0.617582225,0.610296197
NMA_15,RFD,55666,24762,90202,2569,ภาคอีสาน,นครราชสีมา,15,นครราชสีมา-15,138615,0.617126006,0.650737655
NMA_16,RFD,44661,24101,78200,2569,ภาคอีสาน,นครราชสีมา,16,นครราชสีมา-16,136001,0.571112532,0.574995772
BRM_4,RFD,32368,24259,64824,2569,ภาคอีสาน,บุรีรัมย์,4,บุรีรัมย์-4,121519,0.499321239,0.533447444
BRM_1,RFD,37161,29559,76525,2569,ภาคอีสาน,บุรีรัมย์,1,บุรีรัมย์-1,125325,0.485606011,0.610612408
BRM_2,RFD,30755,28819,68042,2569,ภาคอีสาน,บุรีรัมย์,2,บุรีรัมย์-2,127640,0.452000235,0.533077405
BRM_3,RFD,28354,32422,67770,2569,ภาคอีสาน,บุรีรัมย์,3,บุรีรัมย์-3,125637,0.418385716,0.539411161
BRM_5,RFD,36094,27985,72902,2569,ภาคอีสาน,บุรีรัมย์,5,บุรีรัมย์-5,131438,0.495103015,0.55464934
BRM_6,RFD,31867,30743,70277,2569,ภาคอีสาน,บุรีรัมย์,6,บุรีรัมย์-6,130776,0.453448497,0.537384535
BRM_7,RFD,36860,24553,70399,2569,ภาคอีสาน,บุรีรัมย์,7,บุรีรัมย์-7,123023,0.523586983,0.572242589
BRM_8,RFD,37602,27355,74887,2569,ภาคอีสาน,บุรีรัมย์,8,บุรีรัมย์-8,126975,0.502116522,0.589777515
BRM_9,RFD,28735,28018,65883,2569,ภาคอีสาน,บุรีรัมย์,9,บุรีรัมย์-9,127988,0.436151966,0.514759196
BRM_10,RFD,27341,28776,65116,2569,ภาคอีสาน,บุรีรัมย์,10,บุรีรัมย์-10,121301,0.419881442,0.536813382
SRN_1,RFD,43349,29090,81695,2569,ภาคอีสาน,สุรินทร์,1,สุรินทร์-1,136098,0.530619989,0.600265985
SRN_2,RFD,43922,27222,80644,2569,ภาคอีสาน,สุรินทร์,2,สุรินทร์-2,140119,0.544640643,0.575539363
SRN_3,RFD,39935,24119,72539,2569,ภาคอีสาน,สุรินทร์,3,สุรินทร์-3,137394,0.550531438,0.527963375
SRN_4,RFD,42220,22258,72348,2569,ภาคอีสาน,สุรินทร์,4,สุรินทร์-4,139651,0.583568309,0.518062885
SRN_5,RFD,39798,22350,69343,2569,ภาคอีสาน,สุรินทร์,5,สุรินทร์-5,135554,0.573929596,0.511552592
SRN_6,RFD,35466,25671,69489,2569,ภาคอีสาน,สุรินทร์,6,สุรินทร์-6,134172,0.510382938,0.517909847
SRN_7,RFD,41415,30972,82564,2569,ภาคอีสาน,สุรินทร์,7,สุรินทร์-7,136448,0.501610872,0.605094981
SRN_8,RFD,37955,28112,75984,2569,ภาคอีสาน,สุรินทร์,8,สุรินทร์-8,136843,0.499513055,0.555264062
SSK_1,RFD,47022,24207,80003,2569,ภาคอีสาน,ศรีสะเกษ,1,ศรีสะเกษ-1,132927,0.587752959,0.601856658
SSK_2,RFD,44307,21342,73995,2569,ภาคอีสาน,ศรีสะเกษ,2,ศรีสะเกษ-2,128729,0.598783702,0.574812202
SSK_3,RFD,38961,25045,73479,2569,ภาคอีสาน,ศรีสะเกษ,3,ศรีสะเกษ-3,128000,0.530233128,0.574054688
SSK_4,RFD,36142,27324,72760,2569,ภาคอีสาน,ศรีสะเกษ,4,ศรีสะเกษ-4,122479,0.496728972,0.594061023
SSK_5,RFD,39088,25187,74259,2569,ภาคอีสาน,ศรีสะเกษ,5,ศรีสะเกษ-5,127678,0.526373908,0.581611554
SSK_6,RFD,37914,19521,64800,2569,ภาคอีสาน,ศรีสะเกษ,6,ศรีสะเกษ-6,128761,0.585092593,0.503257974
SSK_7,RFD,44197,19394,71579,2569,ภาคอีสาน,ศรีสะเกษ,7,ศรีสะเกษ-7,127528,0.617457634,0.56128066
SSK_8,RFD,40942,24300,75048,2569,ภาคอีสาน,ศรีสะเกษ,8,ศรีสะเกษ-8,133339,0.545544185,0.562836079
SSK_9,RFD,49652,21922,79664,2569,ภาคอีสาน,ศรีสะเกษ,9,ศรีสะเกษ-9,139255,0.623267724,0.572072816
UBN_1,RFD,52670,25067,86507,2569,ภาคอีสาน,อุบลราชธานี,1,อุบลราชธานี-1,132544,0.608852463,0.652666284
UBN_2,RFD,45735,28403,84935,2569,ภาคอีสาน,อุบลราชธานี,2,อุบลราชธานี-2,136569,0.538470595,0.621920055
UBN_3,RFD,42631,28061,81364,2569,ภาคอีสาน,อุบลราชธานี,3,อุบลราชธานี-3,139753,0.523954083,0.582198593
UBN_4,RFD,62224,27463,101239,2569,ภาคอีสาน,อุบลราชธานี,4,อุบลราชธานี-4,150372,0.614624799,0.673256989
UBN_5,RFD,40204,26396,75141,2569,ภาคอีสาน,อุบลราชธานี,5,อุบลราชธานี-5,131064,0.535047444,0.573315327
UBN_6,RFD,39822,25227,74461,2569,ภาคอีสาน,อุบลราชธานี,6,อุบลราชธานี-6,132041,0.534803454,0.563923327
UBN_7,RFD,43838,26264,80119,2569,ภาคอีสาน,อุบลราชธานี,7,อุบลราชธานี-7,131286,0.547161098,0.61026309
UBN_8,RFD,42569,29021,82409,2569,ภาคอีสาน,อุบลราชธานี,8,อุบลราชธานี-8,137335,0.516557658,0.600058252
UBN_9,RFD,40170,24986,74007,2569,ภาคอีสาน,อุบลราชธานี,9,อุบลราชธานี-9,130180,0.542786493,0.568497465
UBN_10,RFD,40343,27970,78485,2569,ภาคอีสาน,อุบลราชธานี,10,อุบลราชธานี-10,141283,0.514021788,0.555516233
UBN_11,RFD,40563,27458,77533,2569,ภาคอีสาน,อุบลราชธานี,11,อุบลราชธานี-11,135372,0.523170779,0.572740301
YST_1,RFD,57375,24516,92510,2569,ภาคอีสาน,ยโสธร,1,ยโสธร-1,144704,0.620203221,0.639305064
YST_2,RFD,50694,21285,80785,2569,ภาคอีสาน,ยโสธร,2,ยโสธร-2,141190,0.627517485,0.57217225
YST_3,RFD,54395,22871,85908,2569,ภาคอีสาน,ยโสธร,3,ยโสธร-3,146614,0.633177353,0.585946772
CPM_1,RFD,10268,4119,16127,2569,ภาคอีสาน,ชัยภูมิ,1,ชัยภูมิ-1,129441,0.636696224,0.124589581
CPM_2,RFD,47117,21016,78341,2569,ภาคอีสาน,ชัยภูมิ,2,ชัยภูมิ-2,133561,0.601434753,0.586555956
CPM_3,RFD,41754,19991,71235,2569,ภาคอีสาน,ชัยภูมิ,3,ชัยภูมิ-3,127154,0.586144451,0.560226182
CPM_4,RFD,32989,15880,55405,2569,ภาคอีสาน,ชัยภูมิ,4,ชัยภูมิ-4,121184,0.595415576,0.45719732
CPM_5,RFD,47018,22649,79029,2569,ภาคอีสาน,ชัยภูมิ,5,ชัยภูมิ-5,132089,0.594946159,0.598301145
CPM_6,RFD,47425,22177,79140,2569,ภาคอีสาน,ชัยภูมิ,6,ชัยภูมิ-6,134526,0.599254486,0.588287766
CPM_7,RFD,47537,20753,76316,2569,ภาคอีสาน,ชัยภูมิ,7,ชัยภูมิ-7,126889,0.622896902,0.601439053
ACR_1,RFD,44232,30889,85105,2569,ภาคอีสาน,อำนาจเจริญ,1,อำนาจเจริญ-1,145524,0.519734446,0.584817625
ACR_2,RFD,47044,31352,90230,2569,ภาคอีสาน,อำนาจเจริญ,2,อำนาจเจริญ-2,157184,0.521378699,0.574040615
BKN_1,RFD,44834,15975,67597,2569,ภาคอีสาน,บึงกาฬ,1,บึงกาฬ-1,104792,0.663254286,0.645058783
BKN_2,RFD,44918,16744,68942,2569,ภาคอีสาน,บึงกาฬ,2,บึงกาฬ-2,109412,0.651533173,0.630113699
BKN_3,RFD,45196,16656,69318,2569,ภาคอีสาน,บึงกาฬ,3,บึงกาฬ-3,118398,0.652009579,0.585465971
NBP_1,RFD,51646,21158,82343,2569,ภาคอีสาน,หนองบัวลำภู,1,หนองบัวลำภู-1,139306,0.627205713,0.591094425
NBP_2,RFD,47913,18979,74450,2569,ภาคอีสาน,หนองบัวลำภู,2,หนองบัวลำภู-2,136024,0.643559436,0.547329883
NBP_3,RFD,48227,18048,74321,2569,ภาคอีสาน,หนองบัวลำภู,3,หนองบัวลำภู-3,133312,0.648901387,0.557496699
KKN_1,RFD,60523,21766,89243,2569,ภาคอีสาน,ขอนแก่น,1,ขอนแก่น-1,128250,0.678182042,0.695851852
KKN_2,RFD,61502,23321,93552,2569,ภาคอีสาน,ขอนแก่น,2,ขอนแก่น-2,138811,0.657409783,0.673952352
KKN_3,RFD,53397,21206,83395,2569,ภาคอีสาน,ขอนแก่น,3,ขอนแก่น-3,132197,0.640290185,0.630838824
KKN_4,RFD,56102,22286,87526,2569,ภาคอีสาน,ขอนแก่น,4,ขอนแก่น-4,130881,0.640975253,0.66874489
KKN_5,RFD,48146,19374,75512,2569,ภาคอีสาน,ขอนแก่น,5,ขอนแก่น-5,131801,0.637594025,0.572924333
KKN_6,RFD,51640,21266,82046,2569,ภาคอีสาน,ขอนแก่น,6,ขอนแก่น-6,129906,0.629403018,0.631579758
KKN_7,RFD,53863,20951,84085,2569,ภาคอีสาน,ขอนแก่น,7,ขอนแก่น-7,132362,0.640577987,0.635265409
KKN_8,RFD,54309,23076,86983,2569,ภาคอีสาน,ขอนแก่น,8,ขอนแก่น-8,139634,0.624363381,0.622935675
KKN_9,RFD,48886,18926,75346,2569,ภาคอีสาน,ขอนแก่น,9,ขอนแก่น-9,127326,0.64882011,0.591756593
KKN_10,RFD,50400,20586,78995,2569,ภาคอีสาน,ขอนแก่น,10,ขอนแก่น-10,135705,0.638015064,0.58210825
KKN_11,RFD,49677,22028,80728,2569,ภาคอีสาน,ขอนแก่น,11,ขอนแก่น-11,131498,0.615362699,0.613910478
UDN_1,RFD,49318,19920,75982,2569,ภาคอีสาน,อุดรธานี,1,อุดรธานี-1,129255,0.649074781,0.587845731
UDN_2,RFD,42607,15037,64816,2569,ภาคอีสาน,อุดรธานี,2,อุดรธานี-2,132878,0.657353123,0.487785788
UDN_3,RFD,47380,17297,71316,2569,ภาคอีสาน,อุดรธานี,3,อุดรธานี-3,125830,0.664367042,0.566764683
UDN_4,RFD,44273,16116,67339,2569,ภาคอีสาน,อุดรธานี,4,อุดรธานี-4,126481,0.657464471,0.532404077
UDN_5,RFD,43912,15529,66026,2569,ภาคอีสาน,อุดรธานี,5,อุดรธานี-5,119089,0.665071336,0.554425682
UDN_6,RFD,45463,19747,72750,2569,ภาคอีสาน,อุดรธานี,6,อุดรธานี-6,126400,0.624920962,0.575553797
UDN_7,RFD,43520,15943,66264,2569,ภาคอีสาน,อุดรธานี,7,อุดรธานี-7,128249,0.656766872,0.516682391
UDN_8,RFD,44202,17088,68657,2569,ภาคอีสาน,อุดรธานี,8,อุดรธานี-8,122696,0.64380908,0.559569994
UDN_9,RFD,47666,16910,73198,2569,ภาคอีสาน,อุดรธานี,9,อุดรธานี-9,124827,0.651192656,0.586395571
UDN_10,RFD,45491,17527,71462,2569,ภาคอีสาน,อุดรธานี,10,อุดรธานี-10,123023,0.636576082,0.580883249
LEI_1,RFD,51482,24224,85249,2569,ภาคอีสาน,เลย,1,เลย-1,125703,0.603901512,0.678177927
LEI_2,RFD,43513,21798,75070,2569,ภาคอีสาน,เลย,2,เลย-2,132976,0.579632343,0.564537962
LEI_3,RFD,46503,24734,81771,2569,ภาคอีสาน,เลย,3,เลย-3,125561,0.568697949,0.651245211
LEI_4,RFD,47256,21201,77451,2569,ภาคอีสาน,เลย,4,เลย-4,123891,0.610140605,0.62515437
NKI_1,RFD,54909,21588,85566,2569,ภาคอีสาน,หนองคาย,1,หนองคาย-1,139496,0.641715167,0.613393932
NKI_2,RFD,49363,18902,76172,2569,ภาคอีสาน,หนองคาย,2,หนองคาย-2,136455,0.648046526,0.558220659
NKI_3,RFD,50065,19268,77518,2569,ภาคอีสาน,หนองคาย,3,หนองคาย-3,137516,0.645849996,0.563701678
MKM_1,RFD,64367,20468,93008,2569,ภาคอีสาน,มหาสารคาม,1,มหาสารคาม-1,123641,0.692058748,0.752242379
MKM_2,RFD,44304,20296,72245,2569,ภาคอีสาน,มหาสารคาม,2,มหาสารคาม-2,128380,0.613246591,0.562743418
MKM_3,RFD,46888,22608,76797,2569,ภาคอีสาน,มหาสารคาม,3,มหาสารคาม-3,130144,0.610544683,0.590092513
MKM_4,RFD,46280,21052,75372,2569,ภาคอีสาน,มหาสารคาม,4,มหาสารคาม-4,126010,0.614021122,0.598143005
MKM_5,RFD,48279,19098,75222,2569,ภาคอีสาน,มหาสารคาม,5,มหาสารคาม-5,133026,0.641820212,0.565468405
MKM_6,RFD,54512,19801,82106,2569,ภาคอีสาน,มหาสารคาม,6,มหาสารคาม-6,128307,0.663922247,0.639918321
RET_1,RFD,53406,22488,84282,2569,ภาคอีสาน,ร้อยเอ็ด,1,ร้อยเอ็ด-1,126135,0.633658432,0.668188845
RET_2,RFD,51411,19886,79838,2569,ภาคอีสาน,ร้อยเอ็ด,2,ร้อยเอ็ด-2,136719,0.643941482,0.583956875
RET_3,RFD,47426,19541,74846,2569,ภาคอีสาน,ร้อยเอ็ด,3,ร้อยเอ็ด-3,133017,0.633647757,0.562679958
RET_4,RFD,47811,18193,73369,2569,ภาคอีสาน,ร้อยเอ็ด,4,ร้อยเอ็ด-4,129528,0.651651242,0.566433512
RET_5,RFD,44896,15815,68223,2569,ภาคอีสาน,ร้อยเอ็ด,5,ร้อยเอ็ด-5,133199,0.658077188,0.51218853
RET_6,RFD,46321,16464,69241,2569,ภาคอีสาน,ร้อยเอ็ด,6,ร้อยเอ็ด-6,130129,0.66898225,0.532095075
RET_7,RFD,49988,16846,73359,2569,ภาคอีสาน,ร้อยเอ็ด,7,ร้อยเอ็ด-7,134383,0.68141605,0.545894942
RET_8,RFD,49367,19107,76236,2569,ภาคอีสาน,ร้อยเอ็ด,8,ร้อยเอ็ด-8,131264,0.647554961,0.580783764
KSN_1,RFD,47602,20806,76507,2569,ภาคอีสาน,กาฬสินธุ์,1,กาฬสินธุ์-1,131448,0.622191433,0.582032439
KSN_2,RFD,50076,19052,76297,2569,ภาคอีสาน,กาฬสินธุ์,2,กาฬสินธุ์-2,126190,0.656329869,0.604620017
KSN_3,RFD,41138,22832,72318,2569,ภาคอีสาน,กาฬสินธุ์,3,กาฬสินธุ์-3,124254,0.568848696,0.58201748
KSN_4,RFD,48206,24828,81846,2569,ภาคอีสาน,กาฬสินธุ์,4,กาฬสินธุ์-4,136372,0.58898419,0.60016719
KSN_5,RFD,54174,21132,83599,2569,ภาคอีสาน,กาฬสินธุ์,5,กาฬสินธุ์-5,137298,0.648022106,0.608887238
KSN_6,RFD,54165,20831,84244,2569,ภาคอีสาน,กาฬสินธุ์,6,กาฬสินธุ์-6,135642,0.642953801,0.621076068
SNK_1,RFD,51764,23376,84788,2569,ภาคอีสาน,สกลนคร,1,สกลนคร-1,133910,0.610510921,0.633171533
SNK_2,RFD,49851,21169,79299,2569,ภาคอีสาน,สกลนคร,2,สกลนคร-2,131926,0.628646011,0.601086973
SNK_3,RFD,48522,19737,77109,2569,ภาคอีสาน,สกลนคร,3,สกลนคร-3,134035,0.629265066,0.575290036
SNK_4,RFD,45370,21189,75610,2569,ภาคอีสาน,สกลนคร,4,สกลนคร-4,128385,0.600052903,0.588931729
SNK_5,RFD,47007,21730,76878,2569,ภาคอีสาน,สกลนคร,5,สกลนคร-5,129748,0.611449309,0.592517804
SNK_6,RFD,45519,19113,71919,2569,ภาคอีสาน,สกลนคร,6,สกลนคร-6,130056,0.632920369,0.552984868
SNK_7,RFD,44581,18382,70682,2569,ภาคอีสาน,สกลนคร,7,สกลนคร-7,131937,0.630726352,0.535725384
NPM_1,RFD,52981,23544,87363,2569,ภาคอีสาน,นครพนม,1,นครพนม-1,143587,0.606446665,0.608432518
NPM_2,RFD,55106,20701,85031,2569,ภาคอีสาน,นครพนม,2,นครพนม-2,142901,0.648069528,0.595034324
NPM_3,RFD,54321,20573,83292,2569,ภาคอีสาน,นครพนม,3,นครพนม-3,142411,0.652175479,0.584870551
NPM_4,RFD,54449,22291,86100,2569,ภาคอีสาน,นครพนม,4,นครพนม-4,144796,0.632392567,0.594629686
MDH_1,RFD,62502,22760,94953,2569,ภาคอีสาน,มุกดาหาร,1,มุกดาหาร-1,141841,0.658241446,0.669432675
MDH_2,RFD,56220,23560,89854,2569,ภาคอีสาน,มุกดาหาร,2,มุกดาหาร-2,138498,0.625681661,0.648774712
CMI_4,RFD,72508,21242,103125,2569,ภาคเหนือ,เชียงใหม่,4,เชียงใหม่-4,144798,0.703107879,0.712199064
CMI_5,RFD,63109,19415,93311,2569,ภาคเหนือ,เชียงใหม่,5,เชียงใหม่-5,133219,0.676329693,0.700433121
CMI_1,RFD,91590,20653,119595,2569,ภาคเหนือ,เชียงใหม่,1,เชียงใหม่-1,137793,0.765834692,0.867932333
CMI_2,RFD,72757,19683,102276,2569,ภาคเหนือ,เชียงใหม่,2,เชียงใหม่-2,143760,0.711379014,0.711435726
CMI_3,RFD,70349,18744,98923,2569,ภาคเหนือ,เชียงใหม่,3,เชียงใหม่-3,139193,0.711149076,0.710689474
CMI_6,RFD,53267,17973,80906,2569,ภาคเหนือ,เชียงใหม่,6,เชียงใหม่-6,127380,0.658381331,0.635154655
CMI_7,RFD,57273,20497,88258,2569,ภาคเหนือ,เชียงใหม่,7,เชียงใหม่-7,132908,0.648927009,0.66405333
CMI_8,RFD,77926,18791,107540,2569,ภาคเหนือ,เชียงใหม่,8,เชียงใหม่-8,141140,0.724623396,0.761938501
CMI_9,RFD,65854,19731,97022,2569,ภาคเหนือ,เชียงใหม่,9,เชียงใหม่-9,126155,0.678753272,0.769069795
CMI_10,RFD,60971,17564,87813,2569,ภาคเหนือ,เชียงใหม่,10,เชียงใหม่-10,121915,0.694327719,0.720280523
LPN_1,RFD,88625,24345,126250,2569,ภาคเหนือ,ลำพูน,1,ลำพูน-1,171262,0.701980198,0.737174621
LPN_2,RFD,75112,28406,119364,2569,ภาคเหนือ,ลำพูน,2,ลำพูน-2,162629,0.629268456,0.733965037
LPG_1,RFD,63842,24143,97995,2569,ภาคเหนือ,ลำปาง,1,ลำปาง-1,146326,0.651482218,0.669703265
LPG_2,RFD,62264,23541,97185,2569,ภาคเหนือ,ลำปาง,2,ลำปาง-2,150940,0.640675001,0.643865112
LPG_3,RFD,64356,23359,99138,2569,ภาคเหนือ,ลำปาง,3,ลำปาง-3,147220,0.649155722,0.673400353
LPG_4,RFD,65369,23630,100383,2569,ภาคเหนือ,ลำปาง,4,ลำปาง-4,157791,0.65119592,0.636176968
UTT_1,RFD,44034,23491,76884,2569,ภาคเหนือ,อุตรดิตถ์,1,อุตรดิตถ์-1,118173,0.572732948,0.650605468
UTT_2,RFD,40917,23232,73464,2569,ภาคเหนือ,อุตรดิตถ์,2,อุตรดิตถ์-2,125041,0.556966678,0.587519294
UTT_3,RFD,45467,20918,75414,2569,ภาคเหนือ,อุตรดิตถ์,3,อุตรดิตถ์-3,123483,0.602898666,0.610723743
PRE_1,RFD,56322,20650,83996,2569,ภาคเหนือ,แพร่,1,แพร่-1,122115,0.67053193,0.687843426
PRE_2,RFD,48503,20800,76674,2569,ภาคเหนือ,แพร่,2,แพร่-2,116303,0.632587318,0.659260724
PRE_3,RFD,45230,18608,71748,2569,ภาคเหนือ,แพร่,3,แพร่-3,121732,0.630400847,0.589393093
NAN_1,RFD,59874,22513,91824,2569,ภาคเหนือ,น่าน,1,น่าน-1,139889,0.652051751,0.656406151
NAN_2,RFD,55343,21263,84752,2569,ภาคเหนือ,น่าน,2,น่าน-2,129646,0.652999339,0.653718588
NAN_3,RFD,49582,19547,77374,2569,ภาคเหนือ,น่าน,3,น่าน-3,119741,0.640809574,0.646178001
PYO_1,RFD,62010,23565,95157,2569,ภาคเหนือ,พะเยา,1,พะเยา-1,124910,0.651659888,0.761804499
PYO_2,RFD,56408,19180,83556,2569,ภาคเหนือ,พะเยา,2,พะเยา-2,127913,0.675092154,0.653225239
PYO_3,RFD,53460,21964,84990,2569,ภาคเหนือ,พะเยา,3,พะเยา-3,130330,0.629015178,0.652113865
CRI_1,RFD,65903,20328,95806,2569,ภาคเหนือ,เชียงราย,1,เชียงราย-1,141662,0.687879674,0.676299925
CRI_2,RFD,66194,18516,94496,2569,ภาคเหนือ,เชียงราย,2,เชียงราย-2,132701,0.700495259,0.712097121
CRI_3,RFD,61801,21018,94034,2569,ภาคเหนือ,เชียงราย,3,เชียงราย-3,139926,0.657219729,0.672026643
CRI_4,RFD,63450,20547,93803,2569,ภาคเหนือ,เชียงราย,4,เชียงราย-4,141667,0.676417599,0.662137266
CRI_5,RFD,59276,19721,87831,2569,ภาคเหนือ,เชียงราย,5,เชียงราย-5,132060,0.674886999,0.665084053
CRI_6,RFD,51560,14942,74965,2569,ภาคเหนือ,เชียงราย,6,เชียงราย-6,126632,0.687787634,0.591990966
CRI_7,RFD,58449,18383,87052,2569,ภาคเหนือ,เชียงราย,7,เชียงราย-7,134341,0.671426274,0.647992794
MSN_1,RFD,38851,15027,60433,2569,ภาคเหนือ,แม่ฮ่องสอน,1,แม่ฮ่องสอน-1,89158,0.642877236,0.677819153
MSN_2,RFD,41715,16983,65597,2569,ภาคเหนือ,แม่ฮ่องสอน,2,แม่ฮ่องสอน-2,96014,0.635928472,0.68320245
NSN_1,RFD,47908,29223,86872,2569,ภาคเหนือ,นครสวรรค์,1,นครสวรรค์-1,138721,0.551478037,0.626235393
NSN_2,RFD,50000,30646,93053,2569,ภาคเหนือ,นครสวรรค์,2,นครสวรรค์-2,137003,0.537328189,0.679204105
NSN_3,RFD,49731,28437,90188,2569,ภาคเหนือ,นครสวรรค์,3,นครสวรรค์-3,146633,0.551414822,0.615059366
NSN_4,RFD,45899,25188,81604,2569,ภาคเหนือ,นครสวรรค์,4,นครสวรรค์-4,139645,0.562460174,0.584367503
NSN_5,RFD,43996,28294,83844,2569,ภาคเหนือ,นครสวรรค์,5,นครสวรรค์-5,139426,0.524736415,0.601351254
NSN_6,RFD,43584,26205,79836,2569,ภาคเหนือ,นครสวรรค์,6,นครสวรรค์-6,136823,0.545919134,0.583498388
UTI_1,RFD,34620,27808,71733,2569,ภาคกลาง,อุทัยธานี,1,อุทัยธานี-1,127283,0.482623061,0.56357094
UTI_2,RFD,36538,29012,75508,2569,ภาคกลาง,อุทัยธานี,2,อุทัยธานี-2,134558,0.483895746,0.561155784
KPT_1,RFD,49548,30599,91430,2569,ภาคเหนือ,กำแพงเพชร,1,กำแพงเพชร-1,145121,0.541922782,0.630025978
KPT_2,RFD,50776,31869,95579,2569,ภาคเหนือ,กำแพงเพชร,2,กำแพงเพชร-2,147920,0.531246403,0.646153326
KPT_3,RFD,43901,25419,80485,2569,ภาคเหนือ,กำแพงเพชร,3,กำแพงเพชร-3,137789,0.545455675,0.584117745
KPT_4,RFD,44312,27931,82921,2569,ภาคเหนือ,กำแพงเพชร,4,กำแพงเพชร-4,138876,0.534388153,0.59708661
TAK_1,RFD,48837,32129,93154,2569,ภาคเหนือ,ตาก,1,ตาก-1,150617,0.524260901,0.618482641
TAK_2,RFD,46303,21765,80308,2569,ภาคเหนือ,ตาก,2,ตาก-2,129817,0.576567714,0.618624679
TAK_3,RFD,49625,26515,86779,2569,ภาคเหนือ,ตาก,3,ตาก-3,134880,0.571854942,0.6433793
STI_1,RFD,41043,24317,75476,2569,ภาคเหนือ,สุโขทัย,1,สุโขทัย-1,118292,0.543788754,0.63804822
STI_2,RFD,38170,22412,69923,2569,ภาคเหนือ,สุโขทัย,2,สุโขทัย-2,118323,0.545886189,0.590950196
STI_3,RFD,40263,23558,74238,2569,ภาคเหนือ,สุโขทัย,3,สุโขทัย-3,120591,0.542350279,0.615618081
STI_4,RFD,44423,23784,78016,2569,ภาคเหนือ,สุโขทัย,4,สุโขทัย-4,120291,0.569408839,0.648560574
PLK_1,RFD,57967,30294,97184,2569,ภาคเหนือ,พิษณุโลก,1,พิษณุโลก-1,139505,0.596466497,0.696634529
PLK_2,RFD,50955,27290,89930,2569,ภาคเหนือ,พิษณุโลก,2,พิษณุโลก-2,147454,0.566607361,0.609885117
PLK_3,RFD,45727,28279,85000,2569,ภาคเหนือ,พิษณุโลก,3,พิษณุโลก-3,142882,0.537964706,0.594896488
PLK_4,RFD,47762,25592,84678,2569,ภาคเหนือ,พิษณุโลก,4,พิษณุโลก-4,128190,0.564042608,0.660566347
PLK_5,RFD,43362,29872,84423,2569,ภาคเหนือ,พิษณุโลก,5,พิษณุโลก-5,132621,0.513627803,0.636573393
PCT_1,RFD,47161,31454,90139,2569,ภาคเหนือ,พิจิตร,1,พิจิตร-1,145533,0.523203053,0.619371551
PCT_2,RFD,44515,25344,80073,2569,ภาคเหนือ,พิจิตร,2,พิจิตร-2,140346,0.555930214,0.570539951
PCT_3,RFD,47668,30749,89840,2569,ภาคเหนือ,พิจิตร,3,พิจิตร-3,141664,0.530587711,0.634176643
PNB_1,RFD,42224,26245,78850,2569,ภาคเหนือ,เพชรบูรณ์,1,เพชรบูรณ์-1,131142,0.535497781,0.601256653
PNB_2,RFD,45339,32204,89266,2569,ภาคเหนือ,เพชรบูรณ์,2,เพชรบูรณ์-2,131081,0.507908946,0.680998772
PNB_3,RFD,42474,28347,82167,2569,ภาคเหนือ,เพชรบูรณ์,3,เพชรบูรณ์-3,126659,0.516922852,0.648726107
PNB_4,RFD,36933,21809,67970,2569,ภาคเหนือ,เพชรบูรณ์,4,เพชรบูรณ์-4,126127,0.543372076,0.538901266
PNB_5,RFD,39589,22423,71389,2569,ภาคเหนือ,เพชรบูรณ์,5,เพชรบูรณ์-5,133038,0.554553222,0.536606082
PNB_6,RFD,46505,24265,82016,2569,ภาคเหนือ,เพชรบูรณ์,6,เพชรบูรณ์-6,135294,0.567023508,0.606205745
RBR_1,RFD,55556,32742,101237,2569,ภาคกลาง,ราชบุรี,1,ราชบุรี-1,140137,0.548771694,0.722414494
RBR_2,RFD,49863,29350,94071,2569,ภาคกลาง,ราชบุรี,2,ราชบุรี-2,136101,0.530057085,0.691185223
RBR_3,RFD,54523,32359,102625,2569,ภาคกลาง,ราชบุรี,3,ราชบุรี-3,141093,0.5312838,0.727357133
RBR_4,RFD,58642,32667,104688,2569,ภาคกลาง,ราชบุรี,4,ราชบุรี-4,140248,0.560159713,0.746449147
RBR_5,RFD,57584,34301,106569,2569,ภาคกลาง,ราชบุรี,5,ราชบุรี-5,133947,0.540344753,0.795605725
KRI_1,RFD,48358,27962,87992,2569,ภาคกลาง,กาญจนบุรี,1,กาญจนบุรี-1,133196,0.549572688,0.660620439
KRI_2,RFD,52267,29318,94889,2569,ภาคกลาง,กาญจนบุรี,2,กาญจนบุรี-2,131663,0.55082254,0.720696019
KRI_3,RFD,60584,29889,104376,2569,ภาคกลาง,กาญจนบุรี,3,กาญจนบุรี-3,136011,0.580439948,0.767408518
KRI_4,RFD,48044,23511,85526,2569,ภาคกลาง,กาญจนบุรี,4,กาญจนบุรี-4,133796,0.561747305,0.639226883
KRI_5,RFD,46189,23063,80293,2569,ภาคกลาง,กาญจนบุรี,5,กาญจนบุรี-5,122620,0.575255626,0.654811613
SPB_1,RFD,52995,26227,91799,2569,ภาคกลาง,สุพรรณบุรี,1,สุพรรณบุรี-1,135381,0.57729387,0.678078903
SPB_2,RFD,46219,23304,80346,2569,ภาคกลาง,สุพรรณบุรี,2,สุพรรณบุรี-2,129576,0.575249546,0.620068531
SPB_3,RFD,56537,28243,98203,2569,ภาคกลาง,สุพรรณบุรี,3,สุพรรณบุรี-3,130523,0.57571561,0.752380806
SPB_4,RFD,50575,23917,87054,2569,ภาคกลาง,สุพรรณบุรี,4,สุพรรณบุรี-4,137456,0.580961242,0.633322663
SPB_5,RFD,57976,27416,100173,2569,ภาคกลาง,สุพรรณบุรี,5,สุพรรณบุรี-5,144799,0.578758747,0.691807264
NPT_1,RFD,56297,27049,95193,2569,ภาคกลาง,นครปฐม,1,นครปฐม-1,129731,0.591398527,0.73377219
NPT_2,RFD,58209,26634,95166,2569,ภาคกลาง,นครปฐม,2,นครปฐม-2,120935,0.611657525,0.786918593
NPT_3,RFD,54077,23500,89607,2569,ภาคกลาง,นครปฐม,3,นครปฐม-3,119352,0.603490799,0.750779208
NPT_4,RFD,58665,25143,96757,2569,ภาคกลาง,นครปฐม,4,นครปฐม-4,128771,0.606312722,0.751388123
NPT_5,RFD,60362,28657,100574,2569,ภาคกลาง,นครปฐม,5,นครปฐม-5,131195,0.600174996,0.766599337
NPT_6,RFD,61167,23793,93698,2569,ภาคกลาง,นครปฐม,6,นครปฐม-6,126887,0.652810092,0.738436562
SKN_1,RFD,55242,21861,85391,2569,ปริมณฑล,สมุทรสาคร,1,สมุทรสาคร-1,119393,0.646930004,0.715209434
SKN_2,RFD,47428,20724,77112,2569,ปริมณฑล,สมุทรสาคร,2,สมุทรสาคร-2,119061,0.615053429,0.647668002
SKN_3,RFD,49306,18708,75253,2569,ปริมณฑล,สมุทรสาคร,3,สมุทรสาคร-3,111965,0.655203115,0.672111821
SKN_4,RFD,45260,22157,78282,2569,ปริมณฑล,สมุทรสาคร,4,สมุทรสาคร-4,112305,0.578166117,0.697048217
SKM_1,RFD,55977,35068,105785,2569,ภาคกลาง,สมุทรสงคราม,1,สมุทรสงคราม-1,156265,0.529158198,0.676959012
PBI_1,RFD,44036,35296,91841,2569,ภาคกลาง,เพชรบุรี,1,เพชรบุรี-1,125505,0.479480842,0.731771643
PBI_2,RFD,47972,34351,97010,2569,ภาคกลาง,เพชรบุรี,2,เพชรบุรี-2,139326,0.494505721,0.696280665
PBI_3,RFD,46000,35700,95958,2569,ภาคกลาง,เพชรบุรี,3,เพชรบุรี-3,131557,0.479376394,0.729402464
PKN_1,RFD,53012,40173,108207,2569,ภาคกลาง,ประจวบคีรีขันธ์,1,ประจวบคีรีขันธ์-1,152840,0.489912852,0.707975661
PKN_2,RFD,52645,31413,95944,2569,ภาคกลาง,ประจวบคีรีขันธ์,2,ประจวบคีรีขันธ์-2,146369,0.548705495,0.655493991
PKN_3,RFD,40466,41384,93632,2569,ภาคกลาง,ประจวบคีรีขันธ์,3,ประจวบคีรีขันธ์-3,138975,0.432181306,0.673732686
NST_1,RFD,35343,44076,88477,2569,ภาคใต้,นครศรีธรรมราช,1,นครศรีธรรมราช-1,132977,0.399459747,0.665355663
NST_2,RFD,30784,47702,89103,2569,ภาคใต้,นครศรีธรรมราช,2,นครศรีธรรมราช-2,141830,0.345487806,0.628238031
NST_3,RFD,27829,49911,86832,2569,ภาคใต้,นครศรีธรรมราช,3,นครศรีธรรมราช-3,133623,0.320492445,0.649828248
NST_4,RFD,34042,48322,92213,2569,ภาคใต้,นครศรีธรรมราช,4,นครศรีธรรมราช-4,135857,0.369167037,0.678750451
NST_5,RFD,36909,49325,96365,2569,ภาคใต้,นครศรีธรรมราช,5,นครศรีธรรมราช-5,140284,0.383012505,0.686927946
NST_6,RFD,34924,50233,95552,2569,ภาคใต้,นครศรีธรรมราช,6,นครศรีธรรมราช-6,134534,0.365497321,0.710244251
NST_7,RFD,30418,48265,90028,2569,ภาคใต้,นครศรีธรรมราช,7,นครศรีธรรมราช-7,136717,0.337872662,0.658498943
NST_8,RFD,39011,43048,92828,2569,ภาคใต้,นครศรีธรรมราช,8,นครศรีธรรมราช-8,136225,0.420250355,0.681431455
NST_9,RFD,33320,45191,87705,2569,ภาคใต้,นครศรีธรรมราช,9,นครศรีธรรมราช-9,139759,0.379909925,0.627544559
KBI_1,RFD,39961,37042,88218,2569,ภาคใต้,กระบี่,1,กระบี่-1,128642,0.452980117,0.685763592
KBI_2,RFD,28601,40163,78092,2569,ภาคใต้,กระบี่,2,กระบี่-2,117651,0.366247503,0.663759764
KBI_3,RFD,33873,40785,85425,2569,ภาคใต้,กระบี่,3,กระบี่-3,124285,0.396523266,0.687331536
PNA_1,RFD,25676,33564,67952,2569,ภาคใต้,พังงา,1,พังงา-1,100343,0.377854956,0.677197214
PNA_2,RFD,30699,36079,76850,2569,ภาคใต้,พังงา,2,พังงา-2,110773,0.399466493,0.693761115
PKT_1,RFD,37882,27758,72130,2569,ภาคใต้,ภูเก็ต,1,ภูเก็ต-1,103980,0.525190628,0.693691094
PKT_2,RFD,31814,25737,64207,2569,ภาคใต้,ภูเก็ต,2,ภูเก็ต-2,108376,0.495491146,0.592446667
PKT_3,RFD,36129,29369,73733,2569,ภาคใต้,ภูเก็ต,3,ภูเก็ต-3,117792,0.489997694,0.625959318
SNI_1,RFD,31635,33263,71700,2569,ภาคใต้,สุราษฎร์ธานี,1,สุราษฎร์ธานี-1,117090,0.441213389,0.612349475
SNI_2,RFD,33439,38737,81405,2569,ภาคใต้,สุราษฎร์ธานี,2,สุราษฎร์ธานี-2,119683,0.410773294,0.680171787
SNI_3,RFD,31721,44180,85449,2569,ภาคใต้,สุราษฎร์ธานี,3,สุราษฎร์ธานี-3,120055,0.371227282,0.711748782
SNI_4,RFD,35237,45386,90594,2569,ภาคใต้,สุราษฎร์ธานี,4,สุราษฎร์ธานี-4,123380,0.388955118,0.734268115
SNI_5,RFD,31262,44880,85485,2569,ภาคใต้,สุราษฎร์ธานี,5,สุราษฎร์ธานี-5,121866,0.365701585,0.701467185
SNI_6,RFD,31495,50678,92000,2569,ภาคใต้,สุราษฎร์ธานี,6,สุราษฎร์ธานี-6,125055,0.342336957,0.735676302
SNI_7,RFD,35224,44022,88810,2569,ภาคใต้,สุราษฎร์ธานี,7,สุราษฎร์ธานี-7,120277,0.396622002,0.738378909
RNG_1,RFD,32196,43742,86935,2569,ภาคใต้,ระนอง,1,ระนอง-1,143314,0.370345661,0.606605077
CPN_1,RFD,32496,51690,94124,2569,ภาคใต้,ชุมพร,1,ชุมพร-1,137056,0.345246696,0.686755779
CPN_2,RFD,32997,53128,97154,2569,ภาคใต้,ชุมพร,2,ชุมพร-2,136820,0.339636042,0.710086245
CPN_3,RFD,31012,51378,92403,2569,ภาคใต้,ชุมพร,3,ชุมพร-3,135755,0.335616809,0.680660013
SKA_1,RFD,37202,41300,88000,2569,ภาคใต้,สงขลา,1,สงขลา-1,128331,0.42275,0.685726753
SKA_2,RFD,35945,32107,74527,2569,ภาคใต้,สงขลา,2,สงขลา-2,108657,0.482308425,0.685892303
SKA_3,RFD,45187,45146,100535,2569,ภาคใต้,สงขลา,3,สงขลา-3,133721,0.44946536,0.751826564
SKA_4,RFD,33857,47075,91798,2569,ภาคใต้,สงขลา,4,สงขลา-4,126692,0.368820671,0.724576137
SKA_5,RFD,37840,45742,95977,2569,ภาคใต้,สงขลา,5,สงขลา-5,129751,0.394261125,0.739701428
SKA_6,RFD,36534,38470,85024,2569,ภาคใต้,สงขลา,6,สงขลา-6,116166,0.42969044,0.731918117
SKA_7,RFD,41944,38041,89784,2569,ภาคใต้,สงขลา,7,สงขลา-7,123182,0.467165642,0.728872725
SKA_8,RFD,41746,39326,91374,2569,ภาคใต้,สงขลา,8,สงขลา-8,120448,0.456869569,0.758617827
SKA_9,RFD,45089,42869,98992,2569,ภาคใต้,สงขลา,9,สงขลา-9,135999,0.455481251,0.727887705
STN_1,RFD,37560,31278,79537,2569,ภาคใต้,สตูล,1,สตูล-1,116873,0.472233049,0.680542127
STN_2,RFD,42041,35079,89328,2569,ภาคใต้,สตูล,2,สตูล-2,129553,0.470636307,0.689509313
TRG_1,RFD,33674,43163,87723,2569,ภาคใต้,ตรัง,1,ตรัง-1,124216,0.383867401,0.70621337
TRG_2,RFD,33932,44931,90121,2569,ภาคใต้,ตรัง,2,ตรัง-2,132487,0.376516017,0.68022523
TRG_3,RFD,30943,41048,83952,2569,ภาคใต้,ตรัง,3,ตรัง-3,125342,0.368579665,0.669783472
TRG_4,RFD,35144,42511,89501,2569,ภาคใต้,ตรัง,4,ตรัง-4,128358,0.392666004,0.697276368
PLG_1,RFD,39107,50818,100853,2569,ภาคใต้,พัทลุง,1,พัทลุง-1,134471,0.387762387,0.749998141
PLG_2,RFD,44026,53569,109572,2569,ภาคใต้,พัทลุง,2,พัทลุง-2,144593,0.40179973,0.757796021
PLG_3,RFD,39235,52991,104339,2569,ภาคใต้,พัทลุง,3,พัทลุง-3,143629,0.37603389,0.726448001
PTN_2,RFD,44444,21897,74437,2569,ภาคใต้,ปัตตานี,2,ปัตตานี-2,110681,0.597068662,0.672536388
PTN_1,RFD,43789,16104,66602,2569,ภาคใต้,ปัตตานี,1,ปัตตานี-1,95605,0.657472749,0.696637205
PTN_3,RFD,46844,11430,64325,2569,ภาคใต้,ปัตตานี,3,ปัตตานี-3,99188,0.728239409,0.64851595
PTN_4,RFD,52642,16060,75543,2569,ภาคใต้,ปัตตานี,4,ปัตตานี-4,110256,0.696848153,0.685159991
PTN_5,RFD,50454,12387,69853,2569,ภาคใต้,ปัตตานี,5,ปัตตานี-5,109944,0.722288234,0.635350724
YLA_1,RFD,53074,26733,89702,2569,ภาคใต้,ยะลา,1,ยะลา-1,130145,0.591670197,0.68924661
YLA_2,RFD,63032,15902,88827,2569,ภาคใต้,ยะลา,2,ยะลา-2,134276,0.709604062,0.661525515
YLA_3,RFD,56778,20408,86678,2569,ภาคใต้,ยะลา,3,ยะลา-3,131444,0.655045109,0.65942911
NWT_1,RFD,56529,24015,91028,2569,ภาคใต้,นราธิวาส,1,นราธิวาส-1,129176,0.621006723,0.704681984
NWT_2,RFD,40902,20920,70705,2569,ภาคใต้,นราธิวาส,2,นราธิวาส-2,113221,0.578488084,0.624486624
NWT_3,RFD,50060,16804,74709,2569,ภาคใต้,นราธิวาส,3,นราธิวาส-3,112323,0.670066525,0.665126466
NWT_4,RFD,54363,17082,78305,2569,ภาคใต้,นราธิวาส,4,นราธิวาส-4,116961,0.694246855,0.66949667
NWT_5,RFD,61689,15232,84450,2569,ภาคใต้,นราธิวาส,5,นราธิวาส-5,125363,0.730479574,0.673643739
