district_id,year,ballot_code,region,province,district_number,district_label,eligible_voters,voters_used,valid_votes,invalid_votes,no_vote,turnout_rate
BKK_0,2569,CONS,กรุงเทพ,กรุงเทพมหานคร,0,กรุงเทพมหานคร-0,,0,0,0,0,
BKK_0,2569,PARTY,กรุงเทพ,กรุงเทพมหานคร,0,กรุงเทพมหานคร-0,,0,0,0,0,
BKK_1,2569,CONS,กรุงเทพ,กรุงเทพมหานคร,1,กรุงเทพมหานคร-1,130423,78449,73354,1083,4012,0.601496669
BKK_1,2569,PARTY,กรุงเทพ,กรุงเทพมหานคร,1,กรุงเทพมหานคร-1,130423,78155,74515,1590,2050,0.599242465
BKK_2,2569,CONS,กรุงเทพ,กรุงเทพมหานคร,2,กรุงเทพมหานคร-2,136481,84672,78713,1319,4640,0.620394048
BKK_2,2569,PARTY,กรุงเทพ,กรุงเทพมหานคร,2,กรุงเทพมหานคร-2,136481,84550,80804,1432,2314,0.61950015
BKK_3,2569,CONS,กรุงเทพ,กรุงเทพมหานคร,3,กรุงเทพมหานคร-3,122578,77999,72671,1353,3975,0.636321363
BKK_3,2569,PARTY,กรุงเทพ,กรุงเทพมหานคร,3,กรุงเทพมหานคร-3,122578,78327,75007,1381,1939,0.63899721
BKK_4,2569,CONS,กรุงเทพ,กรุงเทพมหานคร,4,กรุงเทพมหานคร-4,129453,74760,70338,1370,3052,0.577506894
BKK_4,2569,PARTY,กรุงเทพ,กรุงเทพมหานคร,4,กรุงเทพมหานคร-4,129453,74571,71263,1586,1722,0.576046905
BKK_5,2569,CONS,กรุงเทพ,กรุงเทพมหานคร,5,กรุงเทพมหานคร-5,134016,92193,86672,1223,4298,0.687925322
BKK_5,2569,PARTY,กรุงเทพ,กรุงเทพมหานคร,5,กรุงเทพมหานคร-5,134016,91822,88341,1372,2109,0.685156996
BKK_6,2569,CONS,กรุงเทพ,กรุงเทพมหานคร,6,กรุงเทพมหานคร-6,143144,96139,89947,1327,4865,0.671624378
BKK_6,2569,PARTY,กรุงเทพ,กรุงเทพมหานคร,6,กรุงเทพมหานคร-6,143144,95985,91803,1732,2450,0.670548539
BKK_7,2569,CONS,กรุงเทพ,กรุงเทพมหานคร,7,กรุงเทพมหานคร-7,138276,87360,80487,1556,5317,0.631779918
BKK_7,2569,PARTY,กรุงเทพ,กรุงเทพมหานคร,7,กรุงเทพมหานคร-7,138276,87437,83240,1600,2597,0.632336776
BKK_8,2569,CONS,กรุงเทพ,กรุงเทพมหานคร,8,กรุงเทพมหานคร-8,144067,93179,86197,1530,5452,0.646775459
BKK_8,2569,PARTY,กรุงเทพ,กรุงเทพมหานคร,8,กรุงเทพมหานคร-8,144067,92607,88593,1576,2438,0.642805084
BKK_9,2569,CONS,กรุงเทพ,กรุงเทพมหานคร,9,กรุงเทพมหานคร-9,144296,97958,90662,1523,5773,0.678868437
BKK_9,2569,PARTY,กรุงเทพ,กรุงเทพมหานคร,9,กรุงเทพมหานคร-9,144296,97497,93330,1493,2674,0.675673615
BKK_10,2569,CONS,กรุงเทพ,กรุงเทพมหานคร,10,กรุงเทพมหานคร-10,138687,90627,83784,1415,5428,0.653464276
BKK_10,2569,PARTY,กรุงเทพ,กรุงเทพมหานคร,10,กรุงเทพมหานคร-10,138687,90689,86401,1676,2612,0.653911326
BKK_11,2569,CONS,กรุงเทพ,กรุงเทพมหานคร,11,กรุงเทพมหานคร-11,137319,95230,90059,1171,4000,0.693494709
BKK_11,2569,PARTY,กรุงเทพ,กรุงเทพมหานคร,11,กรุงเทพมหานคร-11,137319,95046,90987,1664,2395,0.692154764
BKK_12,2569,CONS,กรุงเทพ,กรุงเทพมหานคร,12,กรุงเทพมหานคร-12,143148,100659,93925,1483,5251,0.703181323
BKK_12,2569,PARTY,กรุงเทพ,กรุงเทพมหานคร,12,กรุงเทพมหานคร-12,143148,100578,96726,1412,2440,0.702615475
BKK_13,2569,CONS,กรุงเทพ,กรุงเทพมหานคร,13,กรุงเทพมหานคร-13,131707,85806,79890,1185,4731,0.651491568
BKK_13,2569,PARTY,กรุงเทพ,กรุงเทพมหานคร,13,กรุงเทพมหานคร-13,131707,86328,83019,1260,2049,0.655454911
BKK_14,2569,CONS,กรุงเทพ,กรุงเทพมหานคร,14,กรุงเทพมหานคร-14,140341,89044,83986,1306,3752,0.634483152
BKK_14,2569,PARTY,กรุงเทพ,กรุงเทพมหานคร,14,กรุงเทพมหานคร-14,140341,89210,85722,1436,2052,0.635665985
BKK_15,2569,CONS,กรุงเทพ,กรุงเทพมหานคร,15,กรุงเทพมหานคร-15,127758,87827,81890,1269,4668,0.687448144
BKK_15,2569,PARTY,กรุงเทพ,กรุงเทพมหานคร,15,กรุงเทพมหานคร-15,127758,88267,84493,1533,2241,0.690892155
BKK_16,2569,CONS,กรุงเทพ,กรุงเทพมหานคร,16,กรุงเทพมหานคร-16,138261,91334,85747,1310,4277,0.660591201
BKK_16,2569,PARTY,กรุงเทพ,กรุงเทพมหานคร,16,กรุงเทพมหานคร-16,138261,91349,87701,1342,2306,0.660699691
BKK_17,2569,CONS,กรุงเทพ,กรุงเทพมหานคร,17,กรุงเทพมหานคร-17,120704,75113,68125,1844,5144,0.622290893
BKK_17,2569,PARTY,กรุงเทพ,กรุงเทพมหานคร,17,กรุงเทพมหานคร-17,120704,75330,70229,2098,3003,0.62408868
BKK_18,2569,CONS,กรุงเทพ,กรุงเทพมหานคร,18,กรุงเทพมหานคร-18,122857,79260,73057,1334,4869,0.645140285
BKK_18,2569,PARTY,กรุงเทพ,กรุงเทพมหานคร,18,กรุงเทพมหานคร-18,122857,79194,74583,2113,2498,0.644603075
BKK_19,2569,CONS,กรุงเทพ,กรุงเทพมหานคร,19,กรุงเทพมหานคร-19,135594,89867,83857,1517,4493,0.662765314
BKK_19,2569,PARTY,กรุงเทพ,กรุงเทพมหานคร,19,กรุงเทพมหานคร-19,135594,89867,86264,1496,2107,0.662765314
BKK_20,2569,CONS,กรุงเทพ,กรุงเทพมหานคร,20,กรุงเทพมหานคร-20,126504,78913,74013,1611,3289,0.623798457
BKK_20,2569,PARTY,กรุงเทพ,กรุงเทพมหานคร,20,กรุงเทพมหานคร-20,126504,78727,74772,1764,2191,0.622328148
BKK_21,2569,CONS,กรุงเทพ,กรุงเทพมหานคร,21,กรุงเทพมหานคร-21,136677,87981,83023,1387,3571,0.643714744
BKK_21,2569,PARTY,กรุงเทพ,กรุงเทพมหานคร,21,กรุงเทพมหานคร-21,136677,88211,84537,1407,2267,0.645397543
BKK_22,2569,CONS,กรุงเทพ,กรุงเทพมหานคร,22,กรุงเทพมหานคร-22,133669,87232,80888,1419,4925,0.652597087
BKK_22,2569,PARTY,กรุงเทพ,กรุงเทพมหานคร,22,กรุงเทพมหานคร-22,133669,87319,83561,1401,2357,0.653247948
BKK_23,2569,CONS,กรุงเทพ,กรุงเทพมหานคร,23,กรุงเทพมหานคร-23,144136,95094,89186,1016,4892,0.659751901
BKK_23,2569,PARTY,กรุงเทพ,กรุงเทพมหานคร,23,กรุงเทพมหานคร-23,144136,90844,87246,1242,2356,0.63026586
BKK_24,2569,CONS,กรุงเทพ,กรุงเทพมหานคร,24,กรุงเทพมหานคร-24,142161,91552,84371,1800,5381,0.644002223
BKK_24,2569,PARTY,กรุงเทพ,กรุงเทพมหานคร,24,กรุงเทพมหานคร-24,142161,91523,87082,1702,2739,0.643798229
BKK_25,2569,CONS,กรุงเทพ,กรุงเทพมหานคร,25,กรุงเทพมหานคร-25,126847,82288,77290,1348,3650,0.648718535
BKK_25,2569,PARTY,กรุงเทพ,กรุงเทพมหานคร,25,กรุงเทพมหานคร-25,126847,82302,78280,1811,2211,0.648828904
BKK_26,2569,CONS,กรุงเทพ,กรุงเทพมหานคร,26,กรุงเทพมหานคร-26,139473,89312,82875,1707,4730,0.64035333
BKK_26,2569,PARTY,กรุงเทพ,กรุงเทพมหานคร,26,กรุงเทพมหานคร-26,139473,89327,84984,1947,2396,0.640460878
BKK_27,2569,CONS,กรุงเทพ,กรุงเทพมหานคร,27,กรุงเทพมหานคร-27,134519,91070,85471,1503,4096,0.677004735
BKK_27,2569,PARTY,กรุงเทพ,กรุงเทพมหานคร,27,กรุงเทพมหานคร-27,134519,91070,86860,1721,2489,0.677004735
BKK_28,2569,CONS,กรุงเทพ,กรุงเทพมหานคร,28,กรุงเทพมหานคร-28,139847,77195,71197,1534,4464,0.55199611
BKK_28,2569,PARTY,กรุงเทพ,กรุงเทพมหานคร,28,กรุงเทพมหานคร-28,139847,76799,73131,1463,2205,0.549164444
BKK_29,2569,CONS,กรุงเทพ,กรุงเทพมหานคร,29,กรุงเทพมหานคร-29,144498,95801,88794,1762,5245,0.662991875
BKK_29,2569,PARTY,กรุงเทพ,กรุงเทพมหานคร,29,กรุงเทพมหานคร-29,144498,95693,90731,2254,2708,0.66224446
BKK_30,2569,CONS,กรุงเทพ,กรุงเทพมหานคร,30,กรุงเทพมหานคร-30,143904,96587,89793,1438,5356,0.671190516
BKK_30,2569,PARTY,กรุงเทพ,กรุงเทพมหานคร,30,กรุงเทพมหานคร-30,143904,98344,93806,1828,2710,0.683400044
BKK_31,2569,CONS,กรุงเทพ,กรุงเทพมหานคร,31,กรุงเทพมหานคร-31,143811,102192,93621,1887,6684,0.710599328
BKK_31,2569,PARTY,กรุงเทพ,กรุงเทพมหานคร,31,กรุงเทพมหานคร-31,143811,102329,96994,1977,3358,0.711551968
BKK_32,2569,CONS,กรุงเทพ,กรุงเทพมหานคร,32,กรุงเทพมหานคร-32,139079,87928,80054,2145,5729,0.632216222
BKK_32,2569,PARTY,กรุงเทพ,กรุงเทพมหานคร,32,กรุงเทพมหานคร-32,139079,88018,83294,1992,2732,0.632863337
BKK_33,2569,CONS,กรุงเทพ,กรุงเทพมหานคร,33,กรุงเทพมหานคร-33,148223,90725,83494,1884,5347,0.612084494
BKK_33,2569,PARTY,กรุงเทพ,กรุงเทพมหานคร,33,กรุงเทพมหานคร-33,148223,90680,86400,1664,2616,0.611780898
SPK_1,2569,CONS,ปริมณฑล,สมุทรปราการ,1,สมุทรปราการ-1,130808,91637,82985,3986,4666,0.700545838
SPK_1,2569,PARTY,ปริมณฑล,สมุทรปราการ,1,สมุทรปราการ-1,130808,91610,85893,2840,2877,0.700339429
SPK_2,2569,CONS,ปริมณฑล,สมุทรปราการ,2,สมุทรปราการ-2,129020,89085,82529,2357,4199,0.690474345
SPK_2,2569,PARTY,ปริมณฑล,สมุทรปราการ,2,สมุทรปราการ-2,129020,89327,83407,2883,3037,0.692350023
SPK_3,2569,CONS,ปริมณฑล,สมุทรปราการ,3,สมุทรปราการ-3,141171,88659,81428,2232,4999,0.628025586
SPK_3,2569,PARTY,ปริมณฑล,สมุทรปราการ,3,สมุทรปราการ-3,141171,91858,86591,2110,3157,0.650686047
SPK_4,2569,CONS,ปริมณฑล,สมุทรปราการ,4,สมุทรปราการ-4,136475,90493,83459,1513,5521,0.663073823
SPK_4,2569,PARTY,ปริมณฑล,สมุทรปราการ,4,สมุทรปราการ-4,136475,88654,84354,1482,2818,0.649598828
SPK_5,2569,CONS,ปริมณฑล,สมุทรปราการ,5,สมุทรปราการ-5,158700,98647,88948,2530,7169,0.621594203
SPK_5,2569,PARTY,ปริมณฑล,สมุทรปราการ,5,สมุทรปราการ-5,158700,98261,92666,1967,3628,0.619161941
SPK_6,2569,CONS,ปริมณฑล,สมุทรปราการ,6,สมุทรปราการ-6,129989,86953,80192,2553,4208,0.668925832
SPK_6,2569,PARTY,ปริมณฑล,สมุทรปราการ,6,สมุทรปราการ-6,129989,86781,80595,3198,2988,0.667602643
SPK_7,2569,CONS,ปริมณฑล,สมุทรปราการ,7,สมุทรปราการ-7,149428,99665,92193,2612,4860,0.666976738
SPK_7,2569,PARTY,ปริมณฑล,สมุทรปราการ,7,สมุทรปราการ-7,149428,99835,92883,3120,3832,0.66811441
SPK_8,2569,CONS,ปริมณฑล,สมุทรปราการ,8,สมุทรปราการ-8,150829,105164,96900,3255,5009,0.697239921
SPK_8,2569,PARTY,ปริมณฑล,สมุทรปราการ,8,สมุทรปราการ-8,150829,105857,98658,3831,3368,0.701834528
NBI_1,2569,CONS,ปริมณฑล,นนทบุรี,1,นนทบุรี-1,140032,92943,86108,1616,5219,0.663726862
NBI_1,2569,PARTY,ปริมณฑล,นนทบุรี,1,นนทบุรี-1,140032,92974,88453,1795,2726,0.66394824
NBI_2,2569,CONS,ปริมณฑล,นนทบุรี,2,นนทบุรี-2,124608,83203,76200,1692,5311,0.667717964
NBI_2,2569,PARTY,ปริมณฑล,นนทบุรี,2,นนทบุรี-2,124608,83341,78673,1706,2962,0.668825437
NBI_3,2569,CONS,ปริมณฑล,นนทบุรี,3,นนทบุรี-3,140981,80564,72712,1896,5956,0.571452891
NBI_3,2569,PARTY,ปริมณฑล,นนทบุรี,3,นนทบุรี-3,140981,80582,76001,1663,2918,0.571580568
NBI_4,2569,CONS,ปริมณฑล,นนทบุรี,4,นนทบุรี-4,127356,77244,71114,1765,4365,0.606520305
NBI_4,2569,PARTY,ปริมณฑล,นนทบุรี,4,นนทบุรี-4,127356,76645,72830,1383,2432,0.601816954
NBI_5,2569,CONS,ปริมณฑล,นนทบุรี,5,นนทบุรี-5,137859,98977,90970,2083,5924,0.717958204
NBI_5,2569,PARTY,ปริมณฑล,นนทบุรี,5,นนทบุรี-5,137859,99192,93698,2301,3193,0.719517768
NBI_6,2569,CONS,ปริมณฑล,นนทบุรี,6,นนทบุรี-6,144086,104901,94433,3445,7023,0.728044362
NBI_6,2569,PARTY,ปริมณฑล,นนทบุรี,6,นนทบุรี-6,144086,105037,98851,2426,3760,0.728988243
NBI_7,2569,CONS,ปริมณฑล,นนทบุรี,7,นนทบุรี-7,142478,94948,86506,2480,5962,0.666404638
NBI_7,2569,PARTY,ปริมณฑล,นนทบุรี,7,นนทบุรี-7,142478,94516,88525,2351,3640,0.663372591
NBI_8,2569,CONS,ปริมณฑล,นนทบุรี,8,นนทบุรี-8,136983,98052,90231,2125,5696,0.715796851
NBI_8,2569,PARTY,ปริมณฑล,นนทบุรี,8,นนทบุรี-8,136983,97806,91914,2622,3270,0.714001007
PTE_1,2569,CONS,ปริมณฑล,ปทุมธานี,1,ปทุมธานี-1,130700,96543,89538,2728,4277,0.738661056
PTE_1,2569,PARTY,ปริมณฑล,ปทุมธานี,1,ปทุมธานี-1,130700,96550,89994,3184,3372,0.738714614
PTE_2,2569,CONS,ปริมณฑล,ปทุมธานี,2,ปทุมธานี-2,128901,97616,92064,1936,3616,0.757294358
PTE_2,2569,PARTY,ปริมณฑล,ปทุมธานี,2,ปทุมธานี-2,128901,97498,91559,3080,2859,0.756378926
PTE_3,2569,CONS,ปริมณฑล,ปทุมธานี,3,ปทุมธานี-3,131743,88840,79693,2794,6353,0.674343229
PTE_3,2569,PARTY,ปริมณฑล,ปทุมธานี,3,ปทุมธานี-3,131743,88826,84046,1755,3025,0.674236961
PTE_4,2569,CONS,ปริมณฑล,ปทุมธานี,4,ปทุมธานี-4,132037,90732,83457,2367,4908,0.68717102
PTE_4,2569,PARTY,ปริมณฑล,ปทุมธานี,4,ปทุมธานี-4,132037,90682,85667,2348,2667,0.686792339
PTE_5,2569,CONS,ปริมณฑล,ปทุมธานี,5,ปทุมธานี-5,122740,80064,73781,1572,4711,0.652305687
PTE_5,2569,PARTY,ปริมณฑล,ปทุมธานี,5,ปทุมธานี-5,122740,80477,76234,1742,2501,0.655670523
PTE_6,2569,CONS,ปริมณฑล,ปทุมธานี,6,ปทุมธานี-6,122393,83592,77289,1644,4659,0.682980236
PTE_6,2569,PARTY,ปริมณฑล,ปทุมธานี,6,ปทุมธานี-6,122393,82927,79007,1415,2505,0.677546919
PTE_7,2569,CONS,ปริมณฑล,ปทุมธานี,7,ปทุมธานี-7,121843,87221,81575,2068,3578,0.715847443
PTE_7,2569,PARTY,ปริมณฑล,ปทุมธานี,7,ปทุมธานี-7,121843,87495,82177,2790,2528,0.718096239
PTE_8,2569,CONS,ปริมณฑล,ปทุมธานี,8,ปทุมธานี-8,122403,80495,73988,3095,3412,0.657622771
PTE_8,2569,PARTY,ปริมณฑล,ปทุมธานี,8,ปทุมธานี-8,122403,80956,75402,3088,2466,0.661389018
AYA_1,2569,CONS,ภาคกลาง,พระนครศรีอยุธยา,1,พระนครศรีอยุธยา-1,140188,99087,90908,3338,4841,0.706815134
AYA_1,2569,PARTY,ภาคกลาง,พระนครศรีอยุธยา,1,พระนครศรีอยุธยา-1,140188,98239,90094,4026,4119,0.700766114
AYA_2,2569,CONS,ภาคกลาง,พระนครศรีอยุธยา,2,พระนครศรีอยุธยา-2,128589,98074,90248,3371,4455,0.762693543
AYA_2,2569,PARTY,ภาคกลาง,พระนครศรีอยุธยา,2,พระนครศรีอยุธยา-2,128589,97628,88060,5460,4108,0.759225128
AYA_3,2569,CONS,ภาคกลาง,พระนครศรีอยุธยา,3,พระนครศรีอยุธยา-3,136493,100194,93292,3436,3466,0.734059622
AYA_3,2569,PARTY,ภาคกลาง,พระนครศรีอยุธยา,3,พระนครศรีอยุธยา-3,136493,99961,92085,4544,3332,0.732352575
AYA_4,2569,CONS,ภาคกลาง,พระนครศรีอยุธยา,4,พระนครศรีอยุธยา-4,139523,102574,96028,2797,3749,0.735176279
AYA_4,2569,PARTY,ภาคกลาง,พระนครศรีอยุธยา,4,พระนครศรีอยุธยา-4,139523,101712,94598,3972,3142,0.728998086
AYA_5,2569,CONS,ภาคกลาง,พระนครศรีอยุธยา,5,พระนครศรีอยุธยา-5,133055,98147,91327,4153,2667,0.737642328
AYA_5,2569,PARTY,ภาคกลาง,พระนครศรีอยุธยา,5,พระนครศรีอยุธยา-5,133055,98233,90047,5331,2855,0.738288678
ATG_1,2569,CONS,ภาคกลาง,อ่างทอง,1,อ่างทอง-1,111666,80520,75023,2578,2919,0.721078932
ATG_1,2569,PARTY,ภาคกลาง,อ่างทอง,1,อ่างทอง-1,111666,80689,73747,4107,2835,0.722592374
ATG_2,2569,CONS,ภาคกลาง,อ่างทอง,2,อ่างทอง-2,112423,81967,75719,3152,3096,0.72909458
ATG_2,2569,PARTY,ภาคกลาง,อ่างทอง,2,อ่างทอง-2,112423,79098,71535,5059,2504,0.703574891
LRI_1,2569,CONS,ภาคกลาง,ลพบุรี,1,ลพบุรี-1,151712,97232,88735,3424,5073,0.640898545
LRI_1,2569,PARTY,ภาคกลาง,ลพบุรี,1,ลพบุรี-1,151712,97104,86778,6081,4245,0.640054841
LRI_2,2569,CONS,ภาคกลาง,ลพบุรี,2,ลพบุรี-2,149672,110985,102847,3842,4296,0.74152146
LRI_2,2569,PARTY,ภาคกลาง,ลพบุรี,2,ลพบุรี-2,149672,110846,100668,6120,4058,0.740592763
LRI_3,2569,CONS,ภาคกลาง,ลพบุรี,3,ลพบุรี-3,145648,99817,93520,3661,2636,0.685330386
LRI_3,2569,PARTY,ภาคกลาง,ลพบุรี,3,ลพบุรี-3,145648,95328,86836,5958,2534,0.654509502
LRI_4,2569,CONS,ภาคกลาง,ลพบุรี,4,ลพบุรี-4,149394,109708,102196,4531,2981,0.734353455
LRI_4,2569,PARTY,ภาคกลาง,ลพบุรี,4,ลพบุรี-4,149394,110263,100130,6837,3296,0.738068463
SBR_1,2569,CONS,ภาคกลาง,สิงห์บุรี,1,สิงห์บุรี-1,167173,120463,108486,5170,6807,0.720588851
SBR_1,2569,PARTY,ภาคกลาง,สิงห์บุรี,1,สิงห์บุรี-1,167173,120546,108622,6676,5248,0.721085343
CNT_1,2569,CONS,ภาคกลาง,ชัยนาท,1,ชัยนาท-1,131155,85157,72785,5224,7148,0.649285197
CNT_1,2569,PARTY,ภาคกลาง,ชัยนาท,1,ชัยนาท-1,131155,85178,75681,5214,4283,0.649445313
CNT_2,2569,CONS,ภาคกลาง,ชัยนาท,2,ชัยนาท-2,130424,90466,80425,4664,5377,0.693630007
CNT_2,2569,PARTY,ภาคกลาง,ชัยนาท,2,ชัยนาท-2,130424,90276,79866,6749,3661,0.69217322
SRI_1,2569,CONS,ภาคกลาง,สระบุรี,1,สระบุรี-1,128124,91835,82105,3459,6271,0.71676657
SRI_1,2569,PARTY,ภาคกลาง,สระบุรี,1,สระบุรี-1,128124,91767,83461,4200,4106,0.716235834
SRI_2,2569,CONS,ภาคกลาง,สระบุรี,2,สระบุรี-2,136691,98281,90532,4256,3493,0.719001251
SRI_2,2569,PARTY,ภาคกลาง,สระบุรี,2,สระบุรี-2,136691,98696,89163,5896,3637,0.722037296
SRI_3,2569,CONS,ภาคกลาง,สระบุรี,3,สระบุรี-3,125851,65098,59919,2411,2768,0.517262477
SRI_3,2569,PARTY,ภาคกลาง,สระบุรี,3,สระบุรี-3,125851,66275,59824,3527,2924,0.526614806
SRI_4,2569,CONS,ภาคกลาง,สระบุรี,4,สระบุรี-4,128318,94975,85330,4089,5556,0.740153369
SRI_4,2569,PARTY,ภาคกลาง,สระบุรี,4,สระบุรี-4,128318,94839,84249,5589,5001,0.739093502
CBI_1,2569,CONS,ภาคตะวันออก,ชลบุรี,1,ชลบุรี-1,133544,98894,92439,2127,4328,0.740534955
CBI_1,2569,PARTY,ภาคตะวันออก,ชลบุรี,1,ชลบุรี-1,133544,98442,92687,2910,2845,0.737150303
CBI_2,2569,CONS,ภาคตะวันออก,ชลบุรี,2,ชลบุรี-2,113941,78872,73956,1776,3140,0.692217902
CBI_2,2569,PARTY,ภาคตะวันออก,ชลบุรี,2,ชลบุรี-2,113941,78872,74280,2150,2442,0.692217902
CBI_3,2569,CONS,ภาคตะวันออก,ชลบุรี,3,ชลบุรี-3,127184,92645,84876,3120,4649,0.728432822
CBI_3,2569,PARTY,ภาคตะวันออก,ชลบุรี,3,ชลบุรี-3,127184,92645,86453,3183,3009,0.728432822
CBI_4,2569,CONS,ภาคตะวันออก,ชลบุรี,4,ชลบุรี-4,120269,83770,76139,3736,3895,0.696521963
CBI_4,2569,PARTY,ภาคตะวันออก,ชลบุรี,4,ชลบุรี-4,120269,83726,76211,4745,2770,0.696156117
CBI_5,2569,CONS,ภาคตะวันออก,ชลบุรี,5,ชลบุรี-5,134984,97667,89663,3471,4533,0.723545013
CBI_5,2569,PARTY,ภาคตะวันออก,ชลบุรี,5,ชลบุรี-5,134984,94743,86568,4768,3407,0.701883186
CBI_6,2569,CONS,ภาคตะวันออก,ชลบุรี,6,ชลบุรี-6,138570,88248,81831,2068,4349,0.636847803
CBI_6,2569,PARTY,ภาคตะวันออก,ชลบุรี,6,ชลบุรี-6,138570,88747,83249,2867,2631,0.640448871
CBI_7,2569,CONS,ภาคตะวันออก,ชลบุรี,7,ชลบุรี-7,127875,84276,78561,1993,3722,0.659049853
CBI_7,2569,PARTY,ภาคตะวันออก,ชลบุรี,7,ชลบุรี-7,127875,84052,79513,2185,2354,0.657298143
CBI_8,2569,CONS,ภาคตะวันออก,ชลบุรี,8,ชลบุรี-8,140456,86649,79998,2844,3807,0.616912058
CBI_8,2569,PARTY,ภาคตะวันออก,ชลบุรี,8,ชลบุรี-8,140456,86455,80819,3093,2543,0.615530842
CBI_9,2569,CONS,ภาคตะวันออก,ชลบุรี,9,ชลบุรี-9,122755,62578,56469,2878,3231,0.509779642
CBI_9,2569,PARTY,ภาคตะวันออก,ชลบุรี,9,ชลบุรี-9,122755,62757,58973,1872,1912,0.511237831
CBI_10,2569,CONS,ภาคตะวันออก,ชลบุรี,10,ชลบุรี-10,134689,84108,77743,1900,4465,0.624460795
CBI_10,2569,PARTY,ภาคตะวันออก,ชลบุรี,10,ชลบุรี-10,134689,79374,72890,2585,3899,0.589313158
RYG_1,2569,CONS,ภาคตะวันออก,ระยอง,1,ระยอง-1,121744,85173,79332,2232,3609,0.699607373
RYG_1,2569,PARTY,ภาคตะวันออก,ระยอง,1,ระยอง-1,121744,85173,80393,2223,2557,0.699607373
RYG_2,2569,CONS,ภาคตะวันออก,ระยอง,2,ระยอง-2,116647,71887,63412,3408,5067,0.616278173
RYG_2,2569,PARTY,ภาคตะวันออก,ระยอง,2,ระยอง-2,116647,71913,67372,2053,2488,0.616501067
RYG_3,2569,CONS,ภาคตะวันออก,ระยอง,3,ระยอง-3,124374,80115,71812,3348,4955,0.644145883
RYG_3,2569,PARTY,ภาคตะวันออก,ระยอง,3,ระยอง-3,124374,80302,73011,3503,3788,0.645649412
RYG_4,2569,CONS,ภาคตะวันออก,ระยอง,4,ระยอง-4,129476,57717,53379,1994,2344,0.445773734
RYG_4,2569,PARTY,ภาคตะวันออก,ระยอง,4,ระยอง-4,129476,52640,48711,2206,1723,0.406561834
RYG_5,2569,CONS,ภาคตะวันออก,ระยอง,5,ระยอง-5,129567,85239,77376,3288,4575,0.657875848
RYG_5,2569,PARTY,ภาคตะวันออก,ระยอง,5,ระยอง-5,129567,85354,79657,2960,2737,0.65876342
CTI_1,2569,CONS,ภาคตะวันออก,จันทบุรี,1,จันทบุรี-1,148028,105152,95966,3058,6128,0.710352096
CTI_1,2569,PARTY,ภาคตะวันออก,จันทบุรี,1,จันทบุรี-1,148028,104944,95372,4217,5355,0.708946956
CTI_2,2569,CONS,ภาคตะวันออก,จันทบุรี,2,จันทบุรี-2,142477,94138,84142,4595,5401,0.660724187
CTI_2,2569,PARTY,ภาคตะวันออก,จันทบุรี,2,จันทบุรี-2,142477,94306,84082,5244,4980,0.661903325
CTI_3,2569,CONS,ภาคตะวันออก,จันทบุรี,3,จันทบุรี-3,142287,96465,87089,4032,5344,0.677960741
CTI_3,2569,PARTY,ภาคตะวันออก,จันทบุรี,3,จันทบุรี-3,142287,96465,86495,5477,4493,0.677960741
TRT_1,2569,CONS,ภาคตะวันออก,ตราด,1,ตราด-1,176920,112944,104438,4161,4345,0.638390233
TRT_1,2569,PARTY,ภาคตะวันออก,ตราด,1,ตราด-1,176920,113099,103587,5726,3786,0.639266335
CCO_1,2569,CONS,ภาคตะวันออก,ฉะเชิงเทรา,1,ฉะเชิงเทรา-1,146573,105262,91858,4789,8615,0.718154094
CCO_1,2569,PARTY,ภาคตะวันออก,ฉะเชิงเทรา,1,ฉะเชิงเทรา-1,146573,105523,96521,3886,5116,0.719934777
CCO_2,2569,CONS,ภาคตะวันออก,ฉะเชิงเทรา,2,ฉะเชิงเทรา-2,145059,114004,105669,4230,4105,0.785914697
CCO_2,2569,PARTY,ภาคตะวันออก,ฉะเชิงเทรา,2,ฉะเชิงเทรา-2,145059,113603,103370,6316,3917,0.783150304
CCO_3,2569,CONS,ภาคตะวันออก,ฉะเชิงเทรา,3,ฉะเชิงเทรา-3,148423,98419,88206,5117,5096,0.663098037
CCO_3,2569,PARTY,ภาคตะวันออก,ฉะเชิงเทรา,3,ฉะเชิงเทรา-3,148423,98025,88245,6452,3328,0.660443462
CCO_4,2569,CONS,ภาคตะวันออก,ฉะเชิงเทรา,4,ฉะเชิงเทรา-4,151927,117546,107721,4360,5465,0.773700527
CCO_4,2569,PARTY,ภาคตะวันออก,ฉะเชิงเทรา,4,ฉะเชิงเทรา-4,151927,117390,107026,6242,4122,0.772673718
PRI_1,2569,CONS,ภาคตะวันออก,ปราจีนบุรี,1,ปราจีนบุรี-1,132597,89864,78565,3509,7790,0.677722724
PRI_1,2569,PARTY,ภาคตะวันออก,ปราจีนบุรี,1,ปราจีนบุรี-1,132597,90264,80760,4390,5114,0.680739383
PRI_2,2569,CONS,ภาคตะวันออก,ปราจีนบุรี,2,ปราจีนบุรี-2,141803,101887,94564,3353,3970,0.718510892
PRI_2,2569,PARTY,ภาคตะวันออก,ปราจีนบุรี,2,ปราจีนบุรี-2,141803,101584,93228,4923,3433,0.716374125
PRI_3,2569,CONS,ภาคตะวันออก,ปราจีนบุรี,3,ปราจีนบุรี-3,129130,86149,77567,4326,4256,0.667149384
PRI_3,2569,PARTY,ภาคตะวันออก,ปราจีนบุรี,3,ปราจีนบุรี-3,129130,85888,77514,4879,3495,0.665128165
NYK_1,2569,CONS,ภาคตะวันออก,นครนายก,1,นครนายก-1,104054,73481,68423,2365,2693,0.706181406
NYK_1,2569,PARTY,ภาคตะวันออก,นครนายก,1,นครนายก-1,104054,74049,66970,4249,2830,0.71164011
NYK_2,2569,CONS,ภาคตะวันออก,นครนายก,2,นครนายก-2,108945,81538,75139,3041,3358,0.748432695
NYK_2,2569,PARTY,ภาคตะวันออก,นครนายก,2,นครนายก-2,108945,81538,73884,4718,2936,0.748432695
SKW_1,2569,CONS,ภาคตะวันออก,สระแก้ว,1,สระแก้ว-1,147502,93093,85502,3596,3995,0.631130425
SKW_1,2569,PARTY,ภาคตะวันออก,สระแก้ว,1,สระแก้ว-1,147502,93286,84541,5716,3029,0.632438882
SKW_2,2569,CONS,ภาคตะวันออก,สระแก้ว,2,สระแก้ว-2,145146,87143,80109,3520,3514,0.600381685
SKW_2,2569,PARTY,ภาคตะวันออก,สระแก้ว,2,สระแก้ว-2,145146,87242,79815,4621,2806,0.601063756
SKW_3,2569,CONS,ภาคตะวันออก,สระแก้ว,3,สระแก้ว-3,151047,95577,87118,4905,3554,0.632763312
SKW_3,2569,PARTY,ภาคตะวันออก,สระแก้ว,3,สระแก้ว-3,151047,95161,86214,5825,3122,0.630009202
NMA_1,2569,CONS,ภาคอีสาน,นครราชสีมา,1,นครราชสีมา-1,128667,85005,76007,2167,6831,0.66065891
NMA_1,2569,PARTY,ภาคอีสาน,นครราชสีมา,1,นครราชสีมา-1,128667,85116,78573,2491,4052,0.661521602
NMA_2,2569,CONS,ภาคอีสาน,นครราชสีมา,2,นครราชสีมา-2,141222,95437,87403,2931,5103,0.67579414
NMA_2,2569,PARTY,ภาคอีสาน,นครราชสีมา,2,นครราชสีมา-2,141222,95490,87184,3960,4346,0.676169435
NMA_3,2569,CONS,ภาคอีสาน,นครราชสีมา,3,นครราชสีมา-3,136549,97321,87895,3425,6001,0.712718511
NMA_3,2569,PARTY,ภาคอีสาน,นครราชสีมา,3,นครราชสีมา-3,136549,97316,88973,4107,4236,0.712681894
NMA_4,2569,CONS,ภาคอีสาน,นครราชสีมา,4,นครราชสีมา-4,131758,79563,71266,3412,4885,0.603857071
NMA_4,2569,PARTY,ภาคอีสาน,นครราชสีมา,4,นครราชสีมา-4,131758,77757,70454,3883,3420,0.590150124
NMA_5,2569,CONS,ภาคอีสาน,นครราชสีมา,5,นครราชสีมา-5,133508,91146,83962,3689,3495,0.682700662
NMA_5,2569,PARTY,ภาคอีสาน,นครราชสีมา,5,นครราชสีมา-5,133508,91275,82455,5626,3194,0.683666896
NMA_6,2569,CONS,ภาคอีสาน,นครราชสีมา,6,นครราชสีมา-6,133507,81885,78091,2021,1773,0.613338626
NMA_6,2569,PARTY,ภาคอีสาน,นครราชสีมา,6,นครราชสีมา-6,133507,81345,75175,4584,1586,0.609293895
NMA_7,2569,CONS,ภาคอีสาน,นครราชสีมา,7,นครราชสีมา-7,131810,72610,68289,2474,1847,0.550868675
NMA_7,2569,PARTY,ภาคอีสาน,นครราชสีมา,7,นครราชสีมา-7,131810,72506,66629,4207,1670,0.55007966
NMA_8,2569,CONS,ภาคอีสาน,นครราชสีมา,8,นครราชสีมา-8,133816,78356,70904,4488,2964,0.585550308
NMA_8,2569,PARTY,ภาคอีสาน,นครราชสีมา,8,นครราชสีมา-8,133816,78403,71589,4210,2604,0.585901536
NMA_9,2569,CONS,ภาคอีสาน,นครราชสีมา,9,นครราชสีมา-9,135762,83262,79059,2651,1552,0.613293852
NMA_9,2569,PARTY,ภาคอีสาน,นครราชสีมา,9,นครราชสีมา-9,135762,87229,80515,4843,1871,0.642514106
NMA_10,2569,CONS,ภาคอีสาน,นครราชสีมา,10,นครราชสีมา-10,138144,102879,95993,3772,3114,0.744722898
NMA_10,2569,PARTY,ภาคอีสาน,นครราชสีมา,10,นครราชสีมา-10,138144,102445,92711,6222,3512,0.741581249
NMA_11,2569,CONS,ภาคอีสาน,นครราชสีมา,11,นครราชสีมา-11,132460,85265,77647,3689,3929,0.64370376
NMA_11,2569,PARTY,ภาคอีสาน,นครราชสีมา,11,นครราชสีมา-11,132460,85423,77330,5001,3092,0.644896573
NMA_12,2569,CONS,ภาคอีสาน,นครราชสีมา,12,นครราชสีมา-12,132505,86213,78302,4225,3686,0.650639599
NMA_12,2569,PARTY,ภาคอีสาน,นครราชสีมา,12,นครราชสีมา-12,132505,90376,81422,5551,3403,0.682057281
NMA_13,2569,CONS,ภาคอีสาน,นครราชสีมา,13,นครราชสีมา-13,130106,71744,60849,6106,4789,0.551427298
NMA_13,2569,PARTY,ภาคอีสาน,นครราชสีมา,13,นครราชสีมา-13,130106,72017,64469,4332,3216,0.553525587
NMA_14,2569,CONS,ภาคอีสาน,นครราชสีมา,14,นครราชสีมา-14,130825,82123,71835,4731,5557,0.627731703
NMA_14,2569,PARTY,ภาคอีสาน,นครราชสีมา,14,นครราชสีมา-14,130825,81926,74623,3537,3766,0.626225874
NMA_15,2569,CONS,ภาคอีสาน,นครราชสีมา,15,นครราชสีมา-15,138615,89820,85822,2489,1509,0.64798182
NMA_15,2569,PARTY,ภาคอีสาน,นครราชสีมา,15,นครราชสีมา-15,138615,93049,85812,5270,1967,0.671276557
NMA_16,2569,CONS,ภาคอีสาน,นครราชสีมา,16,นครราชสีมา-16,136001,82925,77922,2785,2218,0.609738164
NMA_16,2569,PARTY,ภาคอีสาน,นครราชสีมา,16,นครราชสีมา-16,136001,82327,75477,4954,1896,0.605341137
BRM_4,2569,CONS,ภาคอีสาน,บุรีรัมย์,4,บุรีรัมย์-4,121519,71088,66230,3058,1800,0.584994939
BRM_4,2569,PARTY,ภาคอีสาน,บุรีรัมย์,4,บุรีรัมย์-4,121519,66046,61453,3538,1055,0.543503485
BRM_1,2569,CONS,ภาคอีสาน,บุรีรัมย์,1,บุรีรัมย์-1,125325,76770,70455,3400,2915,0.612567325
BRM_1,2569,PARTY,ภาคอีสาน,บุรีรัมย์,1,บุรีรัมย์-1,125325,76626,71524,3523,1579,0.611418312
BRM_2,2569,CONS,ภาคอีสาน,บุรีรัมย์,2,บุรีรัมย์-2,127640,82670,75769,3510,3391,0.647680978
BRM_2,2569,PARTY,ภาคอีสาน,บุรีรัมย์,2,บุรีรัมย์-2,127640,82745,76908,4143,1694,0.648268568
BRM_3,2569,CONS,ภาคอีสาน,บุรีรัมย์,3,บุรีรัมย์-3,125637,68118,63636,3142,1340,0.542181045
BRM_3,2569,PARTY,ภาคอีสาน,บุรีรัมย์,3,บุรีรัมย์-3,125637,68032,63851,3345,836,0.541496534
BRM_5,2569,CONS,ภาคอีสาน,บุรีรัมย์,5,บุรีรัมย์-5,131438,77970,72573,2920,2477,0.593207444
BRM_5,2569,PARTY,ภาคอีสาน,บุรีรัมย์,5,บุรีรัมย์-5,131438,72251,67351,3602,1298,0.549696435
BRM_6,2569,CONS,ภาคอีสาน,บุรีรัมย์,6,บุรีรัมย์-6,130776,69506,64305,2667,2534,0.531488958
BRM_6,2569,PARTY,ภาคอีสาน,บุรีรัมย์,6,บุรีรัมย์-6,130776,69903,65237,3318,1348,0.534524683
BRM_7,2569,CONS,ภาคอีสาน,บุรีรัมย์,7,บุรีรัมย์-7,123023,71117,66292,2802,2023,0.578078896
BRM_7,2569,PARTY,ภาคอีสาน,บุรีรัมย์,7,บุรีรัมย์-7,123023,70555,65607,3656,1292,0.573510644
BRM_8,2569,CONS,ภาคอีสาน,บุรีรัมย์,8,บุรีรัมย์-8,126975,79742,73395,3042,3305,0.628013388
BRM_8,2569,PARTY,ภาคอีสาน,บุรีรัมย์,8,บุรีรัมย์-8,126975,79642,73492,4018,2132,0.627225832
BRM_9,2569,CONS,ภาคอีสาน,บุรีรัมย์,9,บุรีรัมย์-9,127988,67032,62019,3038,1975,0.5237366
BRM_9,2569,PARTY,ภาคอีสาน,บุรีรัมย์,9,บุรีรัมย์-9,127988,72515,66932,4071,1512,0.566576554
BRM_10,2569,CONS,ภาคอีสาน,บุรีรัมย์,10,บุรีรัมย์-10,121301,65157,60525,2705,1927,0.537151384
BRM_10,2569,PARTY,ภาคอีสาน,บุรีรัมย์,10,บุรีรัมย์-10,121301,65171,60481,3554,1136,0.537266799
SRN_1,2569,CONS,ภาคอีสาน,สุรินทร์,1,สุรินทร์-1,136098,88601,81068,3303,4230,0.651008832
SRN_1,2569,PARTY,ภาคอีสาน,สุรินทร์,1,สุรินทร์-1,136098,88615,82136,3816,2663,0.651111699
SRN_2,2569,CONS,ภาคอีสาน,สุรินทร์,2,สุรินทร์-2,140119,89248,84087,2850,2311,0.636944312
SRN_2,2569,PARTY,ภาคอีสาน,สุรินทร์,2,สุรินทร์-2,140119,88080,81987,4404,1689,0.62860854
SRN_3,2569,CONS,ภาคอีสาน,สุรินทร์,3,สุรินทร์-3,137394,74602,70135,2455,2012,0.542978587
SRN_3,2569,PARTY,ภาคอีสาน,สุรินทร์,3,สุรินทร์-3,137394,74601,69500,3539,1562,0.542971309
SRN_4,2569,CONS,ภาคอีสาน,สุรินทร์,4,สุรินทร์-4,139651,72193,68441,2121,1631,0.516952976
SRN_4,2569,PARTY,ภาคอีสาน,สุรินทร์,4,สุรินทร์-4,139651,71455,66844,3275,1336,0.511668373
SRN_5,2569,CONS,ภาคอีสาน,สุรินทร์,5,สุรินทร์-5,135554,70625,67868,1949,808,0.521010077
SRN_5,2569,PARTY,ภาคอีสาน,สุรินทร์,5,สุรินทร์-5,135554,69778,64847,4101,830,0.514761645
SRN_6,2569,CONS,ภาคอีสาน,สุรินทร์,6,สุรินทร์-6,134172,76662,71941,3007,1714,0.571371076
SRN_6,2569,PARTY,ภาคอีสาน,สุรินทร์,6,สุรินทร์-6,134172,76481,71043,4132,1306,0.570022061
SRN_7,2569,CONS,ภาคอีสาน,สุรินทร์,7,สุรินทร์-7,136448,87156,80866,4081,2209,0.638748827
SRN_7,2569,PARTY,ภาคอีสาน,สุรินทร์,7,สุรินทร์-7,136448,87650,81693,4255,1702,0.642369254
SRN_8,2569,CONS,ภาคอีสาน,สุรินทร์,8,สุรินทร์-8,136843,76667,71162,3934,1571,0.560255183
SRN_8,2569,PARTY,ภาคอีสาน,สุรินทร์,8,สุรินทร์-8,136843,76342,70526,4308,1508,0.557880198
SSK_1,2569,CONS,ภาคอีสาน,ศรีสะเกษ,1,ศรีสะเกษ-1,132927,82102,78704,1964,1434,0.61764728
SSK_1,2569,PARTY,ภาคอีสาน,ศรีสะเกษ,1,ศรีสะเกษ-1,132927,82175,77355,3296,1524,0.618196454
SSK_2,2569,CONS,ภาคอีสาน,ศรีสะเกษ,2,ศรีสะเกษ-2,128729,73527,69985,2191,1351,0.571176658
SSK_2,2569,PARTY,ภาคอีสาน,ศรีสะเกษ,2,ศรีสะเกษ-2,128729,74213,69121,3758,1334,0.576505682
SSK_3,2569,CONS,ภาคอีสาน,ศรีสะเกษ,3,ศรีสะเกษ-3,128000,78816,73521,3067,2228,0.61575
SSK_3,2569,PARTY,ภาคอีสาน,ศรีสะเกษ,3,ศรีสะเกษ-3,128000,78520,72087,4593,1840,0.6134375
SSK_4,2569,CONS,ภาคอีสาน,ศรีสะเกษ,4,ศรีสะเกษ-4,122479,72004,67792,2520,1692,0.587888536
SSK_4,2569,PARTY,ภาคอีสาน,ศรีสะเกษ,4,ศรีสะเกษ-4,122479,71504,65873,4303,1328,0.583806204
SSK_5,2569,CONS,ภาคอีสาน,ศรีสะเกษ,5,ศรีสะเกษ-5,127678,80717,75589,3280,1848,0.63219192
SSK_5,2569,PARTY,ภาคอีสาน,ศรีสะเกษ,5,ศรีสะเกษ-5,127678,80393,74004,4824,1565,0.629654287
SSK_6,2569,CONS,ภาคอีสาน,ศรีสะเกษ,6,ศรีสะเกษ-6,128761,70972,66877,2850,1245,0.551191743
SSK_6,2569,PARTY,ภาคอีสาน,ศรีสะเกษ,6,ศรีสะเกษ-6,128761,60564,55870,3930,764,0.470359814
SSK_7,2569,CONS,ภาคอีสาน,ศรีสะเกษ,7,ศรีสะเกษ-7,127528,71700,67063,3877,760,0.562229471
SSK_7,2569,PARTY,ภาคอีสาน,ศรีสะเกษ,7,ศรีสะเกษ-7,127528,71666,66966,3957,743,0.561962863
SSK_8,2569,CONS,ภาคอีสาน,ศรีสะเกษ,8,ศรีสะเกษ-8,133339,76063,71854,2679,1530,0.570448256
SSK_8,2569,PARTY,ภาคอีสาน,ศรีสะเกษ,8,ศรีสะเกษ-8,133339,75608,70406,3793,1409,0.567035901
SSK_9,2569,CONS,ภาคอีสาน,ศรีสะเกษ,9,ศรีสะเกษ-9,139255,87028,82939,2521,1568,0.624954221
SSK_9,2569,PARTY,ภาคอีสาน,ศรีสะเกษ,9,ศรีสะเกษ-9,139255,86965,81836,3612,1517,0.624501813
UBN_1,2569,CONS,ภาคอีสาน,อุบลราชธานี,1,อุบลราชธานี-1,132544,86407,76420,3834,6153,0.651911818
UBN_1,2569,PARTY,ภาคอีสาน,อุบลราชธานี,1,อุบลราชธานี-1,132544,86822,80278,2930,3614,0.655042854
UBN_2,2569,CONS,ภาคอีสาน,อุบลราชธานี,2,อุบลราชธานี-2,136569,84801,80009,2147,2645,0.620938866
UBN_2,2569,PARTY,ภาคอีสาน,อุบลราชธานี,2,อุบลราชธานี-2,136569,84555,78178,3868,2509,0.619137579
UBN_3,2569,CONS,ภาคอีสาน,อุบลราชธานี,3,อุบลราชธานี-3,139753,87951,80774,3261,3916,0.62933175
UBN_3,2569,PARTY,ภาคอีสาน,อุบลราชธานี,3,อุบลราชธานี-3,139753,88265,81369,4197,2699,0.631578571
UBN_4,2569,CONS,ภาคอีสาน,อุบลราชธานี,4,อุบลราชธานี-4,150372,106067,94753,4933,6381,0.705364031
UBN_4,2569,PARTY,ภาคอีสาน,อุบลราชธานี,4,อุบลราชธานี-4,150372,106088,97295,4797,3996,0.705503684
UBN_5,2569,CONS,ภาคอีสาน,อุบลราชธานี,5,อุบลราชธานี-5,131064,74566,69964,2665,1937,0.568928157
UBN_5,2569,PARTY,ภาคอีสาน,อุบลราชธานี,5,อุบลราชธานี-5,131064,74669,69300,3644,1725,0.569714033
UBN_6,2569,CONS,ภาคอีสาน,อุบลราชธานี,6,อุบลราชธานี-6,132041,80082,74580,3912,1590,0.606493438
UBN_6,2569,PARTY,ภาคอีสาน,อุบลราชธานี,6,อุบลราชธานี-6,132041,80165,73729,4884,1552,0.60712203
UBN_7,2569,CONS,ภาคอีสาน,อุบลราชธานี,7,อุบลราชธานี-7,131286,86153,82798,2418,937,0.656223817
UBN_7,2569,PARTY,ภาคอีสาน,อุบลราชธานี,7,อุบลราชธานี-7,131286,85903,80601,4012,1290,0.654319577
UBN_8,2569,CONS,ภาคอีสาน,อุบลราชธานี,8,อุบลราชธานี-8,137335,78660,74464,2553,1643,0.572760039
UBN_8,2569,PARTY,ภาคอีสาน,อุบลราชธานี,8,อุบลราชธานี-8,137335,80823,74701,4231,1891,0.588509848
UBN_9,2569,CONS,ภาคอีสาน,อุบลราชธานี,9,อุบลราชธานี-9,130180,74428,70003,3354,1071,0.571731449
UBN_9,2569,PARTY,ภาคอีสาน,อุบลราชธานี,9,อุบลราชธานี-9,130180,74493,68823,4456,1214,0.572230757
UBN_10,2569,CONS,ภาคอีสาน,อุบลราชธานี,10,อุบลราชธานี-10,141283,84112,77104,4622,2386,0.595344097
UBN_10,2569,PARTY,ภาคอีสาน,อุบลราชธานี,10,อุบลราชธานี-10,141283,84961,79339,4213,1409,0.601353312
UBN_11,2569,CONS,ภาคอีสาน,อุบลราชธานี,11,อุบลราชธานี-11,135372,80392,74813,3056,2523,0.593859882
UBN_11,2569,PARTY,ภาคอีสาน,อุบลราชธานี,11,อุบลราชธานี-11,135372,80957,74248,4442,2267,0.598033567
YST_1,2569,CONS,ภาคอีสาน,ยโสธร,1,ยโสธร-1,144704,100428,95665,2747,2016,0.694023662
YST_1,2569,PARTY,ภาคอีสาน,ยโสธร,1,ยโสธร-1,144704,92326,86759,3785,1782,0.638033503
YST_2,2569,CONS,ภาคอีสาน,ยโสธร,2,ยโสธร-2,141190,81496,79014,1694,788,0.577208018
YST_2,2569,PARTY,ภาคอีสาน,ยโสธร,2,ยโสธร-2,141190,81583,77266,3297,1020,0.577824209
YST_3,2569,CONS,ภาคอีสาน,ยโสธร,3,ยโสธร-3,146614,93197,87905,3394,1898,0.635662351
YST_3,2569,PARTY,ภาคอีสาน,ยโสธร,3,ยโสธร-3,146614,94013,88585,3833,1595,0.641227986
CPM_1,2569,CONS,ภาคอีสาน,ชัยภูมิ,1,ชัยภูมิ-1,129441,14912,13835,514,563,0.115203065
CPM_1,2569,PARTY,ภาคอีสาน,ชัยภูมิ,1,ชัยภูมิ-1,129441,15241,13984,814,443,0.117744764
CPM_2,2569,CONS,ภาคอีสาน,ชัยภูมิ,2,ชัยภูมิ-2,133561,83187,75776,4233,3178,0.622839002
CPM_2,2569,PARTY,ภาคอีสาน,ชัยภูมิ,2,ชัยภูมิ-2,133561,83111,75737,4745,2629,0.622269974
CPM_3,2569,CONS,ภาคอีสาน,ชัยภูมิ,3,ชัยภูมิ-3,127154,75078,69948,3486,1644,0.590449376
CPM_3,2569,PARTY,ภาคอีสาน,ชัยภูมิ,3,ชัยภูมิ-3,127154,75689,68471,5282,1936,0.595254573
CPM_4,2569,CONS,ภาคอีสาน,ชัยภูมิ,4,ชัยภูมิ-4,121184,54838,52350,1940,548,0.452518484
CPM_4,2569,PARTY,ภาคอีสาน,ชัยภูมิ,4,ชัยภูมิ-4,121184,54592,50442,3283,867,0.450488513
CPM_5,2569,CONS,ภาคอีสาน,ชัยภูมิ,5,ชัยภูมิ-5,132089,77587,74248,2358,981,0.587384264
CPM_5,2569,PARTY,ภาคอีสาน,ชัยภูมิ,5,ชัยภูมิ-5,132089,77729,71527,4807,1395,0.588459296
CPM_6,2569,CONS,ภาคอีสาน,ชัยภูมิ,6,ชัยภูมิ-6,134526,84588,79010,3633,1945,0.628785514
CPM_6,2569,PARTY,ภาคอีสาน,ชัยภูมิ,6,ชัยภูมิ-6,134526,84625,77617,5371,1637,0.629060553
CPM_7,2569,CONS,ภาคอีสาน,ชัยภูมิ,7,ชัยภูมิ-7,126889,75380,72679,1916,785,0.594062527
CPM_7,2569,PARTY,ภาคอีสาน,ชัยภูมิ,7,ชัยภูมิ-7,126889,76294,70883,4141,1270,0.601265673
ACR_1,2569,CONS,ภาคอีสาน,อำนาจเจริญ,1,อำนาจเจริญ-1,145524,85388,79648,2654,3086,0.586762321
ACR_1,2569,PARTY,ภาคอีสาน,อำนาจเจริญ,1,อำนาจเจริญ-1,145524,85293,79450,3730,2113,0.586109508
ACR_2,2569,CONS,ภาคอีสาน,อำนาจเจริญ,2,อำนาจเจริญ-2,157184,98082,88929,5450,3703,0.623994809
ACR_2,2569,PARTY,ภาคอีสาน,อำนาจเจริญ,2,อำนาจเจริญ-2,157184,97713,90537,4785,2391,0.621647241
BKN_1,2569,CONS,ภาคอีสาน,บึงกาฬ,1,บึงกาฬ-1,104792,66872,62774,2694,1404,0.638140316
BKN_1,2569,PARTY,ภาคอีสาน,บึงกาฬ,1,บึงกาฬ-1,104792,70549,66228,2994,1327,0.673228872
BKN_2,2569,CONS,ภาคอีสาน,บึงกาฬ,2,บึงกาฬ-2,109412,73563,70695,1819,1049,0.672348554
BKN_2,2569,PARTY,ภาคอีสาน,บึงกาฬ,2,บึงกาฬ-2,109412,72567,68278,3178,1111,0.663245348
BKN_3,2569,CONS,ภาคอีสาน,บึงกาฬ,3,บึงกาฬ-3,118398,69303,63762,3457,2084,0.585339279
BKN_3,2569,PARTY,ภาคอีสาน,บึงกาฬ,3,บึงกาฬ-3,118398,69384,64556,3244,1584,0.586023413
NBP_1,2569,CONS,ภาคอีสาน,หนองบัวลำภู,1,หนองบัวลำภู-1,139306,87806,83308,2222,2276,0.630310252
NBP_1,2569,PARTY,ภาคอีสาน,หนองบัวลำภู,1,หนองบัวลำภู-1,139306,92386,86113,4262,2011,0.663187515
NBP_2,2569,CONS,ภาคอีสาน,หนองบัวลำภู,2,หนองบัวลำภู-2,136024,79264,75283,2329,1652,0.582720696
NBP_2,2569,PARTY,ภาคอีสาน,หนองบัวลำภู,2,หนองบัวลำภู-2,136024,79315,74085,3921,1309,0.58309563
NBP_3,2569,CONS,ภาคอีสาน,หนองบัวลำภู,3,หนองบัวลำภู-3,133312,78888,74323,2781,1784,0.591754681
NBP_3,2569,PARTY,ภาคอีสาน,หนองบัวลำภู,3,หนองบัวลำภู-3,133312,78947,73396,4063,1488,0.592197252
KKN_1,2569,CONS,ภาคอีสาน,ขอนแก่น,1,ขอนแก่น-1,128250,86314,78585,2510,5219,0.673013645
KKN_1,2569,PARTY,ภาคอีสาน,ขอนแก่น,1,ขอนแก่น-1,128250,80932,75615,2737,2580,0.631048733
KKN_2,2569,CONS,ภาคอีสาน,ขอนแก่น,2,ขอนแก่น-2,138811,99877,91205,2640,6032,0.719517906
KKN_2,2569,PARTY,ภาคอีสาน,ขอนแก่น,2,ขอนแก่น-2,138811,99334,92727,3387,3220,0.715606112
KKN_3,2569,CONS,ภาคอีสาน,ขอนแก่น,3,ขอนแก่น-3,132197,83342,77806,3714,1822,0.630437907
KKN_3,2569,PARTY,ภาคอีสาน,ขอนแก่น,3,ขอนแก่น-3,132197,83197,77507,4166,1524,0.629341059
KKN_4,2569,CONS,ภาคอีสาน,ขอนแก่น,4,ขอนแก่น-4,130881,92289,87456,2664,2169,0.705136727
KKN_4,2569,PARTY,ภาคอีสาน,ขอนแก่น,4,ขอนแก่น-4,130881,92164,85617,4573,1974,0.704181661
KKN_5,2569,CONS,ภาคอีสาน,ขอนแก่น,5,ขอนแก่น-5,131801,81282,77433,2459,1390,0.616702453
KKN_5,2569,PARTY,ภาคอีสาน,ขอนแก่น,5,ขอนแก่น-5,131801,81333,75467,4691,1175,0.6170894
KKN_6,2569,CONS,ภาคอีสาน,ขอนแก่น,6,ขอนแก่น-6,129906,86315,80055,3809,2451,0.664441981
KKN_6,2569,PARTY,ภาคอีสาน,ขอนแก่น,6,ขอนแก่น-6,129906,86181,79094,5062,2025,0.663410466
KKN_7,2569,CONS,ภาคอีสาน,ขอนแก่น,7,ขอนแก่น-7,132362,88824,81886,4330,2608,0.671068736
KKN_7,2569,PARTY,ภาคอีสาน,ขอนแก่น,7,ขอนแก่น-7,132362,88625,81734,5026,1865,0.669565283
KKN_8,2569,CONS,ภาคอีสาน,ขอนแก่น,8,ขอนแก่น-8,139634,91152,84753,3417,2982,0.6527923
KKN_8,2569,PARTY,ภาคอีสาน,ขอนแก่น,8,ขอนแก่น-8,139634,91350,84806,4413,2131,0.654210293
KKN_9,2569,CONS,ภาคอีสาน,ขอนแก่น,9,ขอนแก่น-9,127326,76079,72773,2267,1039,0.597513469
KKN_9,2569,PARTY,ภาคอีสาน,ขอนแก่น,9,ขอนแก่น-9,127326,75980,71439,3677,864,0.596735938
KKN_10,2569,CONS,ภาคอีสาน,ขอนแก่น,10,ขอนแก่น-10,135705,82656,77613,3746,1297,0.609085885
KKN_10,2569,PARTY,ภาคอีสาน,ขอนแก่น,10,ขอนแก่น-10,135705,83761,78600,4228,933,0.617228547
KKN_11,2569,CONS,ภาคอีสาน,ขอนแก่น,11,ขอนแก่น-11,131498,80798,74696,4043,2059,0.614442805
KKN_11,2569,PARTY,ภาคอีสาน,ขอนแก่น,11,ขอนแก่น-11,131498,80866,74894,4359,1613,0.614959923
UDN_1,2569,CONS,ภาคอีสาน,อุดรธานี,1,อุดรธานี-1,129255,81594,73783,2345,5466,0.631263781
UDN_1,2569,PARTY,ภาคอีสาน,อุดรธานี,1,อุดรธานี-1,129255,80339,75223,2150,2966,0.621554292
UDN_2,2569,CONS,ภาคอีสาน,อุดรธานี,2,อุดรธานี-2,132878,70331,64878,2463,2990,0.529290025
UDN_2,2569,PARTY,ภาคอีสาน,อุดรธานี,2,อุดรธานี-2,132878,70615,65327,3218,2070,0.531427324
UDN_3,2569,CONS,ภาคอีสาน,อุดรธานี,3,อุดรธานี-3,125830,71577,68138,2315,1124,0.56883891
UDN_3,2569,PARTY,ภาคอีสาน,อุดรธานี,3,อุดรธานี-3,125830,71753,66966,3757,1030,0.570237622
UDN_4,2569,CONS,ภาคอีสาน,อุดรธานี,4,อุดรธานี-4,126481,67756,64235,2136,1385,0.535701014
UDN_4,2569,PARTY,ภาคอีสาน,อุดรธานี,4,อุดรธานี-4,126481,67552,62904,3657,991,0.534088124
UDN_5,2569,CONS,ภาคอีสาน,อุดรธานี,5,อุดรธานี-5,119089,65967,62415,2143,1409,0.553930254
UDN_5,2569,PARTY,ภาคอีสาน,อุดรธานี,5,อุดรธานี-5,119089,65750,61517,3155,1078,0.552108087
UDN_6,2569,CONS,ภาคอีสาน,อุดรธานี,6,อุดรธานี-6,126400,77238,73916,2264,1058,0.611060127
UDN_6,2569,PARTY,ภาคอีสาน,อุดรธานี,6,อุดรธานี-6,126400,76567,72005,3346,1216,0.605751582
UDN_7,2569,CONS,ภาคอีสาน,อุดรธานี,7,อุดรธานี-7,128249,67107,61630,3024,2453,0.523255542
UDN_7,2569,PARTY,ภาคอีสาน,อุดรธานี,7,อุดรธานี-7,128249,66215,61395,3227,1593,0.516300322
UDN_8,2569,CONS,ภาคอีสาน,อุดรธานี,8,อุดรธานี-8,122696,72517,67587,2746,2184,0.591029862
UDN_8,2569,PARTY,ภาคอีสาน,อุดรธานี,8,อุดรธานี-8,122696,72831,67021,4154,1656,0.593589033
UDN_9,2569,CONS,ภาคอีสาน,อุดรธานี,9,อุดรธานี-9,124827,73470,66512,4683,2275,0.588574587
UDN_9,2569,PARTY,ภาคอีสาน,อุดรธานี,9,อุดรธานี-9,124827,73316,67413,4280,1623,0.58734088
UDN_10,2569,CONS,ภาคอีสาน,อุดรธานี,10,อุดรธานี-10,123023,71535,65445,4324,1766,0.581476634
UDN_10,2569,PARTY,ภาคอีสาน,อุดรธานี,10,อุดรธานี-10,123023,71647,65865,4062,1720,0.582387033
LEI_1,2569,CONS,ภาคอีสาน,เลย,1,เลย-1,125703,89032,80748,4370,3914,0.708272674
LEI_1,2569,PARTY,ภาคอีสาน,เลย,1,เลย-1,125703,89056,81955,4129,2972,0.708463601
LEI_2,2569,CONS,ภาคอีสาน,เลย,2,เลย-2,132976,74929,65293,5791,3845,0.56347762
LEI_2,2569,PARTY,ภาคอีสาน,เลย,2,เลย-2,132976,74598,67208,4856,2534,0.560988449
LEI_3,2569,CONS,ภาคอีสาน,เลย,3,เลย-3,125561,81984,74221,4041,3722,0.652941598
LEI_3,2569,PARTY,ภาคอีสาน,เลย,3,เลย-3,125561,81700,73967,5004,2729,0.650679749
LEI_4,2569,CONS,ภาคอีสาน,เลย,4,เลย-4,123891,77330,67322,6039,3969,0.624177705
LEI_4,2569,PARTY,ภาคอีสาน,เลย,4,เลย-4,123891,77378,69494,5072,2812,0.624565142
NKI_1,2569,CONS,ภาคอีสาน,หนองคาย,1,หนองคาย-1,139496,84882,79165,3520,2197,0.608490566
NKI_1,2569,PARTY,ภาคอีสาน,หนองคาย,1,หนองคาย-1,139496,84468,77990,4449,2029,0.605522739
NKI_2,2569,CONS,ภาคอีสาน,หนองคาย,2,หนองคาย-2,136455,81480,77163,3169,1148,0.59711993
NKI_2,2569,PARTY,ภาคอีสาน,หนองคาย,2,หนองคาย-2,136455,82074,76387,4501,1186,0.601473013
NKI_3,2569,CONS,ภาคอีสาน,หนองคาย,3,หนองคาย-3,137516,78608,70533,5071,3004,0.571628029
NKI_3,2569,PARTY,ภาคอีสาน,หนองคาย,3,หนองคาย-3,137516,78687,72483,4207,1997,0.572202507
MKM_1,2569,CONS,ภาคอีสาน,มหาสารคาม,1,มหาสารคาม-1,123641,85075,79831,1957,3287,0.688080815
MKM_1,2569,PARTY,ภาคอีสาน,มหาสารคาม,1,มหาสารคาม-1,123641,85030,79524,3167,2339,0.687716858
MKM_2,2569,CONS,ภาคอีสาน,มหาสารคาม,2,มหาสารคาม-2,128380,72171,68816,1940,1415,0.562167004
MKM_2,2569,PARTY,ภาคอีสาน,มหาสารคาม,2,มหาสารคาม-2,128380,72572,67775,3544,1253,0.565290544
MKM_3,2569,CONS,ภาคอีสาน,มหาสารคาม,3,มหาสารคาม-3,130144,76922,74451,1858,613,0.591052987
MKM_3,2569,PARTY,ภาคอีสาน,มหาสารคาม,3,มหาสารคาม-3,130144,76737,72690,3260,787,0.589631485
MKM_4,2569,CONS,ภาคอีสาน,มหาสารคาม,4,มหาสารคาม-4,126010,80619,76555,2797,1267,0.639782557
MKM_4,2569,PARTY,ภาคอีสาน,มหาสารคาม,4,มหาสารคาม-4,126010,81188,76187,3921,1080,0.644298072
MKM_5,2569,CONS,ภาคอีสาน,มหาสารคาม,5,มหาสารคาม-5,133026,74767,68568,2769,3430,0.562048021
MKM_5,2569,PARTY,ภาคอีสาน,มหาสารคาม,5,มหาสารคาม-5,133026,74763,69390,3400,1973,0.562017951
MKM_6,2569,CONS,ภาคอีสาน,มหาสารคาม,6,มหาสารคาม-6,128307,86328,82000,2325,2003,0.672823774
MKM_6,2569,PARTY,ภาคอีสาน,มหาสารคาม,6,มหาสารคาม-6,128307,86649,81308,3823,1518,0.675325586
RET_1,2569,CONS,ภาคอีสาน,ร้อยเอ็ด,1,ร้อยเอ็ด-1,126135,82810,78555,2317,1938,0.656518809
RET_1,2569,PARTY,ภาคอีสาน,ร้อยเอ็ด,1,ร้อยเอ็ด-1,126135,82539,77597,3068,1874,0.654370318
RET_2,2569,CONS,ภาคอีสาน,ร้อยเอ็ด,2,ร้อยเอ็ด-2,136719,86314,81745,2860,1709,0.631324103
RET_2,2569,PARTY,ภาคอีสาน,ร้อยเอ็ด,2,ร้อยเอ็ด-2,136719,86698,81440,3718,1540,0.634132783
RET_3,2569,CONS,ภาคอีสาน,ร้อยเอ็ด,3,ร้อยเอ็ด-3,133017,75216,71917,1975,1324,0.565461558
RET_3,2569,PARTY,ภาคอีสาน,ร้อยเอ็ด,3,ร้อยเอ็ด-3,133017,81540,76181,3807,1552,0.613004353
RET_4,2569,CONS,ภาคอีสาน,ร้อยเอ็ด,4,ร้อยเอ็ด-4,129528,80352,76908,1898,1546,0.620344636
RET_4,2569,PARTY,ภาคอีสาน,ร้อยเอ็ด,4,ร้อยเอ็ด-4,129528,80471,75994,3182,1295,0.621263356
RET_5,2569,CONS,ภาคอีสาน,ร้อยเอ็ด,5,ร้อยเอ็ด-5,133199,68205,61385,4171,2649,0.512053394
RET_5,2569,PARTY,ภาคอีสาน,ร้อยเอ็ด,5,ร้อยเอ็ด-5,133199,76438,71394,3067,1977,0.573863167
RET_6,2569,CONS,ภาคอีสาน,ร้อยเอ็ด,6,ร้อยเอ็ด-6,130129,69786,66008,2696,1082,0.536283227
RET_6,2569,PARTY,ภาคอีสาน,ร้อยเอ็ด,6,ร้อยเอ็ด-6,130129,69465,65557,2956,952,0.533816444
RET_7,2569,CONS,ภาคอีสาน,ร้อยเอ็ด,7,ร้อยเอ็ด-7,134383,73604,70793,2289,522,0.547718089
RET_7,2569,PARTY,ภาคอีสาน,ร้อยเอ็ด,7,ร้อยเอ็ด-7,134383,73720,70160,2922,638,0.548581294
RET_8,2569,CONS,ภาคอีสาน,ร้อยเอ็ด,8,ร้อยเอ็ด-8,131264,81054,77540,1986,1528,0.61748842
RET_8,2569,PARTY,ภาคอีสาน,ร้อยเอ็ด,8,ร้อยเอ็ด-8,131264,81054,77083,2867,1104,0.61748842
KSN_1,2569,CONS,ภาคอีสาน,กาฬสินธุ์,1,กาฬสินธุ์-1,131448,75579,70270,2392,2917,0.574972613
KSN_1,2569,PARTY,ภาคอีสาน,กาฬสินธุ์,1,กาฬสินธุ์-1,131448,74752,68790,3921,2041,0.568681151
KSN_2,2569,CONS,ภาคอีสาน,กาฬสินธุ์,2,กาฬสินธุ์-2,126190,81689,75744,2805,3140,0.647349235
KSN_2,2569,PARTY,ภาคอีสาน,กาฬสินธุ์,2,กาฬสินธุ์-2,126190,81643,75859,3952,1832,0.646984706
KSN_3,2569,CONS,ภาคอีสาน,กาฬสินธุ์,3,กาฬสินธุ์-3,124254,76823,72703,2349,1771,0.618273858
KSN_3,2569,PARTY,ภาคอีสาน,กาฬสินธุ์,3,กาฬสินธุ์-3,124254,76947,70688,4498,1761,0.619271814
KSN_4,2569,CONS,ภาคอีสาน,กาฬสินธุ์,4,กาฬสินธุ์-4,136372,82244,78354,2368,1522,0.603085677
KSN_4,2569,PARTY,ภาคอีสาน,กาฬสินธุ์,4,กาฬสินธุ์-4,136372,81621,75537,4515,1569,0.598517291
KSN_5,2569,CONS,ภาคอีสาน,กาฬสินธุ์,5,กาฬสินธุ์-5,137298,83156,79522,2137,1497,0.60566068
KSN_5,2569,PARTY,ภาคอีสาน,กาฬสินธุ์,5,กาฬสินธุ์-5,137298,83882,78082,4288,1512,0.610948448
KSN_6,2569,CONS,ภาคอีสาน,กาฬสินธุ์,6,กาฬสินธุ์-6,135642,84214,80526,2260,1428,0.620854897
KSN_6,2569,PARTY,ภาคอีสาน,กาฬสินธุ์,6,กาฬสินธุ์-6,135642,83661,77931,4332,1398,0.616777989
SNK_1,2569,CONS,ภาคอีสาน,สกลนคร,1,สกลนคร-1,133910,88885,83226,2142,3517,0.663766709
SNK_1,2569,PARTY,ภาคอีสาน,สกลนคร,1,สกลนคร-1,133910,89180,82565,3489,3126,0.665969681
SNK_2,2569,CONS,ภาคอีสาน,สกลนคร,2,สกลนคร-2,131926,83486,78728,3076,1682,0.632824462
SNK_2,2569,PARTY,ภาคอีสาน,สกลนคร,2,สกลนคร-2,131926,83363,78145,3545,1673,0.631892121
SNK_3,2569,CONS,ภาคอีสาน,สกลนคร,3,สกลนคร-3,134035,77168,70312,3743,3113,0.57573022
SNK_3,2569,PARTY,ภาคอีสาน,สกลนคร,3,สกลนคร-3,134035,77374,71449,3396,2529,0.577267132
SNK_4,2569,CONS,ภาคอีสาน,สกลนคร,4,สกลนคร-4,128385,75051,68473,3172,3406,0.584577638
SNK_4,2569,PARTY,ภาคอีสาน,สกลนคร,4,สกลนคร-4,128385,78226,71565,3836,2825,0.609307941
SNK_5,2569,CONS,ภาคอีสาน,สกลนคร,5,สกลนคร-5,129748,73970,70655,2018,1297,0.570105127
SNK_5,2569,PARTY,ภาคอีสาน,สกลนคร,5,สกลนคร-5,129748,74335,69532,3404,1399,0.572918272
SNK_6,2569,CONS,ภาคอีสาน,สกลนคร,6,สกลนคร-6,130056,72663,67841,2918,1904,0.558705481
SNK_6,2569,PARTY,ภาคอีสาน,สกลนคร,6,สกลนคร-6,130056,77252,72552,3018,1682,0.593990281
SNK_7,2569,CONS,ภาคอีสาน,สกลนคร,7,สกลนคร-7,131937,75516,69985,2735,2796,0.572364083
SNK_7,2569,PARTY,ภาคอีสาน,สกลนคร,7,สกลนคร-7,131937,75964,70430,3532,2002,0.575759643
NPM_1,2569,CONS,ภาคอีสาน,นครพนม,1,นครพนม-1,143587,88590,85158,2419,1013,0.61697786
NPM_1,2569,PARTY,ภาคอีสาน,นครพนม,1,นครพนม-1,143587,87401,82356,4134,911,0.608697166
NPM_2,2569,CONS,ภาคอีสาน,นครพนม,2,นครพนม-2,142901,89746,81917,3743,4086,0.628029195
NPM_2,2569,PARTY,ภาคอีสาน,นครพนม,2,นครพนม-2,142901,89992,83104,4303,2585,0.629750667
NPM_3,2569,CONS,ภาคอีสาน,นครพนม,3,นครพนม-3,142411,88942,84074,2797,2071,0.624544452
NPM_3,2569,PARTY,ภาคอีสาน,นครพนม,3,นครพนม-3,142411,89046,83430,3889,1727,0.625274733
NPM_4,2569,CONS,ภาคอีสาน,นครพนม,4,นครพนม-4,144796,91103,87244,2228,1631,0.629181745
NPM_4,2569,PARTY,ภาคอีสาน,นครพนม,4,นครพนม-4,144796,91599,86398,3810,1391,0.632607254
MDH_1,2569,CONS,ภาคอีสาน,มุกดาหาร,1,มุกดาหาร-1,141841,94876,89693,2917,2266,0.668889813
MDH_1,2569,PARTY,ภาคอีสาน,มุกดาหาร,1,มุกดาหาร-1,141841,94706,87797,4708,2201,0.667691288
MDH_2,2569,CONS,ภาคอีสาน,มุกดาหาร,2,มุกดาหาร-2,138498,90167,84368,3594,2205,0.651034672
MDH_2,2569,PARTY,ภาคอีสาน,มุกดาหาร,2,มุกดาหาร-2,138498,89758,82883,4896,1979,0.648081561
CMI_4,2569,CONS,ภาคเหนือ,เชียงใหม่,4,เชียงใหม่-4,144798,102392,93962,2563,5867,0.707136839
CMI_4,2569,PARTY,ภาคเหนือ,เชียงใหม่,4,เชียงใหม่-4,144798,102290,94712,3483,4095,0.706432409
CMI_5,2569,CONS,ภาคเหนือ,เชียงใหม่,5,เชียงใหม่-5,133219,91938,82487,4048,5403,0.690126784
CMI_5,2569,PARTY,ภาคเหนือ,เชียงใหม่,5,เชียงใหม่-5,133219,91929,83527,4580,3822,0.690059226
CMI_1,2569,CONS,ภาคเหนือ,เชียงใหม่,1,เชียงใหม่-1,137793,89928,81664,2306,5958,0.652631121
CMI_1,2569,PARTY,ภาคเหนือ,เชียงใหม่,1,เชียงใหม่-1,137793,90584,84451,2485,3648,0.657391885
CMI_2,2569,CONS,ภาคเหนือ,เชียงใหม่,2,เชียงใหม่-2,143760,99960,89069,3245,7646,0.695325543
CMI_2,2569,PARTY,ภาคเหนือ,เชียงใหม่,2,เชียงใหม่-2,143760,100947,92288,3673,4986,0.702191152
CMI_3,2569,CONS,ภาคเหนือ,เชียงใหม่,3,เชียงใหม่-3,139193,98354,87875,3632,6847,0.706601625
CMI_3,2569,PARTY,ภาคเหนือ,เชียงใหม่,3,เชียงใหม่-3,139193,99088,90516,4066,4506,0.711874879
CMI_6,2569,CONS,ภาคเหนือ,เชียงใหม่,6,เชียงใหม่-6,127380,80199,71619,5720,2860,0.629604333
CMI_6,2569,PARTY,ภาคเหนือ,เชียงใหม่,6,เชียงใหม่-6,127380,79718,72111,5111,2496,0.62582823
CMI_7,2569,CONS,ภาคเหนือ,เชียงใหม่,7,เชียงใหม่-7,132908,92980,85649,4249,3082,0.699581666
CMI_7,2569,PARTY,ภาคเหนือ,เชียงใหม่,7,เชียงใหม่-7,132908,93451,84867,5719,2865,0.70312547
CMI_8,2569,CONS,ภาคเหนือ,เชียงใหม่,8,เชียงใหม่-8,141140,109425,99824,3529,6072,0.775294034
CMI_8,2569,PARTY,ภาคเหนือ,เชียงใหม่,8,เชียงใหม่-8,141140,109758,100791,4498,4469,0.777653394
CMI_9,2569,CONS,ภาคเหนือ,เชียงใหม่,9,เชียงใหม่-9,126155,96398,88031,5372,2995,0.764123499
CMI_9,2569,PARTY,ภาคเหนือ,เชียงใหม่,9,เชียงใหม่-9,126155,96179,88073,5297,2809,0.762387539
CMI_10,2569,CONS,ภาคเหนือ,เชียงใหม่,10,เชียงใหม่-10,121915,88388,77746,9247,1395,0.724996924
CMI_10,2569,PARTY,ภาคเหนือ,เชียงใหม่,10,เชียงใหม่-10,121915,88117,80609,6246,1262,0.722774064
LPN_1,2569,CONS,ภาคเหนือ,ลำพูน,1,ลำพูน-1,171262,116041,103429,4760,7852,0.6775642
LPN_1,2569,PARTY,ภาคเหนือ,ลำพูน,1,ลำพูน-1,171262,114183,103806,4891,5486,0.666715325
LPN_2,2569,CONS,ภาคเหนือ,ลำพูน,2,ลำพูน-2,162629,125270,111124,7266,6880,0.770280823
LPN_2,2569,PARTY,ภาคเหนือ,ลำพูน,2,ลำพูน-2,162629,125137,112157,7808,5172,0.769463011
LPG_1,2569,CONS,ภาคเหนือ,ลำปาง,1,ลำปาง-1,146326,105108,92359,4381,8368,0.718313902
LPG_1,2569,PARTY,ภาคเหนือ,ลำปาง,1,ลำปาง-1,146326,104223,95159,4002,5062,0.712265763
LPG_2,2569,CONS,ภาคเหนือ,ลำปาง,2,ลำปาง-2,150940,105629,93115,7364,5150,0.699807871
LPG_2,2569,PARTY,ภาคเหนือ,ลำปาง,2,ลำปาง-2,150940,105811,95763,6526,3522,0.701013648
LPG_3,2569,CONS,ภาคเหนือ,ลำปาง,3,ลำปาง-3,147220,98883,88123,4161,6599,0.671668252
LPG_3,2569,PARTY,ภาคเหนือ,ลำปาง,3,ลำปาง-3,147220,98981,88400,5651,4930,0.672333922
LPG_4,2569,CONS,ภาคเหนือ,ลำปาง,4,ลำปาง-4,157791,110109,99312,6329,4468,0.697815465
LPG_4,2569,PARTY,ภาคเหนือ,ลำปาง,4,ลำปาง-4,157791,110616,100874,6391,3351,0.701028576
UTT_1,2569,CONS,ภาคเหนือ,อุตรดิตถ์,1,อุตรดิตถ์-1,118173,77259,71238,3137,2884,0.653778782
UTT_1,2569,PARTY,ภาคเหนือ,อุตรดิตถ์,1,อุตรดิตถ์-1,118173,76932,70573,3876,2483,0.651011652
UTT_2,2569,CONS,ภาคเหนือ,อุตรดิตถ์,2,อุตรดิตถ์-2,125041,73134,66010,3485,3639,0.584880159
UTT_2,2569,PARTY,ภาคเหนือ,อุตรดิตถ์,2,อุตรดิตถ์-2,125041,73362,65474,4962,2926,0.586703561
UTT_3,2569,CONS,ภาคเหนือ,อุตรดิตถ์,3,อุตรดิตถ์-3,123483,75340,66779,4376,4185,0.610124471
UTT_3,2569,PARTY,ภาคเหนือ,อุตรดิตถ์,3,อุตรดิตถ์-3,123483,75310,68267,3941,3102,0.609881522
PRE_1,2569,CONS,ภาคเหนือ,แพร่,1,แพร่-1,122115,85567,80671,2335,2561,0.700708349
PRE_1,2569,PARTY,ภาคเหนือ,แพร่,1,แพร่-1,122115,86403,81142,3017,2244,0.707554355
PRE_2,2569,CONS,ภาคเหนือ,แพร่,2,แพร่-2,116303,76409,71775,2920,1714,0.656982193
PRE_2,2569,PARTY,ภาคเหนือ,แพร่,2,แพร่-2,116303,76230,70845,3894,1491,0.65544311
PRE_3,2569,CONS,ภาคเหนือ,แพร่,3,แพร่-3,121732,82810,72318,5976,4516,0.680264844
PRE_3,2569,PARTY,ภาคเหนือ,แพร่,3,แพร่-3,121732,71774,64847,4298,2629,0.589606677
NAN_1,2569,CONS,ภาคเหนือ,น่าน,1,น่าน-1,139889,92148,82286,4053,5809,0.658722273
NAN_1,2569,PARTY,ภาคเหนือ,น่าน,1,น่าน-1,139889,91799,83071,4411,4317,0.656227437
NAN_2,2569,CONS,ภาคเหนือ,น่าน,2,น่าน-2,129646,93393,85752,3300,4341,0.720369313
NAN_2,2569,PARTY,ภาคเหนือ,น่าน,2,น่าน-2,129646,84587,77703,3785,3099,0.652445891
NAN_3,2569,CONS,ภาคเหนือ,น่าน,3,น่าน-3,119741,76667,67711,4982,3974,0.64027359
NAN_3,2569,PARTY,ภาคเหนือ,น่าน,3,น่าน-3,119741,76907,69495,4500,2912,0.642277917
PYO_1,2569,CONS,ภาคเหนือ,พะเยา,1,พะเยา-1,124910,85161,79430,2652,3079,0.681778881
PYO_1,2569,PARTY,ภาคเหนือ,พะเยา,1,พะเยา-1,124910,85086,80077,3339,1670,0.681178448
PYO_2,2569,CONS,ภาคเหนือ,พะเยา,2,พะเยา-2,127913,91717,84600,3837,3280,0.717026416
PYO_2,2569,PARTY,ภาคเหนือ,พะเยา,2,พะเยา-2,127913,91995,85819,4145,2031,0.719199769
PYO_3,2569,CONS,ภาคเหนือ,พะเยา,3,พะเยา-3,130330,84922,78118,4223,2581,0.651592112
PYO_3,2569,PARTY,ภาคเหนือ,พะเยา,3,พะเยา-3,130330,84400,77781,4841,1778,0.647586895
CRI_1,2569,CONS,ภาคเหนือ,เชียงราย,1,เชียงราย-1,141662,95437,86268,3284,5885,0.673695133
CRI_1,2569,PARTY,ภาคเหนือ,เชียงราย,1,เชียงราย-1,141662,95416,87216,4000,4200,0.673546893
CRI_2,2569,CONS,ภาคเหนือ,เชียงราย,2,เชียงราย-2,132701,94416,83181,5991,5244,0.711494262
CRI_2,2569,PARTY,ภาคเหนือ,เชียงราย,2,เชียงราย-2,132701,95184,86896,4782,3506,0.717281709
CRI_3,2569,CONS,ภาคเหนือ,เชียงราย,3,เชียงราย-3,139926,93836,81727,7793,4316,0.670611609
CRI_3,2569,PARTY,ภาคเหนือ,เชียงราย,3,เชียงราย-3,139926,93589,84693,5866,3030,0.66884639
CRI_4,2569,CONS,ภาคเหนือ,เชียงราย,4,เชียงราย-4,141667,93963,83575,5568,4820,0.663266675
CRI_4,2569,PARTY,ภาคเหนือ,เชียงราย,4,เชียงราย-4,141667,93649,86226,4486,2937,0.661050209
CRI_5,2569,CONS,ภาคเหนือ,เชียงราย,5,เชียงราย-5,132060,87285,80232,4253,2800,0.660949568
CRI_5,2569,PARTY,ภาคเหนือ,เชียงราย,5,เชียงราย-5,132060,87142,80715,3998,2429,0.659866727
CRI_6,2569,CONS,ภาคเหนือ,เชียงราย,6,เชียงราย-6,126632,80489,71873,4916,3700,0.635613431
CRI_6,2569,PARTY,ภาคเหนือ,เชียงราย,6,เชียงราย-6,126632,80471,73462,4286,2723,0.635471287
CRI_7,2569,CONS,ภาคเหนือ,เชียงราย,7,เชียงราย-7,134341,93070,84839,4242,3989,0.692789245
CRI_7,2569,PARTY,ภาคเหนือ,เชียงราย,7,เชียงราย-7,134341,93199,84443,5320,3436,0.693749488
MSN_1,2569,CONS,ภาคเหนือ,แม่ฮ่องสอน,1,แม่ฮ่องสอน-1,89158,64490,57809,3690,2991,0.723322641
MSN_1,2569,PARTY,ภาคเหนือ,แม่ฮ่องสอน,1,แม่ฮ่องสอน-1,89158,64530,59511,2860,2159,0.723771282
MSN_2,2569,CONS,ภาคเหนือ,แม่ฮ่องสอน,2,แม่ฮ่องสอน-2,96014,70279,63594,4990,1695,0.731966172
MSN_2,2569,PARTY,ภาคเหนือ,แม่ฮ่องสอน,2,แม่ฮ่องสอน-2,96014,70448,64648,4421,1379,0.733726332
NSN_1,2569,CONS,ภาคเหนือ,นครสวรรค์,1,นครสวรรค์-1,138721,86040,78454,3084,4502,0.620237743
NSN_1,2569,PARTY,ภาคเหนือ,นครสวรรค์,1,นครสวรรค์-1,138721,86649,79928,3539,3182,0.62462785
NSN_2,2569,CONS,ภาคเหนือ,นครสวรรค์,2,นครสวรรค์-2,137003,98220,91491,3671,3058,0.716918608
NSN_2,2569,PARTY,ภาคเหนือ,นครสวรรค์,2,นครสวรรค์-2,137003,98653,89926,5988,2739,0.720079122
NSN_3,2569,CONS,ภาคเหนือ,นครสวรรค์,3,นครสวรรค์-3,146633,90090,82091,4481,3518,0.614391031
NSN_3,2569,PARTY,ภาคเหนือ,นครสวรรค์,3,นครสวรรค์-3,146633,90009,80699,6178,3132,0.613838631
NSN_4,2569,CONS,ภาคเหนือ,นครสวรรค์,4,นครสวรรค์-4,139645,81319,73773,4857,2689,0.582326614
NSN_4,2569,PARTY,ภาคเหนือ,นครสวรรค์,4,นครสวรรค์-4,139645,81316,72871,6366,2079,0.582305131
NSN_5,2569,CONS,ภาคเหนือ,นครสวรรค์,5,นครสวรรค์-5,139426,83155,76762,3790,2603,0.596409565
NSN_5,2569,PARTY,ภาคเหนือ,นครสวรรค์,5,นครสวรรค์-5,139426,83627,74936,6055,2636,0.599794873
NSN_6,2569,CONS,ภาคเหนือ,นครสวรรค์,6,นครสวรรค์-6,136823,79946,75687,3107,1152,0.584302347
NSN_6,2569,PARTY,ภาคเหนือ,นครสวรรค์,6,นครสวรรค์-6,136823,80247,72327,6389,1531,0.586502269
UTI_1,2569,CONS,ภาคกลาง,อุทัยธานี,1,อุทัยธานี-1,127283,76586,69199,3026,4361,0.601698577
UTI_1,2569,PARTY,ภาคกลาง,อุทัยธานี,1,อุทัยธานี-1,127283,77015,70624,3681,2710,0.605069019
UTI_2,2569,CONS,ภาคกลาง,อุทัยธานี,2,อุทัยธานี-2,134558,76588,70874,3149,2565,0.569182063
UTI_2,2569,PARTY,ภาคกลาง,อุทัยธานี,2,อุทัยธานี-2,134558,75842,69702,4040,2100,0.563637985
KPT_1,2569,CONS,ภาคเหนือ,กำแพงเพชร,1,กำแพงเพชร-1,145121,90981,81527,4771,4683,0.626932008
KPT_1,2569,PARTY,ภาคเหนือ,กำแพงเพชร,1,กำแพงเพชร-1,145121,90618,81177,5911,3530,0.624430648
KPT_2,2569,CONS,ภาคเหนือ,กำแพงเพชร,2,กำแพงเพชร-2,147920,95492,88626,4344,2522,0.64556517
KPT_2,2569,PARTY,ภาคเหนือ,กำแพงเพชร,2,กำแพงเพชร-2,147920,95614,85607,7225,2782,0.646389941
KPT_3,2569,CONS,ภาคเหนือ,กำแพงเพชร,3,กำแพงเพชร-3,137789,79347,73216,3808,2323,0.575858741
KPT_3,2569,PARTY,ภาคเหนือ,กำแพงเพชร,3,กำแพงเพชร-3,137789,80036,71430,6244,2362,0.58085914
KPT_4,2569,CONS,ภาคเหนือ,กำแพงเพชร,4,กำแพงเพชร-4,138876,83456,77106,4008,2342,0.600938967
KPT_4,2569,PARTY,ภาคเหนือ,กำแพงเพชร,4,กำแพงเพชร-4,138876,83856,75473,6117,2266,0.603819234
TAK_1,2569,CONS,ภาคเหนือ,ตาก,1,ตาก-1,150617,92848,85145,3426,4277,0.616450998
TAK_1,2569,PARTY,ภาคเหนือ,ตาก,1,ตาก-1,150617,93104,83530,5771,3803,0.618150674
TAK_2,2569,CONS,ภาคเหนือ,ตาก,2,ตาก-2,129817,85013,58472,9037,17504,0.654868007
TAK_2,2569,PARTY,ภาคเหนือ,ตาก,2,ตาก-2,129817,85034,75065,5630,4339,0.655029773
TAK_3,2569,CONS,ภาคเหนือ,ตาก,3,ตาก-3,134880,87110,77793,6870,2447,0.645833333
TAK_3,2569,PARTY,ภาคเหนือ,ตาก,3,ตาก-3,134880,86939,78571,6310,2058,0.64456554
STI_1,2569,CONS,ภาคเหนือ,สุโขทัย,1,สุโขทัย-1,118292,75751,67017,3765,4969,0.640372975
STI_1,2569,PARTY,ภาคเหนือ,สุโขทัย,1,สุโขทัย-1,118292,75397,67515,4681,3201,0.637380381
STI_2,2569,CONS,ภาคเหนือ,สุโขทัย,2,สุโขทัย-2,118323,74441,67737,3470,3234,0.629133812
STI_2,2569,PARTY,ภาคเหนือ,สุโขทัย,2,สุโขทัย-2,118323,74286,67066,4968,2252,0.627823838
STI_3,2569,CONS,ภาคเหนือ,สุโขทัย,3,สุโขทัย-3,120591,73997,64923,4178,4896,0.61361959
STI_3,2569,PARTY,ภาคเหนือ,สุโขทัย,3,สุโขทัย-3,120591,74013,65669,5110,3234,0.61375227
STI_4,2569,CONS,ภาคเหนือ,สุโขทัย,4,สุโขทัย-4,120291,78373,74211,2678,1484,0.651528377
STI_4,2569,PARTY,ภาคเหนือ,สุโขทัย,4,สุโขทัย-4,120291,78725,72115,4898,1712,0.654454614
PLK_1,2569,CONS,ภาคเหนือ,พิษณุโลก,1,พิษณุโลก-1,139505,93310,84240,2929,6141,0.668864915
PLK_1,2569,PARTY,ภาคเหนือ,พิษณุโลก,1,พิษณุโลก-1,139505,93777,85822,3249,4706,0.672212466
PLK_2,2569,CONS,ภาคเหนือ,พิษณุโลก,2,พิษณุโลก-2,147454,89851,78499,4544,6808,0.609349356
PLK_2,2569,PARTY,ภาคเหนือ,พิษณุโลก,2,พิษณุโลก-2,147454,89812,80059,4897,4856,0.609084867
PLK_3,2569,CONS,ภาคเหนือ,พิษณุโลก,3,พิษณุโลก-3,142882,91272,84457,4011,2804,0.63879285
PLK_3,2569,PARTY,ภาคเหนือ,พิษณุโลก,3,พิษณุโลก-3,142882,90797,82129,6148,2520,0.635468428
PLK_4,2569,CONS,ภาคเหนือ,พิษณุโลก,4,พิษณุโลก-4,128190,89290,83907,3141,2242,0.696544192
PLK_4,2569,PARTY,ภาคเหนือ,พิษณุโลก,4,พิษณุโลก-4,128190,84628,77343,5236,2049,0.660176301
PLK_5,2569,CONS,ภาคเหนือ,พิษณุโลก,5,พิษณุโลก-5,132621,84963,78511,3963,2489,0.640645147
PLK_5,2569,PARTY,ภาคเหนือ,พิษณุโลก,5,พิษณุโลก-5,132621,90067,81674,5425,2968,0.679130756
PCT_1,2569,CONS,ภาคเหนือ,พิจิตร,1,พิจิตร-1,145533,94170,85110,4786,4274,0.647069737
PCT_1,2569,PARTY,ภาคเหนือ,พิจิตร,1,พิจิตร-1,145533,93693,84619,5921,3153,0.64379213
PCT_2,2569,CONS,ภาคเหนือ,พิจิตร,2,พิจิตร-2,140346,86367,78889,4109,3369,0.61538626
PCT_2,2569,PARTY,ภาคเหนือ,พิจิตร,2,พิจิตร-2,140346,86070,77636,5913,2521,0.613270061
PCT_3,2569,CONS,ภาคเหนือ,พิจิตร,3,พิจิตร-3,141664,89867,84781,3378,1708,0.634367235
PCT_3,2569,PARTY,ภาคเหนือ,พิจิตร,3,พิจิตร-3,141664,89475,81216,6339,1920,0.631600124
PNB_1,2569,CONS,ภาคเหนือ,เพชรบูรณ์,1,เพชรบูรณ์-1,131142,85013,77257,3480,4276,0.648251514
PNB_1,2569,PARTY,ภาคเหนือ,เพชรบูรณ์,1,เพชรบูรณ์-1,131142,84856,76949,4491,3416,0.647054338
PNB_2,2569,CONS,ภาคเหนือ,เพชรบูรณ์,2,เพชรบูรณ์-2,131081,89419,85482,2383,1554,0.682165989
PNB_2,2569,PARTY,ภาคเหนือ,เพชรบูรณ์,2,เพชรบูรณ์-2,131081,89277,81215,5614,2448,0.681082689
PNB_3,2569,CONS,ภาคเหนือ,เพชรบูรณ์,3,เพชรบูรณ์-3,126659,87766,81326,3469,2971,0.692931414
PNB_3,2569,PARTY,ภาคเหนือ,เพชรบูรณ์,3,เพชรบูรณ์-3,126659,81943,73706,5501,2736,0.646957579
PNB_4,2569,CONS,ภาคเหนือ,เพชรบูรณ์,4,เพชรบูรณ์-4,126127,68161,63294,2769,2098,0.540415613
PNB_4,2569,PARTY,ภาคเหนือ,เพชรบูรณ์,4,เพชรบูรณ์-4,126127,68127,61211,4987,1929,0.540146043
PNB_5,2569,CONS,ภาคเหนือ,เพชรบูรณ์,5,เพชรบูรณ์-5,133038,76316,68508,4831,2977,0.573640614
PNB_5,2569,PARTY,ภาคเหนือ,เพชรบูรณ์,5,เพชรบูรณ์-5,133038,76947,70081,4569,2297,0.57838362
PNB_6,2569,CONS,ภาคเหนือ,เพชรบูรณ์,6,เพชรบูรณ์-6,135294,86864,80626,3684,2554,0.642038819
PNB_6,2569,PARTY,ภาคเหนือ,เพชรบูรณ์,6,เพชรบูรณ์-6,135294,87195,78910,5904,2381,0.644485343
RBR_1,2569,CONS,ภาคกลาง,ราชบุรี,1,ราชบุรี-1,140137,100553,92238,3249,5066,0.717533556
RBR_1,2569,PARTY,ภาคกลาง,ราชบุรี,1,ราชบุรี-1,140137,100929,91166,4666,5097,0.720216645
RBR_2,2569,CONS,ภาคกลาง,ราชบุรี,2,ราชบุรี-2,136101,93773,83158,4636,5979,0.688995672
RBR_2,2569,PARTY,ภาคกลาง,ราชบุรี,2,ราชบุรี-2,136101,93974,82986,6020,4968,0.690472517
RBR_3,2569,CONS,ภาคกลาง,ราชบุรี,3,ราชบุรี-3,141093,101923,88792,5586,7545,0.722381692
RBR_3,2569,PARTY,ภาคกลาง,ราชบุรี,3,ราชบุรี-3,141093,104554,92856,6174,5524,0.741028967
RBR_4,2569,CONS,ภาคกลาง,ราชบุรี,4,ราชบุรี-4,140248,107655,102509,2688,2458,0.767604529
RBR_4,2569,PARTY,ภาคกลาง,ราชบุรี,4,ราชบุรี-4,140248,107518,97941,5523,4054,0.766627688
RBR_5,2569,CONS,ภาคกลาง,ราชบุรี,5,ราชบุรี-5,133947,105963,100421,2915,2627,0.791081547
RBR_5,2569,PARTY,ภาคกลาง,ราชบุรี,5,ราชบุรี-5,133947,105391,96121,5839,3431,0.786811201
KRI_1,2569,CONS,ภาคกลาง,กาญจนบุรี,1,กาญจนบุรี-1,133196,83288,73953,3275,6060,0.625304063
KRI_1,2569,PARTY,ภาคกลาง,กาญจนบุรี,1,กาญจนบุรี-1,133196,83196,74462,4211,4523,0.624613352
KRI_2,2569,CONS,ภาคกลาง,กาญจนบุรี,2,กาญจนบุรี-2,131663,95234,89841,2700,2693,0.723316346
KRI_2,2569,PARTY,ภาคกลาง,กาญจนบุรี,2,กาญจนบุรี-2,131663,95339,86569,5400,3370,0.724113836
KRI_3,2569,CONS,ภาคกลาง,กาญจนบุรี,3,กาญจนบุรี-3,136011,103855,98519,3334,2002,0.763577946
KRI_3,2569,PARTY,ภาคกลาง,กาญจนบุรี,3,กาญจนบุรี-3,136011,103776,94769,6023,2984,0.762997111
KRI_4,2569,CONS,ภาคกลาง,กาญจนบุรี,4,กาญจนบุรี-4,133796,88244,78184,5324,4736,0.659541391
KRI_4,2569,PARTY,ภาคกลาง,กาญจนบุรี,4,กาญจนบุรี-4,133796,87903,77112,7163,3628,0.656992735
KRI_5,2569,CONS,ภาคกลาง,กาญจนบุรี,5,กาญจนบุรี-5,122620,84602,78787,3951,1864,0.689952699
KRI_5,2569,PARTY,ภาคกลาง,กาญจนบุรี,5,กาญจนบุรี-5,122620,84498,77234,5209,2055,0.689104551
SPB_1,2569,CONS,ภาคกลาง,สุพรรณบุรี,1,สุพรรณบุรี-1,135381,93571,86542,2835,4194,0.691167889
SPB_1,2569,PARTY,ภาคกลาง,สุพรรณบุรี,1,สุพรรณบุรี-1,135381,93905,85865,4598,3442,0.693635
SPB_2,2569,CONS,ภาคกลาง,สุพรรณบุรี,2,สุพรรณบุรี-2,129576,81735,75617,3138,2980,0.630788109
SPB_2,2569,PARTY,ภาคกลาง,สุพรรณบุรี,2,สุพรรณบุรี-2,129576,81770,75133,3927,2710,0.631058221
SPB_3,2569,CONS,ภาคกลาง,สุพรรณบุรี,3,สุพรรณบุรี-3,130523,102367,97262,3251,1854,0.78428323
SPB_3,2569,PARTY,ภาคกลาง,สุพรรณบุรี,3,สุพรรณบุรี-3,130523,101561,92656,6260,2645,0.778108073
SPB_4,2569,CONS,ภาคกลาง,สุพรรณบุรี,4,สุพรรณบุรี-4,137456,90899,82984,4344,3571,0.661295251
SPB_4,2569,PARTY,ภาคกลาง,สุพรรณบุรี,4,สุพรรณบุรี-4,137456,89774,81299,5849,2626,0.653110814
SPB_5,2569,CONS,ภาคกลาง,สุพรรณบุรี,5,สุพรรณบุรี-5,144799,103370,93764,4373,5233,0.713886146
SPB_5,2569,PARTY,ภาคกลาง,สุพรรณบุรี,5,สุพรรณบุรี-5,144799,100424,90953,5644,3827,0.693540701
NPT_1,2569,CONS,ภาคกลาง,นครปฐม,1,นครปฐม-1,129731,94083,86379,3320,4384,0.725216024
NPT_1,2569,PARTY,ภาคกลาง,นครปฐม,1,นครปฐม-1,129731,93617,85889,3866,3862,0.721623976
NPT_2,2569,CONS,ภาคกลาง,นครปฐม,2,นครปฐม-2,120935,87430,80340,2337,4753,0.722950345
NPT_2,2569,PARTY,ภาคกลาง,นครปฐม,2,นครปฐม-2,120935,88179,79917,3935,4327,0.729143755
NPT_3,2569,CONS,ภาคกลาง,นครปฐม,3,นครปฐม-3,119352,88544,81114,3012,4418,0.74187278
NPT_3,2569,PARTY,ภาคกลาง,นครปฐม,3,นครปฐม-3,119352,88261,80021,4400,3840,0.739501642
NPT_4,2569,CONS,ภาคกลาง,นครปฐม,4,นครปฐม-4,128771,97530,90925,3415,3190,0.757391027
NPT_4,2569,PARTY,ภาคกลาง,นครปฐม,4,นครปฐม-4,128771,97652,89737,4788,3127,0.758338446
NPT_5,2569,CONS,ภาคกลาง,นครปฐม,5,นครปฐม-5,131195,101823,94796,2765,4262,0.776119517
NPT_5,2569,PARTY,ภาคกลาง,นครปฐม,5,นครปฐม-5,131195,101962,93984,4264,3714,0.777179008
NPT_6,2569,CONS,ภาคกลาง,นครปฐม,6,นครปฐม-6,126887,91420,84243,2268,4909,0.72048358
NPT_6,2569,PARTY,ภาคกลาง,นครปฐม,6,นครปฐม-6,126887,91362,85426,2733,3203,0.72002648
SKN_1,2569,CONS,ปริมณฑล,สมุทรสาคร,1,สมุทรสาคร-1,119393,81449,74838,2245,4366,0.682192423
SKN_1,2569,PARTY,ปริมณฑล,สมุทรสาคร,1,สมุทรสาคร-1,119393,81442,76409,2379,2654,0.682133793
SKN_2,2569,CONS,ปริมณฑล,สมุทรสาคร,2,สมุทรสาคร-2,119061,78260,71371,2950,3939,0.657310118
SKN_2,2569,PARTY,ปริมณฑล,สมุทรสาคร,2,สมุทรสาคร-2,119061,78294,72506,2934,2854,0.657595686
SKN_3,2569,CONS,ปริมณฑล,สมุทรสาคร,3,สมุทรสาคร-3,111965,76102,69723,2905,3474,0.679694547
SKN_3,2569,PARTY,ปริมณฑล,สมุทรสาคร,3,สมุทรสาคร-3,111965,75424,70641,2325,2458,0.673639084
SKN_4,2569,CONS,ปริมณฑล,สมุทรสาคร,4,สมุทรสาคร-4,112305,78492,72534,2462,3496,0.698918125
SKN_4,2569,PARTY,ปริมณฑล,สมุทรสาคร,4,สมุทรสาคร-4,112305,78491,71505,3938,3048,0.69890922
SKM_1,2569,CONS,ภาคกลาง,สมุทรสงคราม,1,สมุทรสงคราม-1,156265,107475,96695,4271,6509,0.687773974
SKM_1,2569,PARTY,ภาคกลาง,สมุทรสงคราม,1,สมุทรสงคราม-1,156265,106789,97039,4762,4988,0.683383995
PBI_1,2569,CONS,ภาคกลาง,เพชรบุรี,1,เพชรบุรี-1,125505,91664,82833,3637,5194,0.73036134
PBI_1,2569,PARTY,ภาคกลาง,เพชรบุรี,1,เพชรบุรี-1,125505,91842,83337,4527,3978,0.73177961
PBI_2,2569,CONS,ภาคกลาง,เพชรบุรี,2,เพชรบุรี-2,139326,97843,88789,4380,4674,0.702259449
PBI_2,2569,PARTY,ภาคกลาง,เพชรบุรี,2,เพชรบุรี-2,139326,97439,88381,5333,3725,0.699359775
PBI_3,2569,CONS,ภาคกลาง,เพชรบุรี,3,เพชรบุรี-3,131557,96326,88653,3580,4093,0.732199731
PBI_3,2569,PARTY,ภาคกลาง,เพชรบุรี,3,เพชรบุรี-3,131557,96040,86582,5482,3976,0.730025768
PKN_1,2569,CONS,ภาคกลาง,ประจวบคีรีขันธ์,1,ประจวบคีรีขันธ์-1,152840,107354,102079,3127,2148,0.702394661
PKN_1,2569,PARTY,ภาคกลาง,ประจวบคีรีขันธ์,1,ประจวบคีรีขันธ์-1,152840,107597,98019,6600,2978,0.703984559
PKN_2,2569,CONS,ภาคกลาง,ประจวบคีรีขันธ์,2,ประจวบคีรีขันธ์-2,146369,98341,91568,2591,4182,0.67187041
PKN_2,2569,PARTY,ภาคกลาง,ประจวบคีรีขันธ์,2,ประจวบคีรีขันธ์-2,146369,98588,90948,4368,3272,0.673557926
PKN_3,2569,CONS,ภาคกลาง,ประจวบคีรีขันธ์,3,ประจวบคีรีขันธ์-3,138975,93201,88822,2411,1968,0.670631409
PKN_3,2569,PARTY,ภาคกลาง,ประจวบคีรีขันธ์,3,ประจวบคีรีขันธ์-3,138975,93262,86747,4621,1894,0.671070336
NST_1,2569,CONS,ภาคใต้,นครศรีธรรมราช,1,นครศรีธรรมราช-1,132977,94153,86467,2897,4789,0.708039736
NST_1,2569,PARTY,ภาคใต้,นครศรีธรรมราช,1,นครศรีธรรมราช-1,132977,94153,88823,3015,2315,0.708039736
NST_2,2569,CONS,ภาคใต้,นครศรีธรรมราช,2,นครศรีธรรมราช-2,141830,89774,82018,2663,5093,0.632969047
NST_2,2569,PARTY,ภาคใต้,นครศรีธรรมราช,2,นครศรีธรรมราช-2,141830,89719,84211,3387,2121,0.632581259
NST_3,2569,CONS,ภาคใต้,นครศรีธรรมราช,3,นครศรีธรรมราช-3,133623,92797,87884,2548,2365,0.694468767
NST_3,2569,PARTY,ภาคใต้,นครศรีธรรมราช,3,นครศรีธรรมราช-3,133623,92849,88398,3286,1165,0.694857921
NST_4,2569,CONS,ภาคใต้,นครศรีธรรมราช,4,นครศรีธรรมราช-4,135857,97264,91448,2248,3568,0.715929249
NST_4,2569,PARTY,ภาคใต้,นครศรีธรรมราช,4,นครศรีธรรมราช-4,135857,97635,92861,3174,1600,0.718660062
NST_5,2569,CONS,ภาคใต้,นครศรีธรรมราช,5,นครศรีธรรมราช-5,140284,95930,90593,1882,3455,0.683827094
NST_5,2569,PARTY,ภาคใต้,นครศรีธรรมราช,5,นครศรีธรรมราช-5,140284,95690,90427,2910,2353,0.682116278
NST_6,2569,CONS,ภาคใต้,นครศรีธรรมราช,6,นครศรีธรรมราช-6,134534,99138,94424,1908,2806,0.736899223
NST_6,2569,PARTY,ภาคใต้,นครศรีธรรมราช,6,นครศรีธรรมราช-6,134534,98935,94341,3058,1536,0.73539031
NST_7,2569,CONS,ภาคใต้,นครศรีธรรมราช,7,นครศรีธรรมราช-7,136717,94953,79236,4910,10807,0.694522261
NST_7,2569,PARTY,ภาคใต้,นครศรีธรรมราช,7,นครศรีธรรมราช-7,136717,94986,87562,3577,3847,0.694763636
NST_8,2569,CONS,ภาคใต้,นครศรีธรรมราช,8,นครศรีธรรมราช-8,136225,91568,84919,2458,4191,0.672182052
NST_8,2569,PARTY,ภาคใต้,นครศรีธรรมราช,8,นครศรีธรรมราช-8,136225,91954,86508,3426,2020,0.675015599
NST_9,2569,CONS,ภาคใต้,นครศรีธรรมราช,9,นครศรีธรรมราช-9,139759,78608,73792,2107,2709,0.562453939
NST_9,2569,PARTY,ภาคใต้,นครศรีธรรมราช,9,นครศรีธรรมราช-9,139759,78998,75167,2519,1312,0.565244457
KBI_1,2569,CONS,ภาคใต้,กระบี่,1,กระบี่-1,128642,92613,85607,2599,4407,0.719928173
KBI_1,2569,PARTY,ภาคใต้,กระบี่,1,กระบี่-1,128642,92607,86827,3254,2526,0.719881532
KBI_2,2569,CONS,ภาคใต้,กระบี่,2,กระบี่-2,117651,78537,72047,2435,4055,0.667542137
KBI_2,2569,PARTY,ภาคใต้,กระบี่,2,กระบี่-2,117651,78612,74067,2804,1741,0.668179616
KBI_3,2569,CONS,ภาคใต้,กระบี่,3,กระบี่-3,124285,89805,83341,2749,3715,0.722573118
KBI_3,2569,PARTY,ภาคใต้,กระบี่,3,กระบี่-3,124285,85728,80838,3064,1826,0.689769481
PNA_1,2569,CONS,ภาคใต้,พังงา,1,พังงา-1,100343,71143,63519,2801,4823,0.708998136
PNA_1,2569,PARTY,ภาคใต้,พังงา,1,พังงา-1,100343,70875,66088,2506,2281,0.706327297
PNA_2,2569,CONS,ภาคใต้,พังงา,2,พังงา-2,110773,79386,72114,2717,4555,0.71665478
PNA_2,2569,PARTY,ภาคใต้,พังงา,2,พังงา-2,110773,79699,73698,3212,2789,0.719480379
PKT_1,2569,CONS,ภาคใต้,ภูเก็ต,1,ภูเก็ต-1,103980,69548,63373,1873,4302,0.668859396
PKT_1,2569,PARTY,ภาคใต้,ภูเก็ต,1,ภูเก็ต-1,103980,69682,65680,1894,2108,0.670148105
PKT_2,2569,CONS,ภาคใต้,ภูเก็ต,2,ภูเก็ต-2,108376,64503,56918,2751,4834,0.595177899
PKT_2,2569,PARTY,ภาคใต้,ภูเก็ต,2,ภูเก็ต-2,108376,64673,60460,1772,2441,0.596746512
PKT_3,2569,CONS,ภาคใต้,ภูเก็ต,3,ภูเก็ต-3,117792,78539,71837,2035,4667,0.666760052
PKT_3,2569,PARTY,ภาคใต้,ภูเก็ต,3,ภูเก็ต-3,117792,78512,73235,2218,3059,0.666530834
SNI_1,2569,CONS,ภาคใต้,สุราษฎร์ธานี,1,สุราษฎร์ธานี-1,117090,78164,71708,1540,4916,0.667554872
SNI_1,2569,PARTY,ภาคใต้,สุราษฎร์ธานี,1,สุราษฎร์ธานี-1,117090,78024,74116,1540,2368,0.666359211
SNI_2,2569,CONS,ภาคใต้,สุราษฎร์ธานี,2,สุราษฎร์ธานี-2,119683,79103,74539,1997,2567,0.660937644
SNI_2,2569,PARTY,ภาคใต้,สุราษฎร์ธานี,2,สุราษฎร์ธานี-2,119683,79119,74910,2596,1613,0.66107133
SNI_3,2569,CONS,ภาคใต้,สุราษฎร์ธานี,3,สุราษฎร์ธานี-3,120055,90149,84850,2117,3182,0.750897505
SNI_3,2569,PARTY,ภาคใต้,สุราษฎร์ธานี,3,สุราษฎร์ธานี-3,120055,89552,84794,2888,1870,0.745924784
SNI_4,2569,CONS,ภาคใต้,สุราษฎร์ธานี,4,สุราษฎร์ธานี-4,123380,90904,87059,1747,2098,0.736780678
SNI_4,2569,PARTY,ภาคใต้,สุราษฎร์ธานี,4,สุราษฎร์ธานี-4,123380,90642,86556,2676,1410,0.734657157
SNI_5,2569,CONS,ภาคใต้,สุราษฎร์ธานี,5,สุราษฎร์ธานี-5,121866,86036,81493,1968,2575,0.705988545
SNI_5,2569,PARTY,ภาคใต้,สุราษฎร์ธานี,5,สุราษฎร์ธานี-5,121866,85724,81295,2891,1538,0.703428356
SNI_6,2569,CONS,ภาคใต้,สุราษฎร์ธานี,6,สุราษฎร์ธานี-6,125055,95993,92171,2114,1708,0.767606253
SNI_6,2569,PARTY,ภาคใต้,สุราษฎร์ธานี,6,สุราษฎร์ธานี-6,125055,96016,91391,3297,1328,0.767790172
SNI_7,2569,CONS,ภาคใต้,สุราษฎร์ธานี,7,สุราษฎร์ธานี-7,120277,91636,87232,1872,2532,0.761874673
SNI_7,2569,PARTY,ภาคใต้,สุราษฎร์ธานี,7,สุราษฎร์ธานี-7,120277,91007,86681,2598,1728,0.756645078
RNG_1,2569,CONS,ภาคใต้,ระนอง,1,ระนอง-1,143314,91488,79569,4533,7386,0.638374478
RNG_1,2569,PARTY,ภาคใต้,ระนอง,1,ระนอง-1,143314,91420,84949,3532,2939,0.637899996
CPN_1,2569,CONS,ภาคใต้,ชุมพร,1,ชุมพร-1,137056,97935,90574,2321,5040,0.714561931
CPN_1,2569,PARTY,ภาคใต้,ชุมพร,1,ชุมพร-1,137056,92241,87047,2883,2311,0.673016869
CPN_2,2569,CONS,ภาคใต้,ชุมพร,2,ชุมพร-2,136820,102097,95961,2554,3582,0.746214004
CPN_2,2569,PARTY,ภาคใต้,ชุมพร,2,ชุมพร-2,136820,102297,96521,3562,2214,0.747675778
CPN_3,2569,CONS,ภาคใต้,ชุมพร,3,ชุมพร-3,135755,92854,86974,2453,3427,0.683982174
CPN_3,2569,PARTY,ภาคใต้,ชุมพร,3,ชุมพร-3,135755,93463,88446,3062,1955,0.688468196
SKA_1,2569,CONS,ภาคใต้,สงขลา,1,สงขลา-1,128331,91651,81854,2732,7065,0.714176621
SKA_1,2569,PARTY,ภาคใต้,สงขลา,1,สงขลา-1,128331,91732,85442,2870,3420,0.714807802
SKA_2,2569,CONS,ภาคใต้,สงขลา,2,สงขลา-2,108657,78433,74548,1341,2544,0.721840286
SKA_2,2569,PARTY,ภาคใต้,สงขลา,2,สงขลา-2,108657,78976,75197,1740,2039,0.726837663
SKA_3,2569,CONS,ภาคใต้,สงขลา,3,สงขลา-3,133721,100559,88538,3169,8852,0.752006042
SKA_3,2569,PARTY,ภาคใต้,สงขลา,3,สงขลา-3,133721,100052,94210,2604,3238,0.748214566
SKA_4,2569,CONS,ภาคใต้,สงขลา,4,สงขลา-4,126692,97257,91837,2541,2879,0.767664888
SKA_4,2569,PARTY,ภาคใต้,สงขลา,4,สงขลา-4,126692,97341,91970,3757,1614,0.768327913
SKA_5,2569,CONS,ภาคใต้,สงขลา,5,สงขลา-5,129751,96006,86388,3632,5986,0.739924933
SKA_5,2569,PARTY,ภาคใต้,สงขลา,5,สงขลา-5,129751,95881,89789,3694,2398,0.738961549
SKA_6,2569,CONS,ภาคใต้,สงขลา,6,สงขลา-6,116166,84207,79919,2151,2137,0.724885078
SKA_6,2569,PARTY,ภาคใต้,สงขลา,6,สงขลา-6,116166,87824,83177,2920,1727,0.756021555
SKA_7,2569,CONS,ภาคใต้,สงขลา,7,สงขลา-7,123182,93908,88484,2638,2786,0.762351642
SKA_7,2569,PARTY,ภาคใต้,สงขลา,7,สงขลา-7,123182,93285,87868,3807,1610,0.757294085
SKA_8,2569,CONS,ภาคใต้,สงขลา,8,สงขลา-8,120448,89009,84220,2252,2537,0.738982798
SKA_8,2569,PARTY,ภาคใต้,สงขลา,8,สงขลา-8,120448,89598,84452,3562,1584,0.743872875
SKA_9,2569,CONS,ภาคใต้,สงขลา,9,สงขลา-9,135999,103560,94271,2983,6306,0.761476187
SKA_9,2569,PARTY,ภาคใต้,สงขลา,9,สงขลา-9,135999,103300,97646,2911,2743,0.759564409
STN_1,2569,CONS,ภาคใต้,สตูล,1,สตูล-1,116873,83817,77080,2382,4355,0.717163074
STN_1,2569,PARTY,ภาคใต้,สตูล,1,สตูล-1,116873,78978,72928,3350,2700,0.675759157
STN_2,2569,CONS,ภาคใต้,สตูล,2,สตูล-2,129553,89219,81300,2930,4989,0.688667958
STN_2,2569,PARTY,ภาคใต้,สตูล,2,สตูล-2,129553,88942,82926,3261,2755,0.686529837
TRG_1,2569,CONS,ภาคใต้,ตรัง,1,ตรัง-1,124216,94152,85931,2037,6184,0.757969988
TRG_1,2569,PARTY,ภาคใต้,ตรัง,1,ตรัง-1,124216,94078,88408,2440,3230,0.757374251
TRG_2,2569,CONS,ภาคใต้,ตรัง,2,ตรัง-2,132487,90495,85379,2031,3085,0.683048148
TRG_2,2569,PARTY,ภาคใต้,ตรัง,2,ตรัง-2,132487,90925,86117,2790,2018,0.68629375
TRG_3,2569,CONS,ภาคใต้,ตรัง,3,ตรัง-3,125342,84202,78119,2211,3872,0.671778015
TRG_3,2569,PARTY,ภาคใต้,ตรัง,3,ตรัง-3,125342,89672,84712,2650,2310,0.715418615
TRG_4,2569,CONS,ภาคใต้,ตรัง,4,ตรัง-4,128358,94316,88725,2009,3582,0.734788638
TRG_4,2569,PARTY,ภาคใต้,ตรัง,4,ตรัง-4,128358,94639,89831,2747,2061,0.737305037
PLG_1,2569,CONS,ภาคใต้,พัทลุง,1,พัทลุง-1,134471,109161,104290,1918,2953,0.811780979
PLG_1,2569,PARTY,ภาคใต้,พัทลุง,1,พัทลุง-1,134471,100740,95883,3086,1771,0.749157811
PLG_2,2569,CONS,ภาคใต้,พัทลุง,2,พัทลุง-2,144593,116111,111116,2277,2718,0.80301951
PLG_2,2569,PARTY,ภาคใต้,พัทลุง,2,พัทลุง-2,144593,108666,103725,3431,1510,0.751530157
PLG_3,2569,CONS,ภาคใต้,พัทลุง,3,พัทลุง-3,143629,104566,97977,2990,3599,0.728028462
PLG_3,2569,PARTY,ภาคใต้,พัทลุง,3,พัทลุง-3,143629,104788,99698,3405,1685,0.729574111
PTN_2,2569,CONS,ภาคใต้,ปัตตานี,2,ปัตตานี-2,110681,77256,71930,2713,2613,0.698005981
PTN_2,2569,PARTY,ภาคใต้,ปัตตานี,2,ปัตตานี-2,110681,74403,68811,4110,1482,0.672229199
PTN_1,2569,CONS,ภาคใต้,ปัตตานี,1,ปัตตานี-1,95605,65876,61645,1946,2285,0.68904346
PTN_1,2569,PARTY,ภาคใต้,ปัตตานี,1,ปัตตานี-1,95605,70249,65277,3061,1911,0.734783746
PTN_3,2569,CONS,ภาคใต้,ปัตตานี,3,ปัตตานี-3,99188,65167,61194,2490,1483,0.65700488
PTN_3,2569,PARTY,ภาคใต้,ปัตตานี,3,ปัตตานี-3,99188,65065,60486,3546,1033,0.655976529
PTN_4,2569,CONS,ภาคใต้,ปัตตานี,4,ปัตตานี-4,110256,75911,72987,2003,921,0.688497678
PTN_4,2569,PARTY,ภาคใต้,ปัตตานี,4,ปัตตานี-4,110256,79021,73987,3881,1153,0.71670476
PTN_5,2569,CONS,ภาคใต้,ปัตตานี,5,ปัตตานี-5,109944,70160,65636,2953,1571,0.638143055
PTN_5,2569,PARTY,ภาคใต้,ปัตตานี,5,ปัตตานี-5,109944,69928,64704,4158,1066,0.636032889
YLA_1,2569,CONS,ภาคใต้,ยะลา,1,ยะลา-1,130145,88642,81366,2802,4474,0.681101848
YLA_1,2569,PARTY,ภาคใต้,ยะลา,1,ยะลา-1,130145,88237,81371,3854,3012,0.677989934
YLA_2,2569,CONS,ภาคใต้,ยะลา,2,ยะลา-2,134276,91925,83338,4990,3597,0.684597396
YLA_2,2569,PARTY,ภาคใต้,ยะลา,2,ยะลา-2,134276,88671,81362,5405,1904,0.660363728
YLA_3,2569,CONS,ภาคใต้,ยะลา,3,ยะลา-3,131444,91113,82807,3987,4319,0.693169715
YLA_3,2569,PARTY,ภาคใต้,ยะลา,3,ยะลา-3,131444,91135,83888,4584,2663,0.693337087
NWT_1,2569,CONS,ภาคใต้,นราธิวาส,1,นราธิวาส-1,129176,92477,87148,2606,2723,0.715899238
NWT_1,2569,PARTY,ภาคใต้,นราธิวาส,1,นราธิวาส-1,129176,94977,87157,5586,2234,0.735252679
NWT_2,2569,CONS,ภาคใต้,นราธิวาส,2,นราธิวาส-2,113221,72507,65516,3258,3733,0.640402399
NWT_2,2569,PARTY,ภาคใต้,นราธิวาส,2,นราธิวาส-2,113221,70414,63801,4683,1930,0.621916429
NWT_3,2569,CONS,ภาคใต้,นราธิวาส,3,นราธิวาส-3,112323,82161,78576,2392,1193,0.731470847
NWT_3,2569,PARTY,ภาคใต้,นราธิวาส,3,นราธิวาส-3,112323,75240,69801,4632,807,0.669853903
NWT_4,2569,CONS,ภาคใต้,นราธิวาส,4,นราธิวาส-4,116961,81814,78570,2228,1016,0.699498123
NWT_4,2569,PARTY,ภาคใต้,นราธิวาส,4,นราธิวาส-4,116961,82112,76708,4431,973,0.702045981
NWT_5,2569,CONS,ภาคใต้,นราธิวาส,5,นราธิวาส-5,125363,84877,80626,2854,1397,0.677049847
NWT_5,2569,PARTY,ภาคใต้,นราธิวาส,5,นราธิวาส-5,125363,85228,78867,5196,1165,0.679849716
